order_city,order_country,dest_latitude,dest_longitude
Viena,Austria,48.2083537,16.3725042
Buenos Aires,Argentina,-34.6083696,-58.4440583
Bruges,Belgium,51.2085526,3.226772
Rancagua,Chile,-34.1702433,-70.740718
New York City,United States,40.7127281,-74.0060152
Shelton,United States,41.3164856,-73.0931641
Denizli,Turkey,37.8275892,29.2389539
Kita-ku,Japan,34.712209,135.50565
Normal,United States,40.5092961,-88.9843937
Lagos de Moreno,Mexico,21.5330301,-101.8199571
Miramas,France,43.582733,5.0025809
Yantai,China,37.461928,121.4425255
Morelia,Mexico,19.6546004,-101.2623797
Lille,France,50.6365654,3.0635282
Melbourne,Australia,-37.8142454,144.9631732
Shenzhen,China,22.5445741,114.0545429
Choluteca,Honduras,13.3714203,-87.0713958
Toledo,United States,41.6529143,-83.5378173
Tegucigalpa,Honduras,14.1057433,-87.2040052
Los Angeles,United States,34.0536909,-118.242766
Warangal,India,17.9820644,79.5970954
Benevento,Italy,41.2476307,14.7057054
Manila,Filipinas,14.5904492,120.9803621
Istanbul,Turkey,41.006381,28.9758715
Londrina,Brazil,-23.3112878,-51.1595023
Tlalnepantla,Mexico,19.0297838,-98.9858196
Saskatoon,Canada,52.131802,-106.660767
Panama City,Panama,8.9714493,-79.5341802
Philadelphia,United States,39.9527237,-75.1635262
Natal,Brazil,-5.805398,-35.2080905
Pitesti,Romania,44.8572343,24.8719422
La Vega,Dominican Republic,19.0311497,-70.7274246
Aprilia,Italy,41.5942016,12.6485765
Berlin,Germany,52.510885,13.3989367
Delhi,India,28.6328027,77.2197713
Bogota,Colombia,4.653384,-74.0836332
Cartagena,Colombia,10.4265566,-75.5441671
Gdynia,Poland,54.5233304,18.6040279
Cajazeiras,Brazil,-6.8897849,-38.5570389
Loum,Cameroon,4.7200545,9.7274994
Heerlen,Netherlands,50.8775239,5.9815066
Tanga,Tanzania,-5.202134,38.2275548
Murfreesboro,United States,35.8460396,-86.3921096
Fort Worth,United States,32.753177,-97.3327459
Oldenburg,Germany,53.1389753,8.2146017
Dijon,France,47.3215806,5.0414701
Managua,Nicaragua,12.1544035,-86.2737642
Portmore,Jamaica,17.9717917,-76.8738048
Allentown,United States,40.6022059,-75.4712794
Gennevilliers,France,48.9254221,2.2940122
Lower Hutt,New Zealand,-41.2125751,174.9057626
Tokio,Japan,35.6768601,139.7638947
Venice,Italy,45.4371908,12.3345898
Lunel,France,43.6745265,4.1348062
Santo Domingo,Dominican Republic,18.4801972,-69.942111
Cagua,Venezuela,10.1796632,-67.4606765
Ipswich,United Kingdom,52.0579324,1.1528095
Columbus,United States,39.9622601,-83.0007065
Puerto La Cruz,Venezuela,10.2028617,-64.6307626
Cairo,Egypt,30.0443879,31.2357257
Neunkirchen,Germany,50.5456179,8.1025344
Lanzhou,China,36.474436,103.733224
Vitry-sur-Seine,France,48.7876,2.39164
Toowoomba,Australia,-27.5610193,151.953351
Glasgow,United Kingdom,55.861155,-4.2501687
Delft,Netherlands,51.9994572,4.3627245
Tulancingo,Mexico,20.0839585,-98.3635381
Lodz,Poland,51.7728245,19.4784857
Nueva Gerona,Cuba,21.884696,-82.8038411
Medan,Indonesia,3.5894617,98.6741623
Carrefour,Haiti,18.5345373,-72.4092495
Kassel,Germany,51.3157833,9.4978479
Gronau,Germany,52.0843618,9.7754675
Saint-Laurent-du-Var,France,43.6690101,7.1906969
San Pedro Sula,Honduras,15.5062156,-88.0248937
Owensboro,United States,37.7742152,-87.1133304
San Pedro de Macoris,Dominican Republic,18.6078948,-69.4885492
Raipur,India,21.2380912,81.6336993
Korla,China,41.673238,85.716234
Southampton,United Kingdom,50.9025349,-1.404189
Euskirchen,Germany,50.6612623,6.7871219
Saint-Michel-sur-Orge,France,48.6302735,2.3027478
Jacksonville,United States,30.3321838,-81.655651
Xuzhou,China,34.2665258,117.1810431
Perth,Australia,-31.9558967,115.8605784
Nom Pen,Camboya,11.568271,104.9224426
Chelyabinsk,Russia,55.1559312,61.4012726
Pontes e Lacerda,Brazil,-15.2315171,-59.3349512
Pforzheim,Germany,48.890934,8.7025509
London,United Kingdom,51.5074456,-0.1277653
San Salvador,El Salvador,13.6989939,-89.1914249
Ghent,Belgium,51.0538286,3.7250121
Vernon,France,49.0932008,1.4857205
Indaiatuba,Brazil,-23.0908356,-47.2180677
Magdeburg,Germany,52.1314783,11.6400789
Sakaka,Saudi Arabia,29.9784008,40.2047701
Leon,Nicaragua,12.3021275,-86.9679698
Athis-Mons,France,48.7079878,2.3888044
Beni Suef,Egypt,28.8382688,30.8544768
Surabaya,Indonesia,-7.2462836,112.7377674
Guadalajara,Mexico,20.6720375,-103.338396
Villejuif,France,48.7921098,2.3633048
Saltillo,Mexico,25.4230425,-100.9927509
Bishkek,Kyrgyzstan,42.8761424,74.6036724
Wakefield,United Kingdom,53.6829541,-1.4967286
Imola,Italy,44.3535145,11.7141233
Annaba,Argelia,36.8982165,7.7549272
Des Moines,United States,41.5868654,-93.6249494
Osh,Kyrgyzstan,40.1578662,73.3634952
Reims,France,49.2577886,4.031926
Lakeland,United States,28.0394654,-81.9498042
Brisbane,Australia,-27.4689623,153.0235009
Khorramabad,Iran,33.4842109,48.3538276
Granada,Spain,37.1734995,-3.5995337
Stoke-on-Trent,United Kingdom,53.0162014,-2.1812607
Santo Andre,Brazil,-23.6533509,-46.5279039
Sydney,Australia,-33.8698439,151.2082848
Seattle,United States,47.6038321,-122.330062
Valenzuela,Filipinas,14.6916903,120.9694534
Khouribga,Morocco,32.8856482,-6.908798
Quixada,Brazil,-4.9706021,-39.0158403
San Francisco de Macoris,Dominican Republic,19.2972812,-70.2533206
Nanning,China,22.8193063,108.3627211
Kabul,Afghanistan,34.5266431,69.1849082
Auch,France,43.6463558,0.5850507
Yakarta,Indonesia,-6.1754049,106.827168
Grigny,France,50.3856239,2.065831
San Luis Potosi,Mexico,22.5000001,-100.4949145
Baia Mare,Romania,47.6565584,23.5719843
La Romana,Dominican Republic,18.4230137,-68.9661104
Hamburgo,Germany,53.550341,10.000654
Lagos,Nigeria,6.4550575,3.3941795
San Jose de las Lajas,Cuba,22.9613562,-82.1518012
Nowra,Australia,-34.8741198,150.6004709
Stellenbosch,South Africa,-33.934444,18.869167
San Francisco,United States,37.7792588,-122.4193286
Shihezi,China,44.2988343,86.0776475
Kendari,Indonesia,-3.9918068,122.5180066
Kupang,Indonesia,-10.1632209,123.6017755
Reus,Spain,41.1555564,1.1076133
Dortmund,Germany,51.5142273,7.4652789
Moncalieri,Italy,45.0004614,7.6847543
Buffalo Grove,United States,42.1544205,-87.9589621
Paderborn,Germany,51.7177044,8.752653
Bunbury,Australia,-33.3267797,115.636698
Gilbert,United States,33.3527632,-111.789037
Noisy-le-Sec,France,48.8897751,2.4516055
Riyadh,Saudi Arabia,23.333333,45.333333
Houston,United States,29.7589382,-95.3676974
Northampton,United Kingdom,52.2343297,-0.902805
Cesena,Italy,44.136352,12.2422442
Torre del Greco,Italy,40.7879211,14.3682813
Oklahoma City,United States,35.4729886,-97.5170536
Mumbai,India,19.054999,72.8692035
Cape Town,South Africa,-33.9288301,18.4172197
Reggio nell'Emilia,Italy,44.6086674,10.5940667
Ercolano,Italy,40.8053613,14.3471036
Chimbote,Peru,-9.0744966,-78.593609
Stuttgart,Germany,48.7784485,9.1800132
Paterson,United States,40.9167654,-74.171811
Little Rock,United States,34.7465071,-92.2896267
Espoo,Finland,60.2049651,24.6559808
Puebla,Mexico,18.833333,-98.0
Sabadell,Spain,41.5421013,2.1138977
Luanda,Angola,-8.8272699,13.2439512
Cotonou,Benin,6.3676953,2.4252507
Victoria,Mexico,23.6896546,-99.1292391
Reynosa,Mexico,26.0907673,-98.2788191
Calgary,Canada,51.0456064,-114.057541
Cuttack,India,20.4686,85.8792
Kirovohrad,Ukraine,48.1916774,31.6902953
Henderson,United States,32.182598,-95.7893178
Port Said,Egypt,31.263235,32.305505
Rangoon,Myanmar (Burma),16.7967129,96.1609916
Tongi,Bangladesh,23.9084932,90.3980037
Franklin,United States,33.2002659,-95.2231752
Levin,New Zealand,-40.6218161,175.2865854
Gothenburg,Sweden,57.7072326,11.9670171
Sant Boi de Llobregat,Spain,41.3459033,2.0413673
La Baule-Escoublac,France,47.2843726,-2.3951595
Bremen,Germany,53.0758196,8.8071646
Ahvaz,Iran,31.3230637,48.67932
Antananarivo,Madagascar,-18.9100122,47.5255809
Rochdale,United Kingdom,53.6153659,-2.1557561
Presidencia Roque Saenz Pena,Argentina,-26.7909093,-60.4410391
Dire Dawa,Ethiopia,9.591323,41.8566341
Libreville,Gabon,0.4086518,9.4418849
Portoviejo,Ecuador,-1.05282,-80.4534134
Ibadan,Nigeria,7.3786064,3.8969928
Maracaibo,Venezuela,10.6498095,-71.6443596
Indianapolis,United States,39.7683331,-86.1583502
Ituiutaba,Brazil,-18.9691887,-49.4639335
Montreal,Canada,45.5031824,-73.5698065
Tehran,Iran,35.6892523,51.3896004
Garforth,United Kingdom,53.7904814,-1.392516
Cannes,France,43.5515198,7.0134418
Bagamoyo,Tanzania,-6.4422075,38.9062189
Pearland,United States,29.5639758,-95.2864299
Lakewood,United States,39.7085736,-105.0846694
Guangzhou,China,23.1301964,113.2592945
Emden,Germany,53.3670541,7.2058304
Guantanamo,Cuba,19.9709396,-75.1434583
Zhaoyuan,China,37.3538319,120.4281727
Augsburg,Germany,48.3690341,10.8979522
Yamoussoukro,Ivory Coast,6.8200066,-5.2776034
Uberaba,Brazil,-19.750833,-47.936666
Estocolmo,Sweden,59.3251172,18.0710935
Utica,United States,43.1009031,-75.2326641
Santiago de Chile,Chile,-33.4377756,-70.6504502
Brest,France,48.3905283,-4.4860088
Kerman,Iran,29.571858,57.301047
Valladolid,Spain,41.6521807,-4.728605
Munich,Germany,48.1371079,11.5753822
Sao Luis,Brazil,-2.5295265,-44.2963942
Hamilton,New Zealand,-37.7878809,175.281788
Hanoi,Vietnam,21.0283334,105.854041
Bezons,France,48.9250016,2.2105491
Santiago de Cuba,Cuba,20.0214263,-75.8294928
Hermosillo,Mexico,29.0948207,-110.9692202
Provo,United States,40.2337289,-111.6587085
Paris,France,48.8588897,2.320041
Elx,Spain,38.2653307,-0.6988391
Durham,United States,35.996653,-78.9018053
Quincy,United States,42.2509914,-71.0037374
Dnipropetrovsk,Ukraine,48.662589,34.9501715
Malang,Indonesia,-7.9771308,112.6340265
Limoeiro do Norte,Brazil,-5.1455607,-38.0984936
Weifang,China,36.7071591,119.1557441
Salem,United States,44.9391565,-123.033121
Bari,Italy,41.1257843,16.8620293
Merida,Mexico,20.9670759,-89.6237402
Altamira,Brazil,-3.204065,-52.209961
La Crosse,United States,43.8122836,-91.2514355
Petapa,Guatemala,14.4976914,-90.5560333
Monterrey,Mexico,25.6802019,-100.315258
Sandy Springs,United States,33.9242688,-84.3785379
Forbach,France,49.1862822,6.8958562
Avion,France,50.4126128,2.8343891
Pavlodar,Kazakhstan,51.8111545,76.4285287
Culiacan,Mexico,24.7978965,-107.393395
Mississauga,Canada,43.5896231,-79.6443879
Santa Cruz de la Sierra,Bolivia,-17.7834217,-63.1820853
Valinhos,Brazil,-22.97056,-46.99583
Montpellier,France,43.6112422,3.8767337
Neuilly-sur-Marne,France,48.8565557,2.5290045
Valle de La Pascua,Venezuela,9.2139083,-66.0065129
Lagny-sur-Marne,France,48.8773018,2.7056056
Saumur,France,47.2596224,-0.0785177
Saint Petersburg,United States,27.7700475,-82.6359078
Irkutsk,Russia,52.2891225,104.279829
Araguaina,Brazil,-7.193241,-48.2018597
Wuhan,China,30.5951051,114.2999353
Thiais,France,48.7643664,2.391024
Huehuetenango,Guatemala,15.606418,-91.6442217
Sao Paulo,Brazil,-23.5506507,-46.6333824
Chinandega,Nicaragua,12.7777962,-87.269584
Whyalla,Australia,-33.0382085,137.5843572
Hobart,Australia,-42.8825088,147.3281233
Wuchang,China,30.5566998,114.3109847
Berne,Switzerland,46.9484742,7.4521749
Gold Coast,Australia,-28.0023731,153.4145987
Cuscatancingo,El Salvador,13.7272783,-89.1807753
Bethlehem,United States,40.6178915,-75.3786521
Oosterhout,Netherlands,51.6322376,4.8630424
Trinidad,Bolivia,-14.8349438,-64.9044936
Catania,Italy,37.5023612,15.0873718
Dublin,Ireland,53.3493795,-6.2605593
Hillsboro,United States,45.5228939,-122.989827
Detroit,United States,42.3315509,-83.0466403
Cergy,France,49.0527528,2.0388736
Xianning,China,29.8437545,114.3169418
Halesowen,United Kingdom,52.4492074,-2.0514646
Mianyang,China,31.4602714,104.7160723
Herten,Germany,51.5942009,7.1368071
Visakhapatnam,India,17.6935526,83.2921297
Maisons-Laffitte,France,48.9461437,2.1450951
Ilorin,Nigeria,8.4963657,4.5480484
Prague,Czech Republic,50.0874654,14.4212535
Griffith,Australia,-34.334545,146.0081042
Toluca,Mexico,19.292545,-99.6569007
Forster,Australia,-32.1820852,152.5131155
Ludwigshafen am Rhein,Germany,49.4704113,8.4381568
Varna,Bulgaria,43.2073873,27.9166653
Milpa Alta,Mexico,19.1916095,-99.0233759
Mandurah,Australia,-32.5302495,115.7208782
Coimbra,Portugal,40.2111931,-8.4294632
Dunedin,New Zealand,-45.8740984,170.5035755
Zapopan,Mexico,20.7211203,-103.3913671
Lviv,Ukraine,49.841952,24.0315921
Sivas,Turkey,39.4191717,37.1012388
Escuintla,Guatemala,14.1921287,-91.0263791
Fort-de-France,Martinica,14.6027962,-61.0676724
Kampala,Uganda,0.3177137,32.5813539
Maracay,Venezuela,10.2375144,-67.5890216
Villahermosa,Mexico,17.9884657,-92.9366326
Moa,Cuba,20.6559593,-74.9430494
Geelong,Australia,-38.1493248,144.3598241
Mejicanos,El Salvador,13.7373603,-89.2316573
Villa Nueva,Guatemala,14.5308826,-90.5963325
Medellin,Colombia,6.2697324,-75.6025597
Mutare,Zimbabwe,-18.974656,32.670473
Boulogne-sur-Mer,France,50.7259985,1.6118771
Toulon,France,43.1257311,5.9304919
Angers,France,47.4739884,-0.5515588
Senhor do Bonfim,Brazil,-10.4602509,-40.189151
Schiffweiler,Germany,49.3704071,7.1294088
Krefeld,Germany,51.3331205,6.5623343
Brindisi,Italy,40.6358599,17.6884975
Deuil-la-Barre,France,48.9756423,2.3275141
Kayseri,Turkey,38.7219011,35.4873214
Caloocan,Filipinas,14.651348,120.9724002
Macon,United States,32.8406946,-83.6324022
Evreux,France,49.0268903,1.1510164
Liverpool,United Kingdom,53.4071991,-2.99168
Pocos de Caldas,Brazil,-21.7900318,-46.5647928
Lawrence,United States,38.9719137,-95.2359403
Riverside,United States,33.9824949,-117.374238
Pistoia,Italy,43.9740957,10.8687081
Bangkok,Thailand,13.7524938,100.4935089
Neuquen,Argentina,-38.3695057,-69.832275
Nelson,New Zealand,-41.2710849,173.2836756
Chico,United States,39.7284945,-121.8374777
Chillan,Chile,-36.6066616,-72.1033194
Dudley,United Kingdom,52.5110832,-2.0816813
Quetzaltenango,Guatemala,14.8464612,-91.5194208
San Justo,Argentina,-34.6774186,-58.5607837
Charleroi,Belgium,50.4116233,4.444528
Skokie,United States,42.0262972,-87.7521069
Oran,Argelia,35.7044415,-0.6502981
Mannheim,Germany,49.4892913,8.4673098
Himeji,Japan,34.8153529,134.6854793
Marseille,France,43.2961743,5.3699525
Coffs Harbour,Australia,-30.2985996,153.1094116
Aksu,China,41.1677575,80.2582136
Marbella,Spain,36.508976,-4.88562
Shiraz,Iran,29.6060218,52.5378041
Frontera,Mexico,18.5321825,-92.6461428
Columbia,United States,34.000754,-81.0352313
Beijing,China,40.190632,116.412144
Kuala Lumpur,Malasia,3.1526589,101.7022205
Albury,Australia,-36.0737734,146.9135265
Miramar,Mexico,22.3331665,-97.8710378
Marano di Napoli,Italy,40.89761,14.190528
Casablanca,Morocco,33.5945144,-7.6200284
Kiel,Germany,54.3227085,10.135555
Curitiba,Brazil,-25.4295963,-49.2712724
Lazaro Cardenas,Mexico,17.9594769,-102.198659
Kryvyy Rih,Ukraine,47.9105,33.3918
Romeoville,United States,41.6475306,-88.0895061
Muret,France,43.4599858,1.3262332
Sheffield,United Kingdom,53.3806626,-1.4702278
Matanzas,Cuba,23.0469236,-81.5783032
Huainan,China,32.5866826,117.0130019
Parma,Italy,44.6952006,10.0979869
Iquique,Chile,-20.2140657,-70.1524646
Holguin,Cuba,20.8869704,-76.2591995
Ankara,Turkey,39.9207759,32.8540497
Sapucaia do Sul,Brazil,-29.8197019,-51.1608722
Santiago de los Caballeros,Dominican Republic,19.4503932,-70.6909047
Camarillo,United States,34.2176371,-119.0383541
Severodvinsk,Russia,64.563385,39.823769
Kano,Nigeria,11.9939978,8.5219738
Dakar,Senegal,14.693425,-17.447938
Monrovia,Liberia,6.328034,-10.797788
Lusaka,Zambia,-15.4163395,28.2818414
Papakura,New Zealand,-37.064265,174.9446665
Kinshasa,Democratic Republic of the Congo,-4.32171,15.3122511
Vancouver,United States,45.6306954,-122.6744557
Beverly,United States,42.5489744,-70.8781883
Chicago,United States,41.8755616,-87.6244212
Franco da Rocha,Brazil,-23.3328038,-46.724446
New Bedford,United States,41.6362152,-70.934205
Las Rozas de Madrid,Spain,40.4933095,-3.8758396
Tijuana,Mexico,32.5317397,-117.019529
Zhangjiakou,China,40.8171433,114.8782861
Varanasi,India,25.3356491,83.0076292
Beira,Mozambique,-19.834068,34.8358076
Apucarana,Brazil,-23.5525327,-51.4610764
Radom,Poland,51.4171605,21.1609448
Tallahassee,United States,30.4380832,-84.2809332
Sofia,Bulgaria,42.6977028,23.3217359
Leverkusen,Germany,51.0324743,6.9881194
Le Pontet,France,45.4934683,6.2282666
Gela,Italy,37.0664363,14.2502445
Mersin,Turkey,36.7978381,34.6298391
Rosario,Argentina,-32.9593609,-60.6617024
Xinzhou,China,38.76502,112.385805
Al Mahallah al Kubra,Egypt,30.9723517,31.1683002
Karlsruhe,Germany,49.0068705,8.4034195
Medford,United States,42.4184296,-71.1061639
Lyon,France,45.7578137,4.8320114
Mixco,Guatemala,14.6307175,-90.6061595
Guayaquil,Ecuador,-2.2895167,-80.0983887
Lucknow,India,26.8381,80.9346001
Dieppe,France,49.9246182,1.0791444
Chongqing,China,30.05518,107.8748712
Rochester,United States,43.157285,-77.615214
Oslo,Norway,59.9133301,10.7389701
Hanover,Germany,52.3744779,9.7385532
Apodaca,Mexico,25.7871006,-100.1850769
Lima,Peru,-12.0621065,-77.0365256
Barcelona,Spain,41.3825802,2.177073
Vassouras,Brazil,-22.4093928,-43.6609318
Laval,France,48.0706687,-0.7734022
Bath,United Kingdom,51.3813864,-2.3596963
Vitrolles,France,44.4347105,5.9496043
Colorado Springs,United States,38.8339578,-104.825348
Decatur,United States,39.8454163,-88.9524151
Marsala,Italy,37.7979221,12.4342091
Langenfeld,Germany,51.1008952,6.9459377
Gallarate,Italy,45.6598951,8.7932013
Novara,Italy,45.58425,8.545997
Guaymas,Mexico,27.9216441,-110.8994059
Soissons,France,49.3837621,3.327613
Consolacion del Sur,Cuba,22.5040475,-83.5154619
Chengdu,China,30.659867,104.063315
Tiflis,Georgia,41.6934591,44.8014495
Worcester,United Kingdom,52.1911849,-2.2206585
Tangshan,China,39.6295951,118.1738712
Issy-les-Moulineaux,France,48.8250508,2.273457
Montreuil,France,50.4638918,1.7631125
Roswell,United States,33.3943282,-104.5229518
Purwokerto,Indonesia,-7.4194647,109.2218425
Palo Negro,Venezuela,10.1630257,-67.5534347
Tampico,Mexico,22.2701096,-97.8948674
Las Tunas,Cuba,21.0887045,-76.8121648
Duisburg,Germany,51.434999,6.759562
Taranto,Italy,40.5488156,17.0805801
Jinja,Uganda,0.5751567,33.2805299
Braganca Paulista,Brazil,-22.9520235,-46.5418586
Cheltenham,United Kingdom,51.8995685,-2.0711559
Milan,Italy,45.4641943,9.1896346
Makhachkala,Russia,42.9830241,47.5048717
Capua,Italy,41.1079984,14.2097176
Bangui,Central African Republic,4.3635118,18.5835913
San Diego,United States,32.7174202,-117.162772
Agra,India,27.1752554,78.0098161
Brasilia,Brazil,-10.3333333,-53.2
Pomezia,Italy,41.667529,12.5047863
Apopa,El Salvador,13.8013036,-89.1790784
Velletri,Italy,41.6867015,12.7770433
Targu Mures,Romania,46.5446253,24.561196
Dreux,France,48.7358807,1.3684254
Vinnytsia,Ukraine,48.8990315,28.516068
Cancun,Mexico,21.1527467,-86.8425761
Ciego de Avila,Cuba,21.7476686,-78.729558
Villefontaine,France,45.614003,5.1580574
Bridgetown,Barbados,13.0977832,-59.6184184
Tiruchchirappalli,India,10.8067917,78.7039861
Cagliari,Italy,39.2171994,9.113311
Phoenix,United States,33.4484367,-112.074141
Apopka,United States,28.6732806,-81.5116471
Offenbach,Germany,50.1055002,8.7610698
Bahia Blanca,Argentina,-38.7176522,-62.2654871
Tlalpan,Mexico,19.2880603,-99.1669733
Xi'an,China,34.261004,108.9423363
Firminy,France,45.3869665,4.2858597
Zhuhai,China,22.273734,113.5721327
Dundee,United Kingdom,56.4605938,-2.97019
Itapevi,Brazil,-23.54888,-46.933889
Strasbourg,France,48.584614,7.7507127
Copenhagen,Denmark,55.6867243,12.5700724
Bolzano,Italy,46.6559455,11.2302129
Acu,Brazil,-3.3537861,-60.4483111
Orihuela,Spain,38.0856891,-0.9448805
Bottrop,Germany,51.521581,6.929204
Matadi,Democratic Republic of the Congo,-5.8256559,13.4609047
Macapa,Brazil,0.0401529,-51.0569588
Palma Soriano,Cuba,20.2126686,-75.9973941
Gawler,Australia,-34.5973311,138.7448933
Langen,Germany,49.9927036,8.6671682
Mougins,France,43.6008898,6.9963543
Taiyuan,China,37.870009,112.5452739
Wels,Austria,48.1565472,14.0243752
Mexico City,Mexico,19.3207722,-99.1514678
Jining,China,35.4125047,116.5849266
Neuilly-sur-Seine,France,48.884683,2.2695658
Bandung,Indonesia,-6.9218457,107.6070833
Freiburg,Germany,47.9960901,7.8494005
Donets'k,Ukraine,48.7354701,39.3599527
Baotou,China,40.6174777,109.944912
Fiumicino,Italy,41.7712145,12.2278855
Jurema,Brazil,-9.0315557,-43.186818
Queretaro,Mexico,20.8052225,-99.8837376
Wollongong,Australia,-34.4243941,150.89385
Tourcoing,France,50.7235038,3.1605714
Tulsa,United States,36.1563122,-95.9927516
Linz,Austria,48.3059078,14.286198
Rome,Italy,41.8933203,12.4829321
Kalyan,India,19.2396742,73.1366482
Guzman,Mexico,21.0275978,-101.8672616
Lisieux,France,49.1460831,0.2255168
Izmir,Turkey,38.23166,27.02997
Katsina,Nigeria,12.5630825,7.6207063
Dormagen,Germany,51.0934389,6.8416158
Narbonne,France,43.1837757,3.0041906
Yichun,China,28.3803015,115.0153957
Arraijan,Panama,8.9898564,-79.6793267
Anshun,China,26.254911,105.9437773
Jeddah,Saudi Arabia,21.5504432,39.1742363
Bergen,Norway,60.3943055,5.3259192
Tilburg,Netherlands,51.5856184,5.0660616
Apeldoorn,Netherlands,52.1795738,5.9300775
Carrara,Italy,44.0771026,10.096726
Villeurbanne,France,45.7733573,4.8868454
Maceio,Brazil,-9.6476843,-35.7339264
Capelle aan den IJssel,Netherlands,51.9312552,4.5883596
Grevenbroich,Germany,51.0862467,6.5848937
Vina del Mar,Chile,-33.0244535,-71.5517636
Nuevo Laredo,Mexico,27.4930246,-99.507425
Oakville,Canada,43.447436,-79.666672
Bhiwandi,India,19.3025562,73.0588072
Arkhangelsk,Russia,64.543022,40.537121
Santa Ana,El Salvador,13.9947753,-89.5566069
Durgapur,India,23.5350475,87.3380425
Englewood,United States,40.8929329,-73.9726508
Nancy,France,48.6937223,6.1834097
Vallejo,United States,38.1040864,-122.2566367
Algiers,Argelia,36.7729333,3.0588445
Kanpur,India,26.4609135,80.3217588
Aubervilliers,France,48.9146078,2.3821895
Colima,Mexico,19.166667,-104.0
Chingola,Zambia,-12.5474926,27.8600422
Qena,Egypt,25.9296496,33.2172109
Baltimore,United States,39.2908816,-76.610759
Posadas,Argentina,-27.3664824,-55.894295
Concepcion del Uruguay,Argentina,-32.4851849,-58.2320232
Temirtau,Kazakhstan,50.0587825,72.9535681
Kingston,Canada,44.3054151,-76.4283781
Ribeirao Preto,Brazil,-21.1776315,-47.8100983
San Jose,United States,37.3361663,-121.890591
Zamora,Spain,41.6857693,-5.942315
Dresden,Germany,51.0493286,13.7381437
Manukau City,New Zealand,-36.9912848,174.8810127
Acireale,Italy,37.6127773,15.1658804
Herne,Germany,51.5380394,7.219985
Singapore,Singapore,1.357107,103.8194992
Bezerros,Brazil,-8.2372132,-35.7558262
Round Rock,United States,30.5085915,-97.6788056
Gaziantep,Turkey,37.0628317,37.3792617
Palermo,Italy,38.1112268,13.3524434
Levallois-Perret,France,48.892956,2.2881683
Madison,United States,43.074761,-89.3837613
Coventry,United Kingdom,52.4081812,-1.510477
Guildford,United Kingdom,51.2356068,-0.5732063
Facatativa,Colombia,4.8097276,-74.3541838
Alexandria,Egypt,31.1991806,29.8951716
Arnhem,Netherlands,51.984257,5.9108573
Dos Hermanas,Spain,37.283689,-5.9226718
Turin,Italy,45.0677551,7.6824892
Castrop-Rauxel,Germany,51.5646195,7.3106175
Monroe,United States,41.0400423,-75.3249475
Portici,Italy,40.8189733,14.3387454
Nakhon Ratchasima,Thailand,14.9747339,102.0981161
Fontainebleau,France,48.4049375,2.7015872
Antwerp,Belgium,51.2211097,4.3997081
East London,South Africa,-33.0191604,27.8998573
Recklinghausen,Germany,51.6143815,7.1978546
Bakersfield,United States,35.3738712,-119.019463
Cidade Ocidental,Brazil,-16.1000758,-47.9445014
Bloomington,United States,39.1670396,-86.5342881
Masterton,New Zealand,-40.9495524,175.6594413
Newcastle,South Africa,-27.7544581,29.932561
Bayeux,France,49.2764624,-0.7024738
Hyderabad,Pakistan,25.4075358,68.3613456
Bamenda,Cameroon,5.9614117,10.1516505
Colmar,France,48.0777517,7.3579641
Ternopil,Ukraine,49.6630002,25.6167516
Montenegro,Colombia,4.5664176,-75.7507081
Batman,Turkey,37.7874104,41.2573924
Shrewsbury,United Kingdom,52.707755,-2.7540658
Peterborough,United Kingdom,52.5725769,-0.2427336
Kolhapur,India,16.7028412,74.2405329
Cruz das Almas,Brazil,-12.6722649,-39.1053665
Jerusalem,Israel,31.7788472,35.2257856
Gaomi,China,36.3654065,119.8005385
Le Mans,France,48.0073849,0.1967849
Mwanza,Tanzania,-2.5196915,32.9014417
Cayenne,French Guiana,4.9371544,-52.3258736
Tlaquepaque,Mexico,20.6397718,-103.3120428
Esteli,Nicaragua,13.0931241,-86.3554436
Tipitapa,Nicaragua,12.3633024,-86.0260515
Zahedan,Iran,29.4928874,60.8503017
Leuven,Belgium,50.879202,4.7011675
Ivanovo,Russia,57.0088004,40.9630633
Wenzhou,China,27.9963899,120.695345
Mpumalanga,South Africa,-26.276849,30.1500153
Cabo de Santo Agostinho,Brazil,-8.2838945,-35.0320984
Balti,Moldova,47.7623952,27.9286022
Stolberg,Germany,50.7702908,6.2295504
Bikaner,India,28.0159286,73.3171367
La Ceiba,Honduras,15.7833743,-86.7917749
Los Mochis,Mexico,25.7928058,-108.990188
Birmingham,United Kingdom,52.4796992,-1.9026911
Silao,Mexico,20.943727,-101.427043
Bekasi,Indonesia,-6.2349858,106.9945444
Surubim,Brazil,-7.8424353,-35.7539722
Wadi as Sir,Jordan,31.9539,35.8606
Kaunas,Lithuania,54.8982139,23.9044817
Florence,Italy,43.7697955,11.2556404
Grasse,France,43.6589011,6.9239103
Mildura,Australia,-34.195274,142.1503146
Albany,Australia,-35.0247822,117.883608
Irapuato,Mexico,20.6758761,-101.3521052
Lorient,France,47.7477336,-3.3660907
Taytay,Filipinas,14.5587089,121.1359659
Mesa,United States,33.4151005,-111.831455
Suffolk,United States,40.8832318,-72.8578027
Monclova,Mexico,26.8792399,-101.1992336
Armidale,Australia,-30.5144881,151.6656564
Arlington,United States,32.7355816,-97.1071186
Esquina,Argentina,-30.0170807,-59.5340904
Sale,Morocco,34.044889,-6.814017
Santa Cruz de Barahona,Dominican Republic,18.2101889,-71.1012325
Valdemoro,Spain,40.1888604,-3.67143
Jhansi,India,25.529855,78.6527802
Iquitos,Peru,-3.749365,-73.2444145
Silivri,Turkey,41.0742476,28.2481709
Vitoria,Spain,42.8465088,-2.6724025
Villeneuve-la-Garenne,France,48.9350488,2.3324727
Montmorency,France,48.9891693,2.3197111
Fresnillo,Mexico,23.1811278,-102.8729073
Hidalgo,Mexico,20.5,-99.0
Registro,Brazil,-24.497942,-47.844895
Yicheng,China,35.6971642,111.8339712
Zabrze,Poland,50.3086154,18.7863749
Andover,United States,42.65717,-71.1408776
Derby,United Kingdom,52.9142235,-1.4719885
Wafangdian,China,39.6236752,122.005039
Nacka,Sweden,59.3120997,18.2073591
Bogor,Indonesia,-6.5962986,106.7972421
Geraldton,Australia,-28.77035,114.6147159
Suzhou,China,31.311123,120.6212881
Juarez,Mexico,31.7372575,-106.485655
Harare,Zimbabwe,-17.8567035,31.0601584
Cotia,Brazil,-23.603889,-46.918889
Mossoro,Brazil,-5.1904332,-37.3443872
Nal'chik,Russia,43.4769604,43.5966578
Jaipur,India,26.9154576,75.8189817
Lowestoft,United Kingdom,52.4766308,1.7537638
Monza,Italy,45.6395418,9.2788304
Queanbeyan,Australia,-35.3524518,149.2337634
Auckland,New Zealand,-36.852095,174.7631803
Cordoba,Mexico,18.8944704,-96.9352891
Guwahati,India,26.1805978,91.753943
San Cristobal de Las Casas,Mexico,16.735377,-92.63873
Lahore,Pakistan,31.5656822,74.3141829
Acuna,Mexico,29.3248796,-100.9322287
Johnson City,United States,36.3167671,-82.352903
Ocana,Colombia,8.2351887,-73.3538441
Washington,United States,38.8950368,-77.0365427
Foggia,Italy,41.5028105,15.4528939
Villa Canales,Guatemala,14.483333,-90.533333
Cologne,Germany,50.938361,6.959974
Mangalore,India,12.8698101,74.8430082
Le Chesnay,France,48.8264842,2.1257808
Cuernavaca,Mexico,18.9331321,-99.2599579
Everett,United States,47.9793437,-122.2127011
Bognor Regis,United Kingdom,50.7834973,-0.6730718
Khomeynishahr,Iran,32.6938201,51.5254892
Pucallpa,Peru,-8.3820737,-74.5387507
Gorgan,Iran,36.8392776,54.4320858
Tegal,Indonesia,-6.8674488,109.1378271
Fort Lauderdale,United States,26.1223084,-80.1433786
Argenteuil,France,48.9479069,2.2481797
Sonsonate,El Salvador,13.7115105,-89.6605842
Salzburg,Austria,47.7981346,13.0464806
Sterlitamak,Russia,53.632374,55.952259
Pontivy,France,48.0647729,-2.9675702
Clinton,United States,41.2711458,-77.6984481
Gwalior,India,26.2037247,78.1573628
Mont-de-Marsan,France,43.8911318,-0.500972
Trier,Germany,49.7596208,6.6441878
Yunyang,China,31.0333358,108.8624984
Adelaide,Australia,-34.9281805,138.5999312
Lugansk,Ukraine,48.5717084,39.2973153
Benin City,Nigeria,6.3330586,5.6221058
Shantou,China,23.3563921,116.6775856
Chaville,France,48.8086297,2.1882897
Paranagua,Brazil,-25.5148822,-48.5226695
Cambridge,United Kingdom,52.2055314,0.1186637
Malayer,Iran,34.2922623,48.8215749
Balikesir,Turkey,39.5400798,28.0228793
Artemisa,Cuba,22.8272763,-82.9259245
Itu,Brazil,-23.2637798,-47.2998462
Constantine,Argelia,36.3641642,6.6084281
Bayonne,France,43.4945144,-1.4736657
Korba,India,22.5198217,82.6350029
Noisy-le-Grand,France,48.8492238,2.5524906
Beirut,Lebanon,33.8892265,35.5025585
Breda,Netherlands,51.5887845,4.7760237
Pertuis,France,43.6951468,5.5032671
Vincennes,France,48.8474508,2.4396714
Remscheid,Germany,51.1798706,7.1943544
Chemnitz,Germany,50.8323531,12.918914
Bolton,United Kingdom,53.5782863,-2.4300367
Springfield,United States,39.7990175,-89.6439575
Hapur,India,28.7166767,77.890433
Brussels,Belgium,50.8465573,4.351697
Geneva,Switzerland,46.2017559,6.1466014
Cranston,United States,41.779588,-71.4366813
Mazyr,Belarus,52.0494531,29.2676261
Emmen,Netherlands,52.7528662,6.9525135
San Juan,Argentina,-30.7054363,-69.1988222
Choloma,Honduras,15.6127426,-87.950694
Metz,France,49.1196964,6.1763552
Liaocheng,China,36.4441808,115.9642007
Mansfield,United Kingdom,53.1443785,-1.1964165
Mbuji-mayi,Democratic Republic of the Congo,-6.1258942,23.5998111
Treviso,Italy,45.8066913,12.2063158
Kuching,Malasia,1.5597561,110.345397
Fresno,United States,36.7394421,-119.78483
Edinburgh,United Kingdom,55.9533456,-3.1883749
Ube,Japan,33.9518498,131.2472243
Boulogne-Billancourt,France,48.8356649,2.240206
Jackson,United States,32.2998686,-90.1830408
Richmond,United States,37.5385087,-77.43428
Astana,Kazakhstan,51.1282205,71.4306682
Limoges,France,45.8354243,1.2644847
Orizaba,Mexico,18.8497366,-97.1060062
Kawaguchi,Japan,35.8078228,139.7241054
Olivet,France,47.8650984,1.9015752
Jamshedpur,India,22.8015194,86.2029579
Mashhad,Iran,36.2974945,59.6059232
Givors,France,45.5844238,4.7696529
Sucre,Bolivia,-19.0477251,-65.2594306
Pretoria,South Africa,-25.7459277,28.1879101
Agde,France,43.3124696,3.4707789
Kermanshah,Iran,34.486732,46.808727
Piedecuesta,Colombia,6.9874808,-73.0504129
Contramaestre,Cuba,20.2996013,-76.2441035
Bagdad,Iraq,33.3061701,44.3872213
Vineland,United States,39.4862777,-75.0254256
Mamak,Turkey,39.9310503,32.9122882
Canberra,Australia,-35.2975906,149.1012676
Hasselt,Belgium,50.9303735,5.3378043
Seuol,South Korea,35.1055602,129.0355664
Richmond Hill,Canada,43.8801166,-79.4392925
Amsterdam,Netherlands,52.3730796,4.8924534
Bengbu,China,32.9176422,117.3825673
Avellaneda,Argentina,-34.6648394,-58.3628061
Grosseto,Italy,42.7751102,11.2878044
Bangalore,India,12.9767936,77.590082
Verdun,France,49.1589278,5.3867277
Ceyhan,Turkey,37.0288825,35.8124428
Essen,Germany,51.4582235,7.0158171
Shimonoseki,Japan,33.9577116,130.9415455
Aachen,Germany,50.776351,6.083862
Garbsen,Germany,52.4276606,9.6005102
Barranca,Peru,-10.7065265,-77.6747882
Bendigo,Australia,-36.7590183,144.2826718
Milwaukee,United States,43.0386475,-87.9090751
Gdansk,Poland,54.3482907,18.6540233
Poissy,France,48.9274192,2.0426301
Arezzo,Italy,43.5171442,11.7639282
Valledupar,Colombia,10.3431115,-73.3757934
Alanya,Turkey,36.8865728,30.7030242
Salon-de-Provence,France,43.6405237,5.0980225
The Hague,Netherlands,52.0749456,4.2696802
West Palm Beach,United States,26.715364,-80.0532942
Saint-Denis,France,48.935773,2.3580232
Jinjiang,China,24.784435,118.5477505
Le Petit-Quevilly,France,49.4238,1.06208
Bom Jesus da Lapa,Brazil,-13.2498754,-43.4101019
Gujrat,Pakistan,32.5686782,74.071481
Santarem,Brazil,-2.438489,-54.699611
Pune,India,18.5213738,73.8545071
Edmonds,United States,47.8105738,-122.3774952
Punta Arenas,Chile,-53.1625688,-70.907822
Hargeysa,Somalia,9.561733,44.061803
Maubeuge,France,50.2796417,3.9674127
San Martin,El Salvador,13.7386182,-89.055216
Zaanstad,Netherlands,52.4689235,4.7737835
Haikou,China,20.0462328,110.1956502
Innsbruck,Austria,47.2654296,11.3927685
Zagreb,Croacia,45.8130967,15.9772795
Nizhyn,Ukraine,51.0464747,31.8806289
Kasugai,Japan,35.273804,137.007459
Vadodara,India,22.2973142,73.1942567
Hastings,United Kingdom,50.8553888,0.5824703
Ceuta,Spain,35.894422,-5.3558174
Bordeaux,France,44.841225,-0.5800364
South Bend,United States,41.6833813,-86.2500066
Wetzlar,Germany,50.570561,8.531245
Worthing,United Kingdom,50.8115402,-0.3699697
Semarang,Indonesia,-6.9903988,110.4229104
Iranshahr,Iran,27.2069903,60.6882515
Troisdorf,Germany,50.8153071,7.1593271
Knoxville,United States,35.9603948,-83.9210261
Warner Robins,United States,32.6200973,-83.606568
Ho Chi Minh City,Vietnam,10.7763897,106.7011391
Moca,Dominican Republic,19.394647,-70.5261566
Goiania,Brazil,-16.680882,-49.2532691
San Sebastian,Spain,43.3224219,-1.9838889
Yonkers,United States,40.9312099,-73.8987469
Naples,Italy,40.8358846,14.2487679
Antipolo,Filipinas,14.5871972,121.1759246
Atlanta,United States,33.7544657,-84.3898151
Wagga Wagga,Australia,-35.115,147.3677778
Daca,Bangladesh,23.7643863,90.3890144
La Rochelle,France,46.159732,-1.1515951
Metepec,Mexico,19.2511338,-99.5937281
Derbent,Russia,42.057858,48.2887648
Neubrandenburg,Germany,53.5574458,13.2602781
Meknes,Morocco,33.8984131,-5.5321582
Rostock,Germany,54.0886707,12.1400211
Kent,United States,33.1665316,-100.7846477
Fairfield,United States,39.7886111,-82.6418883
Mentor,United States,41.6664781,-81.3399769
Gebze,Turkey,40.8006696,29.431767
Carrollton,United States,32.9515472,-96.9034244
Antofagasta,Chile,-23.6463741,-70.3980033
Ferrara,Italy,44.7667642,11.827939
Parker,United States,32.7772597,-97.8045599
Roseville,United States,38.7521235,-121.2880059
Borujerd,Iran,33.8943281,48.7560936
Indaial,Brazil,-26.8901747,-49.2416736
Shumen,Bulgaria,43.3088188,27.0197261
Bucaramanga,Colombia,7.1274697,-73.1191168
Caen,France,49.1813403,-0.3635615
Bornova,Turkey,38.4660651,27.2190721
Mbandaka,Democratic Republic of the Congo,0.0470732,18.2564803
Mackay,Australia,-21.141956,149.1865149
Castanhal,Brazil,-1.2927031,-47.9223903
Ikot Ekpene,Nigeria,5.181975,7.7132177
Trento,Italy,46.1029536,11.1297425
Mexicali,Mexico,32.6405247,-115.474899
Chesapeake,United States,36.7168315,-76.2494453
Ganganagar,India,23.7497214,91.876635
Vacaria,Brazil,-28.5102901,-50.9356044
Wellington,New Zealand,-41.2887953,174.7772114
Antalya,Turkey,36.8865728,30.7030242
Hamme,Belgium,51.0977642,4.1377229
Santa Cruz do Sul,Brazil,-29.714209,-52.4285807
Soledad,Colombia,10.9149593,-74.7821054
Ilesha,Nigeria,7.6245894,4.7414655
Torrevieja,Spain,37.9775416,-0.6828446
Garoua,Cameroon,9.3070698,13.3934527
Islamabad,Pakistan,33.6938118,73.0651511
Weimar,Germany,50.9793301,11.3297921
Malegaon,India,20.5576062,74.5246514
Cherkasy,Ukraine,49.1460165,31.2271744
Draper,United States,40.5247777,-111.8627989
Oberhausen,Germany,51.4696137,6.8514435
Fontenay-aux-Roses,France,48.7911052,2.2870373
Qitaihe,China,45.7703578,131.0066556
Cork,Ireland,51.8985136,-8.4726423
Bani,Dominican Republic,18.2777204,-70.3320746
Birigui,Brazil,-21.2908491,-50.34144
Zaozhuang,China,34.8108822,117.3178922
Nice,France,43.7009358,7.2683912
Mount Isa,Australia,-20.7289898,139.4931522
Louisville,United States,38.2542376,-85.759407
Kayes,Mali,13.8001844,-10.2245548
Yucaipa,United States,34.033625,-117.0430865
Ilopango,El Salvador,13.6708753,-89.044847
Santa Clara,Cuba,22.406628,-79.9651013
Pulheim,Germany,50.9979888,6.8025409
Changshu,China,31.6572954,120.7480757
Amman,Jordan,31.9515694,35.9239625
Colchester,United Kingdom,51.8896903,0.8994651
Heilbronn,Germany,49.142291,9.218655
Bagnolet,France,48.8688199,2.4173658
Torrance,United States,33.8371392,-118.3413606
Roissy-en-Brie,France,48.7903787,2.6545195
Oyama,Japan,36.315537,139.8006952
Tawau,Malasia,4.2435206,117.885331
Yogyakarta,Indonesia,-7.8012646,110.3646857
Launceston,Australia,-41.4340813,147.1373496
Troy,United States,42.7284117,-73.6917878
Omaha,United States,41.2587459,-95.9383758
Mesquite,United States,32.7666103,-96.599472
Valencia,Venezuela,10.170026,-68.0003987
Athens,United States,33.9597677,-83.376398
Castelnau-le-Lez,France,43.6393171,3.9133311
Pereira,Colombia,4.7854606,-75.788322
Vila Nova de Gaia,Portugal,41.1292264,-8.6057396
Aurora,United States,41.7571701,-88.3147539
Leipzig,Germany,51.3406321,12.3747329
Lorca,Spain,37.6711989,-1.6988592
Avellino,Italy,40.9965446,15.140569
Johannesburg,South Africa,-26.205,28.049722
Soyapango,El Salvador,13.7036577,-89.1501583
Pasadena,United States,34.1476507,-118.144155
Ninghai,China,29.2907774,121.4252252
Jiangmen,China,22.5816619,113.0761073
Sao Miguel dos Campos,Brazil,-9.7831115,-36.0967804
Helmond,Netherlands,51.4790956,5.6557686
Genoa,Italy,44.40726,8.9338624
Betim,Brazil,-19.9475338,-44.1995361
Talcahuano,Chile,-36.7144863,-73.1141087
Parbhani,India,19.2901981,76.6026443
Likasi,Democratic Republic of the Congo,-10.9891601,26.7397418
Oyonnax,France,46.2575174,5.6556181
Menden,Germany,51.43779,7.7953822
Dumai,Indonesia,1.6631967,101.4470369
Windsor,Canada,42.2858536,-82.9780695
Ludhiana,India,30.9090157,75.851601
Termez,Uzbekistan,37.2442466,67.283151
Vigevano,Italy,45.3170942,8.858603
Caracas,Venezuela,10.5060934,-66.9146008
Sonneberg,Germany,50.3575412,11.1691714
Barranquilla,Colombia,11.0101922,-74.8231794
Rafsanjan,Iran,30.402184,55.9941776
Sunderland,United Kingdom,54.9058512,-1.3828727
West Bromwich,United Kingdom,52.5186579,-1.9923114
Corlu,Turkey,41.1590875,27.8041066
Grajau,Brazil,-5.8154034,-46.1361454
Vigo,Spain,42.2376602,-8.7247205
Rivera,Uruguay,-30.900058,-55.5408151
Potenza,Italy,40.5173119,15.8216088
Nellore,India,14.4493717,79.9873763
Klagenfurt,Austria,46.623943,14.3075976
Masaya,Nicaragua,11.9736474,-86.0960547
Durango,Mexico,24.833333,-104.833333
Messina,Italy,38.1937571,15.5542082
Calabar,Nigeria,4.9795999,8.3373597
Buyukcekmece,Turkey,41.021654,28.579757
Fargo,United States,46.877229,-96.789821
Chilpancingo,Mexico,19.4059029,-99.1685264
Eau Claire,United States,44.811349,-91.4984941
Bar-le-Duc,France,48.7712673,5.1623805
Yueyang,China,29.060703,113.348653
Mogi das Cruzes,Brazil,-23.5234284,-46.1926671
Cerignola,Italy,41.2648121,15.8996651
Nakuru,Kenya,-0.2802724,36.0712048
Zinder,Niger,13.8063421,8.9891659
Abidjan,Ivory Coast,5.320357,-4.016107
Rio Branco,Brazil,-9.9765362,-67.8220778
Guarapuava,Brazil,-25.3950986,-51.4622016
Port Macquarie,Australia,-31.4299499,152.9103525
Clichy,France,48.9026,2.30551
Teresina,Brazil,-5.0874608,-42.8049571
Lohne,Germany,52.665257,8.2363523
Indore,India,22.7203616,75.8681996
Gomez Palacio,Mexico,25.5732473,-103.494779
Aix-en-Provence,France,43.5298424,5.4474738
Ekibastuz,Kazakhstan,51.7275817,75.3288511
Yangzhou,China,32.3968554,119.4077658
Mysore,India,12.3051828,76.6553609
Bisceglie,Italy,41.2407788,16.5019124
Appleton,United States,44.2613967,-88.4069744
Niagara Falls,United States,43.08436,-79.0614686
Villiers-le-Bel,France,49.0074999,2.3880847
Christchurch,New Zealand,-43.530955,172.6364343
Gagnoa,Ivory Coast,6.1334787,-5.9510987
Fremont,United States,37.5482697,-121.988571
Abbeville,France,50.1060835,1.8337029
Huaibei,China,33.9566098,116.7928916
Toulouse,France,43.6044622,1.4442469
Urbandale,United States,41.6274511,-93.7380243
Tarbes,France,43.232858,0.0781021
Leeds,United Kingdom,53.7974185,-1.5437941
Miami,United States,25.7741728,-80.19362
Villach,Austria,46.6167284,13.8500268
Lianyuan,China,27.738153,111.7776649
Veracruz,Mexico,19.333333,-96.666667
Denver,United States,39.7392364,-104.984862
Nottingham,United Kingdom,52.9534193,-1.1496461
Lome,Togo,6.130419,1.215829
Roodepoort,South Africa,-26.0979744,27.8831301
Mobile,United States,30.6913462,-88.0437509
Pantin,France,48.8965023,2.4019804
Harbin,China,45.7593633,126.6276177
Tupa,Brazil,-21.9349129,-50.5141255
Dover,United States,39.158168,-75.5243682
Istres,France,43.5139051,4.9884323
Jena,Germany,50.9281717,11.5879359
Shagamu,Nigeria,6.8477165,3.6440551
New Delhi,India,28.6430858,77.2192671
Doha,Qatar,25.2856329,51.5264162
Arnsberg,Germany,51.4002384,8.0605908
Gonaives,Haiti,19.4460597,-72.6884336
Cardenas,Cuba,23.0372705,-81.2027158
Enschede,Netherlands,52.2233632,6.8705957
Ensenada,Mexico,31.8658887,-116.602983
Lens,France,50.4291723,2.8319805
Waukesha,United States,43.0622536,-88.3123889
Mecca,Saudi Arabia,21.420847,39.826869
Bnei Brak,Israel,32.0873899,34.8324376
Huntington Beach,United States,33.6783336,-118.000016
Alicante,Spain,38.3436365,-0.4881708
Belgaum,India,15.8572666,74.5069343
Bucheon,South Korea,37.5014422,126.7660139
Caxias do Sul,Brazil,-29.1685045,-51.1796385
Saint-Chamond,France,45.4748298,4.5098046
Progreso,Mexico,21.2459975,-89.6810398
Guyancourt,France,48.7709414,2.0706084
Kochi,India,9.9679032,76.2444378
San Jose del Monte,Filipinas,14.8101978,121.0474088
Newark,United States,40.735657,-74.1723667
Coyoacan,Mexico,19.3498606,-99.1619751
Yaounde,Cameroon,3.8689867,11.5213344
Asjabad,Turkmenistan,37.9404648,58.3823487
Kenosha,United States,42.5846773,-87.8212263
Lisbon,Portugal,38.7077507,-9.1365919
Antibes,France,43.5812868,7.1262071
Maastricht,Netherlands,50.8579855,5.6969882
Neuilly-Plaisance,France,48.8608712,2.5060144
Accra,Ghana,5.5571096,-0.2012376
Reutlingen,Germany,48.4919508,9.2114144
Memphis,United States,35.1460249,-90.0517638
Adana,Turkey,36.9863599,35.3252861
Saint-Quentin,France,49.8465253,3.2876843
Ilo,Peru,-17.5833671,-71.2358866
Maxixe,Mozambique,-23.861561,35.348934
Saint-Priest,France,44.7177,4.54685
Milford,United States,41.2222218,-73.0570603
Bundaberg,Australia,-24.8653253,152.3516785
Celaya,Mexico,20.5222851,-100.8307739
Moers,Germany,51.451283,6.62843
Xichang,China,27.8458993,102.124224
Itapecuru Mirim,Brazil,-3.3973569,-44.3560724
Peoria,United States,40.6938609,-89.5891008
Vesoul,France,47.6197395,6.1544694
Quchan,Iran,37.1060904,58.5086657
Sacramento,United States,38.5810606,-121.493895
Nagpur,India,21.1498134,79.0820556
Pelotas,Brazil,-31.7699736,-52.3410161
Xinyi,China,22.3580316,110.942291
Sceaux,France,47.5147285,4.0218449
Bacolod City,Filipinas,10.6762836,122.9513786
Mentougou,China,39.9389127,116.09504
Charlotte,United States,35.2272086,-80.8430827
Bagneux,France,49.458056,3.279444
Barreiras,Brazil,-12.1440031,-44.9967406
Ibirite,Brazil,-20.0214251,-44.0621506
Rawalpindi,Pakistan,33.5915446,73.053721
Porirua,New Zealand,-41.1354217,174.8397824
Camaguey,Cuba,21.3791765,-77.9183681
Mulhouse,France,47.7467233,7.3389937
Maiduguri,Nigeria,11.8395375,13.1536214
La Paz,Bolivia,-16.4955455,-68.1336229
Spanish Town,Jamaica,17.9956926,-76.9540831
Dallas,United States,32.7762719,-96.7968559
Saint Charles,United States,38.783855,-90.481677
Tours,France,47.3900474,0.6889268
Turku,Finland,60.4517531,22.2670522
Sancti Spiritus,Cuba,21.7261281,-79.613293
Chiclana de la Frontera,Spain,36.4191096,-6.1460683
Pasco,United States,28.2996183,-82.4522702
Mahajanga,Madagascar,-15.7181492,46.3172577
Cassilandia,Brazil,-19.1128242,-51.7345354
Friedberg,Germany,48.3551962,10.9786498
Arak,Iran,34.0862719,49.6893884
Alphen aan den Rijn,Netherlands,52.1131403,4.6408412
Widnes,United Kingdom,53.3646888,-2.7283328
Westminster,United States,39.8366528,-105.0372046
Passau,Germany,48.5748229,13.4609744
Valenciennes,France,50.3579317,3.5234846
Saint-Herblain,France,47.2233007,-1.6346964
Porto Alegre,Brazil,-30.0324999,-51.2303767
Laguna Niguel,United States,33.5225261,-117.7075526
Missouri City,United States,29.6185669,-95.5377215
Ruda Slaska,Poland,50.2858001,18.8747933
Grenoble,France,45.1875602,5.7357819
Madrid,Spain,40.4167047,-3.7035825
Gillingham,United Kingdom,51.3871701,0.5461611
Burgos,Spain,42.343926,-3.696977
Bologna,Italy,44.4938203,11.3426327
Perth Amboy,United States,40.5133218,-74.2724241
Puerto Montt,Chile,-41.471798,-72.9395915
Manchester,United Kingdom,53.4794892,-2.2451148
Tampa,United States,27.9477595,-82.458444
Quartu Sant'Elena,Italy,39.2399728,9.1880967
Kota Kinabalu,Malasia,5.9780066,116.0728988
Meaux,France,48.9582708,2.8773541
Dos Quebradas,Colombia,6.4315545,-75.302705
Qidong,China,31.7951489,121.6509342
Valparaiso,Chile,-32.5976089,-70.8529753
Neuwied,Germany,50.4302393,7.466302
Cleveland,United States,41.4996574,-81.6936772
Brumado,Brazil,-14.2025099,-41.6701307
Magnitogorsk,Russia,53.4256867,59.0507322
Belgorod,Russia,50.5955595,36.5873394
Al Amarah,Iraq,31.8497708,47.1496466
Stockport,United Kingdom,53.407901,-2.160243
Plaisir,France,48.817399,1.9476363
Aix-les-Bains,France,45.6886292,5.9146362
Solapur,India,17.8499067,75.2763203
Draguignan,France,43.5374662,6.4627333
Barueri,Brazil,-23.5112184,-46.8764612
Ottawa,Canada,45.4208777,-75.6901106
Saint-Brieuc,France,48.5141134,-2.7603283
Enugu,Nigeria,6.4499833,7.5000007
Deventer,Netherlands,52.2694896,6.2364886
Bingol,Turkey,38.8861265,40.4972333
Ananindeua,Brazil,-1.374035,-48.4016623
Letchworth,United Kingdom,51.9794982,-0.2294613
Saint Louis,United States,38.6280278,-90.1910154
Almaty,Kazakhstan,43.2363924,76.9457275
Melton,Australia,-37.6835714,144.5828446
Mechelen,Belgium,51.0281381,4.4803453
Edogawa-ku,Japan,35.7066318,139.868677
Karimnagar,India,18.4348122,79.1328042
Kaduna,Nigeria,10.5182899,7.4359863
Firozabad,India,27.1941954,78.4604956
Jartum,Sudan,15.5635972,32.5349123
North York,Canada,43.7543217,-79.4491057
Kaspiysk,Russia,42.8921817,47.6372105
Ichikawa,Japan,35.721634,139.9309444
Castres,France,49.8044444,3.2383333
Murcia,Spain,37.9923795,-1.1305431
Townsville,Australia,-19.2569391,146.8239537
Bondy,France,48.9031,2.48291
Southaven,United States,34.9873822,-90.0034862
Vence,France,43.7224167,7.1116845
Nasik,India,19.9834939,73.8926931
Bolu,Turkey,40.6212099,31.6460259
Arapiraca,Brazil,-9.754866,-36.661471
Erftstadt,Germany,50.8027168,6.8031625
Villemomble,France,48.881886,2.5076181
Taldyqorghan,Kazakhstan,45.0164138,78.3791841
Visalia,United States,36.3302284,-119.292058
Graz,Austria,47.0708678,15.4382786
Sunbury,Australia,-37.5791363,144.7279832
Antony,France,48.753613,2.2958034
Farnborough,United Kingdom,51.2918693,-0.7539836
Ulm,Germany,48.3984968,9.9912458
Ocotlan,Mexico,20.3514474,-102.768809
Mombasa,Kenya,-4.05052,39.667169
Rajkot,India,22.3053263,70.8028377
Perpignan,France,42.6985304,2.8953121
San Juan de la Maguana,Dominican Republic,18.8973876,-71.2411711
San Lorenzo,Paraguay,-25.3425224,-57.509397
College Station,United States,30.6183939,-96.3455991
Friedrichshafen,Germany,47.6500279,9.4800858
Nevsehir,Turkey,38.7235072,34.7194168
Damaturu,Nigeria,11.747,11.9608
Datong,China,40.0919817,113.2951122
Santo Domingo de los Colorados,Ecuador,-2.910124,-78.9848484
Sohag,Egypt,26.7624628,32.0909936
Genk,Belgium,50.9654864,5.5001456
Barnsley,United Kingdom,53.5527719,-1.4827755
Maradi,Niger,13.501206,7.102534
Caluire-et-Cuire,France,45.7969952,4.8423304
Granollers,Spain,41.6079555,2.2876008
Tatui,Brazil,-23.3489848,-47.8490165
Green Bay,United States,44.5126379,-88.0125794
Champigny-sur-Marne,France,48.8137847,2.510611
Sannois,France,48.9717267,2.2568296
Lawton,United States,34.6086854,-98.3903305
Solihull,United Kingdom,52.4130189,-1.7768935
Musoma,Tanzania,-1.4998186,33.8083018
Medina,Saudi Arabia,24.471153,39.6111216
Namur,Belgium,50.4665284,4.8661892
Rennes,France,48.1113387,-1.6800198
Freeport,United States,42.2966861,-89.6212271
Royal Oak,United States,42.4894801,-83.1446485
Feira de Santana,Brazil,-12.2578934,-38.9598047
Torreon,Mexico,25.542698,-103.410512
Changwon,South Korea,35.227956,128.6818586
Cuxhaven,Germany,53.86878,8.698286
Mykolayiv,Ukraine,46.9382954,32.0621661
Muzaffarpur,India,26.1482548,85.3316097
Salina Cruz,Mexico,16.1977788,-95.2131936
Akron,United States,41.083064,-81.518485
Katowice,Poland,50.2137321,19.0058878
Muskogee,United States,35.6630196,-95.3927706
Joao Pessoa,Brazil,-7.1215981,-34.882028
Bellary,India,15.1430224,76.9173277
Gorakhpur,India,26.6677977,83.3642334
Holland,United States,42.7876022,-86.1090828
Lorain,United States,41.2633554,-82.1734746
Sokode,Togo,8.9874175,1.1357852
Austin,United States,30.2711286,-97.7436995
Ijui,Brazil,-28.3878734,-53.9201692
Depok,Indonesia,-6.40719,106.8158371
Rhondda,United Kingdom,50.1938336,-5.4234913
Ouagadougou,Burkina Faso,12.3681873,-1.5270944
Mantes-la-Jolie,France,48.9891971,1.7140683
Madero,Mexico,19.3541295,-101.1754981
Manteca,United States,37.7986184,-121.2117148
Paramaribo,Suriname,5.8241764,-55.1662813
Ulaanbaatar,Mongolia,47.9184676,106.9177016
Longjumeau,France,48.6943793,2.2953297
Fortaleza,Brazil,-3.7304512,-38.5217989
Campeche,Mexico,19.0,-90.5
Matagalpa,Nicaragua,12.940323,-85.6960942
Lodi,United States,38.1342805,-121.2736022
Pekanbaru,Indonesia,0.5262455,101.4515727
Bijie,China,27.2150032,105.215166
Bhavnagar,India,21.7718836,72.1416449
Hartlepool,United Kingdom,54.6857276,-1.2093696
Kharkiv,Ukraine,49.9923181,36.2310146
Frontignan,France,43.4489444,3.7530925
Lublin,Poland,51.2181945,22.5546776
Feira,Portugal,40.9316799,-8.5523062
Zunyi,China,27.6912954,106.9155974
Djougou,Benin,9.7106683,1.6651614
Bryansk,Russia,53.2788979,34.3659113
Villingen-Schwenningen,Germany,48.063152,8.4929618
Rach Gia,Vietnam,10.0271631,105.0904813
Schiltigheim,France,48.6047148,7.7484488
Bur Sudan,Sudan,19.619217,37.211709
Massa,Italy,44.0359323,10.1395519
Pitalito,Colombia,1.8171632,-76.1021362
Maringa,Brazil,-23.425269,-51.9382078
Luton,United Kingdom,51.891073,-0.4230304
Kokshetau,Kazakhstan,53.2852054,69.3814676
Raleigh,United States,35.7803977,-78.6390989
Costa Mesa,United States,33.6633386,-117.903317
Pau,France,43.2957547,-0.3685668
Chaguanas,Trinidad and Tobago,10.5147394,-61.4076757
Wad Madani,Sudan,14.3965781,33.5309561
Delgado,El Salvador,13.7126863,-89.17374
Plock,Poland,52.5353471,19.7136301
Vladimir,Russia,56.1288899,40.4075203
Acarigua,Venezuela,9.5507961,-69.2032823
Ugep,Nigeria,5.8086,8.0812
Manzini,Swaziland,-26.4976444,31.3750815
Mainz,Germany,49.9995205,8.2736253
Marrakech,Morocco,31.6258257,-7.9891608
Kerpen,Germany,50.3008642,6.7397609
Wigan,United Kingdom,53.5457188,-2.6264624
Santa Catarina,Mexico,25.6745052,-100.4616371
Oak Park,United States,41.8878145,-87.7887615
Ponferrada,Spain,42.5454124,-6.5938719
Shanwei,China,23.0123639,115.5099937
Angarsk,Russia,52.5443167,103.8882138
Blois,France,47.5876861,1.3337639
Samarinda,Indonesia,-0.5017804,117.1393089
Giyani,South Africa,-23.315278,30.725556
Brandenburg,Germany,52.8455492,13.2461296
Cluj-Napoca,Romania,46.769379,23.5899542
San Miguelito,Panama,9.0551061,-79.4933063
Qingdao,China,36.0663249,120.3777659
Port Saint Lucie,United States,27.2939333,-80.3503283
Belgrade,Serbia,44.8178131,20.4568974
Pescara,Italy,42.3102619,13.9575901
Nagaoka,Japan,37.446996,138.8512199
Modica,Italy,36.8589209,14.7613018
Saint-Nazaire,France,47.2733517,-2.2138905
Bourges,France,47.0811658,2.399125
Seremban,Malasia,2.723099,101.9400601
Zaria,Nigeria,11.0248119,7.6518533
Batna,Argelia,35.3384291,5.7315453
Cavaillon,France,43.8356808,5.0383522
Huelva,Spain,37.2575874,-6.9484945
Poznan,Poland,52.4082663,16.9335199
Aracatuba,Brazil,-21.207992,-50.4390225
Rillieux-la-Pape,France,45.823514,4.8994366
Bihar Sharif,India,25.193859,85.5208617
Buffalo,United States,42.8867166,-78.8783922
Kitchener,Canada,43.451291,-80.4927815
San Bernardo,Chile,-33.5922859,-70.7045838
Savigny-le-Temple,France,48.5958681,2.5798953
Tamworth,United Kingdom,52.6345819,-1.6948438
Montes Claros,Brazil,-16.7495727,-43.8687268
Kathmandu,Nepal,27.708317,85.3205817
Biarritz,France,43.4711437,-1.5527266
Praia Grande,Brazil,-24.008979,-46.4144939
Denpasar,Indonesia,-8.6524973,115.2191175
Tasikmalaya,Indonesia,-7.3262484,108.2201154
Linares,Mexico,24.8530057,-99.4103419
San Pedro,Filipinas,14.3639435,121.056771
Waitakere,New Zealand,-41.9835513,171.4920839
Le Creusot,France,46.8054064,4.4285961
Obregon,Mexico,27.4846619,-109.9337782
San Pablo de las Salinas,Mexico,19.67091,-99.0857988
Busan,South Korea,35.1799528,129.0752365
Iasi,Romania,47.1615598,27.5837814
Mendoza,Argentina,-34.787093,-68.4381868
Overland Park,United States,38.9742502,-94.6851702
Clichy-sous-Bois,France,48.910939,2.5460722
Nogent-sur-Oise,France,49.2720766,2.469591
Quelimane,Mozambique,-17.87751,36.890216
Cienfuegos,Cuba,22.1459864,-80.4530775
Bolivar,Venezuela,6.0383525,-63.4543944
Brampton,Canada,43.685832,-79.7599366
Paulista,Brazil,-7.9340069,-34.868407
Maseru,Lesoto,-29.310054,27.478222
Burlington,United States,44.4761601,-73.212906
Kenitra,Morocco,34.26457,-6.570169
Astrakhan,Russia,46.3498308,48.0326203
Kigali,Rwanda,-1.8859597,30.1296751
Birkenhead,United Kingdom,53.3895177,-3.0248007
Ashdod,Israel,31.8131529,34.6480418
Pingxiang,China,27.5440835,113.9513109
Harrogate,United Kingdom,53.9921491,-1.5391039
Rheine,Germany,52.2797707,7.4373615
Rimini,Italy,43.9465433,12.630749
Bilbao,Spain,43.2630018,-2.9350039
Yaroslavl,Russia,57.6263877,39.8933705
Ardebil,Iran,38.4583983,47.9313001
Le Havre,France,49.4938975,0.1079732
Bagcilar,Turkey,41.034547,28.8567558
Greenville,United States,34.851354,-82.3984882
Cuajimalpa,Mexico,19.3572429,-99.2996246
Basra,Iraq,30.4952371,47.8090981
Valence,France,44.9332277,4.8920811
Padang,Indonesia,-0.9247587,100.3632561
Bengkulu,Indonesia,-4.0035184,101.8393474
Palma de Mallorca,Spain,39.5695818,2.6500745
Fukui,Japan,35.9263502,136.6068127
Andradina,Brazil,-20.896505,-51.3742765
St. John's,Canada,47.5646794,-52.7066964
Auburn,United States,32.6098566,-85.4807825
Newcastle upon Tyne,United Kingdom,54.9738474,-1.6131572
Pinheiro,Brazil,-2.5270459,-45.0866463
Burnie,Australia,-41.0523688,145.9064073
Le Blanc-Mesnil,France,48.9385489,2.4631476
Diadema,Brazil,-23.6866428,-46.6246935
Sari,Iran,36.5537458,53.0602761
Traralgon,Australia,-38.1946636,146.5381646
Azcapotzalco,Mexico,19.4838908,-99.1843937
Glendale,United States,34.1469416,-118.2478471
Brighton,United Kingdom,50.8214626,-0.1400561
Argentan,France,48.74289,-0.0223386
Miass,Russia,55.0505685,60.1087125
Santa Fe,Argentina,-30.3154739,-61.1645076
Meerut,India,29.0018557,77.7679671
Bajos de Haina,Dominican Republic,18.4321727,-70.031006
Gaya,India,24.6793889,85.0115833
Chinautla,Guatemala,14.7422136,-90.4830554
Plainfield,United States,41.6086711,-88.2054345
Grodno,Belarus,53.6834599,23.8342648
Cucuta,Colombia,8.0776187,-72.4689002
Long Beach,United States,33.7690164,-118.191604
Jiangyan,China,32.5112693,120.1231831
Les Abymes,Guadalupe,16.2706436,-61.5057749
Stourbridge,United Kingdom,52.4577615,-2.1474345
Margate,United States,26.2445263,-80.206436
Avadi,India,13.1194809,80.1026704
Taipei,Taiwan,25.0375198,121.5636796
Osmaniye,Turkey,37.2517882,36.2993502
Changsha,China,28.1450774,113.2384362
Huddinge,Sweden,59.216667,18.0
Saharanpur,India,29.9856799,77.5040646
Srinagar,India,34.0747444,74.8204443
Galway,Ireland,53.2744122,-9.0490601
Annecy,France,45.8992348,6.1288847
Bradford,United Kingdom,53.7944229,-1.7519186
Bhopal,India,23.2584857,77.401989
Bielsko-Biala,Poland,49.822118,19.0448936
Kananga,Democratic Republic of the Congo,-5.8951725,22.408589
Rabat,Morocco,34.0218454,-6.8408929
Jieshou,China,33.2619055,115.3540362
Yuanjiang,China,23.5991148,101.9947641
Balikpapan,Indonesia,-1.2398711,116.8593379
Fuzhou,China,26.0774954,119.2918215
Oceanside,United States,33.1958696,-117.379483
Plano,United States,33.0136764,-96.6925096
Bursa,Turkey,39.9895878,28.8944669
Kocaeli,Turkey,40.8216536,29.9507184
Sidi Qacem,Morocco,34.226412,-5.711434
Palencia,Spain,42.4096322,-4.6161004
Koshigaya,Japan,35.8903993,139.7908633
Jixi,China,45.65802,132.461493
Uithoorn,Netherlands,52.2411412,4.8251096
Bry-sur-Marne,France,48.8352872,2.5193322
Tehuacan,Mexico,18.4658011,-97.3978348
Yokkaichi,Japan,34.9648428,136.624845
Trieste,Italy,45.6496485,13.7772781
Odense,Denmark,55.3997225,10.3852104
Maputo,Mozambique,-25.966213,32.56745
Kumba,Cameroon,4.6378368,9.4409446
San Marcos,United States,29.8826436,-97.9405828
Wuppertal,Germany,51.264018,7.1780374
Resistencia,Argentina,-27.6048829,-59.1932003
Khemisset,Morocco,33.830287,-6.072605
Timisoara,Romania,45.7538355,21.2257474
Chittagong,Bangladesh,22.333778,91.8344348
Colombo,Brazil,-25.2925439,-49.2243472
Portage,United States,41.1496775,-81.2082
Redding,United States,40.5863563,-122.391675
San Clemente,United States,33.4270275,-117.6124179
Ploemeur,France,47.7354591,-3.4270534
Xinxiang,China,35.308611,114.051111
Handan,China,36.6107711,114.4857072
Harrow,United Kingdom,51.5968271,-0.3373046
Shashi,China,30.3144274,112.2524983
Fuji,Japan,35.362799,138.730781
Jequie,Brazil,-13.8604033,-40.0719627
Moreno Valley,United States,33.9375177,-117.2305791
Konya,Turkey,37.872734,32.4924376
Siegen,Germany,50.8751175,8.0256131
Eskisehir,Turkey,39.7743941,30.519116
Ajman,United Arab Emirates,25.5091287,55.3619072
Bata,Equatorial Guinea,2.0064092,9.9087683
Eindhoven,Netherlands,51.4392648,5.478633
Avignon,France,43.9492493,4.8059012
La Teste-de-Buch,France,44.6316943,-1.1491319
Nuremberg,Germany,49.453872,11.077298
Burnley,United Kingdom,53.7907262,-2.2439196
Chihuahua,Mexico,28.5000001,-106.0000001
Gravesend,United Kingdom,51.4424747,0.3694468
Harlingen,United States,26.1907543,-97.6960599
Denain,France,50.3270926,3.3943729
Fatehpur,India,25.8348023,80.9154547
Palembang,Indonesia,-2.9888243,104.7568507
Doetinchem,Netherlands,51.9585348,6.2814551
Grand Rapids,United States,42.9632425,-85.6678639
Alkmaar,Netherlands,52.6008538,4.8170994
Shangzhi,China,45.2133989,127.9634816
Versailles,France,48.8035403,2.1266886
Ibiuna,Brazil,-23.6544825,-47.220856
Al Hudayda,Yemen,14.7978677,42.9544872
Oviedo,Spain,43.3618625,-5.8483581
Mar del Plata,Argentina,-37.9976168,-57.5482079
Liaoyang,China,41.2742898,123.1695757
Redmond,United States,47.6694141,-122.1238767
Boa Vista,Brazil,2.8208478,-60.6719582
Guanambi,Brazil,-14.223066,-42.779943
Tallaght,Ireland,53.2878082,-6.362355
Jalna,India,19.918833,75.8708599
Drammen,Norway,59.6964936,10.175642
Juazeiro,Brazil,-9.4336959,-40.5068201
Pinar del Rio,Cuba,22.312447,-83.9389386
Qom,Iran,34.6422939,50.8801184
Acayucan,Mexico,18.0281048,-95.0359382
Nanchong,China,31.210219,106.231735
Wilmington,United States,39.7459468,-75.546589
Les Clayes-sous-Bois,France,48.8214478,1.9871825
Kingswood,United Kingdom,51.4627405,-2.5083916
Bochum,Germany,51.4818111,7.2196635
Seropedica,Brazil,-22.7438887,-43.6991998
Irving,United States,32.8295183,-96.9442177
Chiclayo,Peru,-6.7716146,-79.8387175
Aylesbury,United Kingdom,51.8161412,-0.8130383
Peshawar,Pakistan,34.0123846,71.5787458
Tangier,Morocco,35.7696302,-5.8033522
Heidelberg,Germany,49.4093582,8.694724
Vichy,France,46.124017,3.4203658
Hiratsuka,Japan,35.3350609,139.3494345
Puente Alto,Chile,-33.6095279,-70.5754736
Diyarbakir,Turkey,37.9162222,40.2363542
Karaganda,Kazakhstan,49.1767322,74.1811272
Jos,Nigeria,9.9175125,8.8979401
Kawagoe,Japan,35.9251145,139.4856927
Hangzhou,China,30.2489634,120.2052342
Cary,United States,35.7882893,-78.7812081
Aracaju,Brazil,-10.9162061,-37.0774655
Les Pavillons-sous-Bois,France,48.9082988,2.5034999
Menton,France,43.7753495,7.5029213
Polatsk,Belarus,55.4854656,28.7682339
San Andres Tuxtla,Mexico,18.4633672,-95.1983153
Sao Goncalo,Brazil,-22.821635,-42.9956797
Montevideo,Uruguay,-34.9058916,-56.1913095
Kismaayo,Somalia,-0.3602433,42.5409025
Yalova,Turkey,40.5928976,29.0776117
Osasco,Brazil,-23.5324859,-46.7916801
Manaus,Brazil,-3.1316333,-59.9825041
Bangor,United States,44.8016255,-68.7713289
Pine Bluff,United States,34.2228884,-92.004334
Dar es Salaam,Tanzania,-6.8160837,39.2803583
Amatitlan,Guatemala,14.4792381,-90.6195248
Norwich,United Kingdom,52.6285576,1.2923954
Anaheim,United States,33.8347516,-117.911732
Soweto,South Africa,-26.2227778,27.89
Wiesbaden,Germany,50.0820384,8.2416556
Huddersfield,United Kingdom,53.6466645,-1.7822482
Darwin,Australia,-12.46044,130.8410469
Kuantan,Malasia,3.7985637,103.32199
Lowell,United States,42.6414437,-71.3085329
Cabimas,Venezuela,10.395075,-71.4414049
Beykoz,Turkey,41.1343001,29.0920378
Saint-Pierre-des-Corps,France,47.3898152,0.7189761
Redditch,United Kingdom,52.3057655,-1.9417444
Daegu,South Korea,35.8713,128.6018
Celle,Germany,52.624056,10.081052
Shahriar,Iran,35.6589015,51.0586022
Cochabamba,Bolivia,-17.4012458,-66.1675681
Chililabombwe,Zambia,-12.3681241,27.8357281
Calamba,Filipinas,14.2060217,121.1556496
Iguala,Mexico,18.3466358,-99.5376944
Benghazi,Libya,32.1200168,20.0812174
Aurangabad,India,19.877263,75.3390241
Frankfurt,Germany,50.1106444,8.6820917
Puertollano,Spain,38.6852161,-4.1111749
Les Herbiers,France,46.871379,-1.0150646
Taizz,Yemen,13.5752242,44.0215268
Limeira,Brazil,-22.5615068,-47.401766
Coudekerque-Branche,France,51.020878,2.3894321
Sumy,Ukraine,50.9119775,34.8027723
Bacoor,Filipinas,14.458816,120.959579
Groningen,Netherlands,53.2190652,6.5680077
Hurghada,Egypt,27.222556,33.8307062
Gujranwala,Pakistan,32.1525312,74.1933745
Qarshi,Uzbekistan,38.839824,65.7927794
Gaziemir,Turkey,38.3262756,27.1399665
Hempstead,United States,40.6736812,-73.6190736
Pickering,Canada,43.835765,-79.090576
Kisumu,Kenya,-0.1029109,34.7541761
Cachan,France,48.7945413,2.3340758
Rotterdam,Netherlands,51.9244424,4.47775
St. Gallen,Switzerland,47.425618,9.3762397
Wuxi,China,31.5776626,120.2952752
Iserlohn,Germany,51.3746778,7.6999713
Dordrecht,Netherlands,51.814429,4.6692438
Nha Trang,Vietnam,12.2084991,109.2871204
Ghaziabad,India,28.7749966,77.4586967
Bristol,United States,41.7425538,-71.0856545
Hamadan,Iran,34.9726302,48.6563818
Jember,Indonesia,-8.1688563,113.7021772
Toronto,Canada,43.6534817,-79.3839347
Whangarei,New Zealand,-35.7275268,174.3194202
Aulnay-sous-Bois,France,48.934231,2.499789
Timaru,New Zealand,-44.3930254,171.2509786
Albi,France,43.9277552,2.147899
Porto,Portugal,41.1502195,-8.6103497
Les Pennes-Mirabeau,France,43.4098822,5.3090324
Sumare,Brazil,-22.8217964,-47.267105
Tianjin,China,39.3032619,117.4163641
Presidente Dutra,Brazil,-11.2959181,-41.9871566
Douarnenez,France,48.0944459,-4.3311243
Nairobi,Kenya,-1.2832533,36.8172449
Divinopolis,Brazil,-20.1597921,-44.8739341
Dubbo,Australia,-32.2478964,148.6026502
Montgomery,United States,32.37742,-86.3091683
Conflans-Sainte-Honorine,France,48.9938791,2.0949768
Rivne,Ukraine,51.2074112,26.5208033
Plymouth,United Kingdom,50.3714122,-4.1424451
Zhengzhou,China,34.7472531,113.619321
Siena,Italy,43.1672059,11.467561
San Luis Obispo,United States,35.3540209,-120.375716
David,Panama,8.4371469,-82.4286281
Bourg-en-Bresse,France,46.2051192,5.2250324
Evry,France,48.6241665,2.4289667
Erlangen,Germany,49.5891571,10.9812072
Sindelfingen,Germany,48.7084162,9.0035455
Rubi,Spain,41.4936194,2.0319476
Zaporiyia,Ukraine,47.8507859,35.1182867
Igarassu,Brazil,-7.8354423,-34.9061125
K'ut'aisi,Georgia,42.248,42.7001
Bandirma,Turkey,40.3554705,27.9697603
Acambaro,Mexico,20.0708475,-100.7447445
Zhenjiang,China,32.1891959,119.4200069
Rasht,Iran,37.2793607,49.5846102
Almelo,Netherlands,52.3563585,6.6636219
Samsun,Turkey,41.2303557,35.9683338
Kowloon,Hong Kong,22.3049255,114.1616003
Ufa,Russia,54.7261409,55.947499
Daejeon,South Korea,36.3497007,127.3849016
Santiago de Compostela,Spain,42.8804219,-8.5458608
Bissau,Guinea-Bissau,11.861324,-15.583055
Quimper,France,47.9960325,-4.1024782
Viransehir,Turkey,38.1852101,34.2086393
Port Arthur,United States,29.8716577,-93.9332302
Vannes,France,47.6586772,-2.7599079
Wetter (Ruhr),Germany,51.3879463,7.3951553
Mathura,India,27.4955539,77.6855554
Jalalabad,Afghanistan,34.430195,70.460128
Bamako,Mali,12.649319,-8.000337
Warri,Nigeria,5.5186186,5.7480196
Luanshya,Zambia,-13.131866,28.4175195
Basel,Switzerland,47.5581077,7.5878261
Lafayette,United States,30.2262187,-92.0178202
Barquisimeto,Venezuela,10.0774374,-69.3222293
Misurata,Libya,32.3745923,15.0905803
Cherbourg-Octeville,France,49.634413,-1.6285858
Bridgeton,United States,38.7566055,-90.42352
Pirapora,Brazil,-17.3493765,-44.9507904
Colon,Panama,9.3553005,-79.8974085
Taboao da Serra,Brazil,-23.6121912,-46.7790539
Leicester,United Kingdom,52.6362,-1.1331969
Turmero,Venezuela,10.2217183,-67.4865808
Handa,Japan,34.8938136,136.9369523
Melilla,Spain,35.2929114,-2.9507202
Votuporanga,Brazil,-20.4252908,-49.972028
La Ciotat,France,43.1758591,5.6062495
Bielefeld,Germany,52.0191005,8.531007
Sogamoso,Colombia,5.7148307,-72.9279328
Quito,Ecuador,-0.2201641,-78.5123274
Udaipur,India,24.578721,73.6862571
Castelldefels,Spain,41.2861022,1.9824173
Bedford,United Kingdom,52.1363806,-0.4675041
San Antonio,United States,29.4246002,-98.4951405
Kaiyuan,China,23.7106875,103.378104
Broken Hill,Australia,-31.965,141.4511111
Braga,Portugal,41.5510583,-8.4280045
Hoover,United States,33.350293,-86.851123
Haifa,Israel,32.8191218,34.9983856
Lismore,Australia,-28.8077608,153.2791883
Surakarta,Indonesia,-7.5692489,110.828448
Turgutlu,Turkey,38.5000458,27.7084176
Avon,France,48.4048867,2.7207225
Rustenburg,South Africa,-25.665655,27.241448
Tigard,United States,45.4307473,-122.771933
Durg,India,21.1982964,81.4007922
Thane,India,19.1943294,72.9701779
Orlando,United States,28.5421109,-81.3790304
Changchun,China,43.8844201,125.3180998
Lakeville,United States,44.650051,-93.2432791
Kremenchuk,Ukraine,49.0928528,33.4308188
Alice Springs,Australia,-23.6983884,133.8812885
Bandundu,Democratic Republic of the Congo,-4.4137734,18.2941215
La Madeleine,France,50.654401,3.0733338
Al Hillah,Iraq,32.482245,44.4328131
Shimoga,India,14.0556502,75.2380553
Cainta,Filipinas,14.5780161,121.1163072
Saint-Germain-en-Laye,France,48.8990413,2.0942792
Tepic,Mexico,21.5119156,-104.8915889
Viersen,Germany,51.2562118,6.3905476
Mezitli,Turkey,36.7495289,34.5307018
Edinburg,United States,26.3013982,-98.1624501
Santa Rosa,Brazil,-27.8643546,-54.4779287
Andijon,Uzbekistan,40.7833471,72.3506746
Lake Forest,United States,42.2586461,-87.8407055
Chandigarh,India,30.7334421,76.7797143
Pimpri,India,18.6231854,73.8019932
Cremona,Italy,45.2208641,10.037038
Montesson,France,48.9076492,2.149134
Canakkale,Turkey,40.0549886,26.9278292
Abakaliki,Nigeria,6.3208897,8.1133202
Oxford,United Kingdom,51.7520131,-1.2578499
East Kilbride,United Kingdom,55.7601174,-4.1796401
Sao Bernardo do Campo,Brazil,-23.7080345,-46.5506747
Worms,Germany,49.6302618,8.3620898
Pila,Poland,53.1347194,16.7527254
Las Pinas,Filipinas,14.4809012,120.9817861
Mardin,Turkey,37.3611355,40.8959403
Garland,United States,32.912624,-96.6388833
Rochefort,France,45.9366592,-0.9616399
Crewe,United Kingdom,53.0996153,-2.4414627
Saint-Cyr-sur-Loire,France,47.4052448,0.6658199
Poltava,Ukraine,49.8607809,33.7498787
Nzerekore,Guinea,8.3925728,-8.8572519
Sialkot,Pakistan,32.4935378,74.5411575
Herat,Afghanistan,34.3491443,62.2163252
Preston,United Kingdom,53.7593363,-2.6992717
Manzanillo,Cuba,20.3454054,-77.1201225
Tunisia,Tunisia,33.8439408,9.400138
Wolverhampton,United Kingdom,52.5847651,-2.127567
Basildon,United Kingdom,51.5754602,0.4757363
Elazig,Turkey,38.5824771,39.396179
Agadir,Morocco,30.4205162,-9.5838532
Roanne,France,46.0345572,4.0729178
Prato,Italy,43.9357181,11.0941473
Amarillo,United States,35.20729,-101.8371192
Vantaa,Finland,60.2933337,25.0407809
Beaumont,United States,30.0829344,-94.0984277
Nicolas Romero,Mexico,19.6342263,-99.3695564
St. Catharines,Canada,43.1579812,-79.2441003
Bokaro,India,23.6991279,85.9910689
Sarkand,Kazakhstan,45.4109229,79.9155159
Joinville,Brazil,-26.3044898,-48.8486726
Umuarama,Brazil,-23.7621152,-53.3116192
Wallasey,United Kingdom,53.4241208,-3.0394101
Tongchuan,China,34.8972729,108.9403845
Aoba-ku,Japan,38.2691248,140.8705271
Murrieta,United States,33.560832,-117.210656
Gandia,Spain,38.9675925,-0.1803423
Porto-Novo,Benin,6.4990718,2.6253361
Craiova,Romania,44.3190159,23.7965614
Wheeling,United States,40.0639616,-80.7209149
La Mesa,United States,32.7678288,-117.0230839
Offenburg,Germany,48.4695984,7.9429235
Tengzhou,China,35.1139509,117.1600052
Lancaster,United States,40.0379958,-76.3056707
Sidi Bel Abbes,Argelia,34.682268,-0.4357555
Jonesboro,United States,35.8348088,-90.7045297
Arauca,Colombia,6.6666755,-71.0000086
Guacara,Venezuela,10.2172127,-67.8836179
Poza Rica de Hidalgo,Mexico,20.5376574,-97.4451248
Guelma,Argelia,36.3491635,7.409499
Resende,Brazil,-22.4683626,-44.4463494
Arlington Heights,United States,42.0811563,-87.9802164
Orsay,France,48.699184,2.187457
Willich,Germany,51.2641433,6.5446958
Anapolis,Brazil,-16.3332828,-48.9525756
Guilin,China,25.2779894,110.2910622
Potchefstroom,South Africa,-26.707778,27.095833
East Orange,United States,40.7642404,-74.215011
Huambo,Angola,-12.7772455,15.7346713
Modena,Italy,44.5384728,10.9359609
Chester,United States,39.9829308,-75.7652424
Venlo,Netherlands,51.3924489,6.1511724
Tucson,United States,32.2228765,-110.974847
Arles,France,43.6776223,4.6309653
Tekirdag,Turkey,41.0731403,27.4102013
Utrecht,Netherlands,52.0907006,5.1215634
Thiruvananthapuram,India,8.4882267,76.947551
Sheboygan,United States,43.7128967,-87.9370433
Ivano-Frankivs'k,Ukraine,48.9224763,24.710334
Saida,Argelia,34.743349,0.2440764
Fes,Morocco,34.0346534,-5.0161926
Ibague,Colombia,4.4386033,-75.2108857
Le Bouscat,France,44.8661755,-0.5992399
Mosquera,Colombia,4.7002001,-74.2385058
Shulan,China,44.299444,127.171944
Lanester,France,47.7639726,-3.3444489
Uskudar,Turkey,41.0265498,29.0151321
Palmerston,Australia,-35.1944606,149.1194145
Tirupati,India,13.6316368,79.4231711
Mococa,Brazil,-21.464731,-47.002405
Lippstadt,Germany,51.6747074,8.347194
Weihai,China,37.5120997,122.1152599
Echuca,Australia,-36.1281405,144.7516955
Navegantes,Brazil,-26.8898813,-48.6495828
Bento Goncalves,Brazil,-29.1654014,-51.5197627
Dzhezkazgan,Kazakhstan,47.80434,67.7145674
Luoyang,China,34.6196539,112.4477046
Sorocaba,Brazil,-23.5003451,-47.4582864
Sioux Falls,United States,43.5476008,-96.7293629
Sandnes,Norway,58.983132,6.394641
Kettering,United Kingdom,52.3994233,-0.728004
Smyrna,United States,39.2998339,-75.6046494
Simoes Filho,Brazil,-12.7867839,-38.4030365
Kumasi,Ghana,6.6985605,-1.6233086
Urganch,Uzbekistan,41.5517903,60.631281
Cuenca,Ecuador,-2.8974072,-79.0041726
Cuneo,Italy,44.4580703,7.5581367
Guasave,Mexico,25.5046381,-108.5399603
Hayange,France,49.3304353,6.0636733
Blagoveshchensk,Russia,50.2600417,127.5337378
New Plymouth,New Zealand,-39.0579941,174.0806474
Mohammedia,Morocco,33.6958383,-7.3893292
Illkirch-Graffenstaden,France,48.5298611,7.7116218
Shushtar,Iran,32.0492034,48.851281
Torcy,France,50.4830626,2.02302
Shanghai,China,31.2312707,121.4700152
Banjarmasin,Indonesia,-3.3187496,114.5925828
Ibaraki,Japan,36.2869536,140.4703384
Malatya,Turkey,38.3487153,38.3190674
Lansing,United States,42.7338254,-84.5546295
Botosani,Romania,47.8528263,26.759334
Cortama,Spain,37.2242,-4.4662
Nouakchott,Mauritania,18.0792379,-15.9780071
Montrouge,France,48.8188544,2.3194375
Livry-Gargan,France,48.917335,2.5298854
Galati,Romania,45.4338215,28.0549395
Qiqihar,China,47.7363891,124.6567611
Watford,United Kingdom,51.6553875,-0.3957425
Independence,United States,39.0924792,-94.4137923
Gateshead,United Kingdom,54.9625789,-1.6019294
Uberlandia,Brazil,-18.9188041,-48.2767837
Messaad,Argelia,34.1540811,3.492231
Pembroke Pines,United States,26.0061943,-80.2872086
Hardenberg,Netherlands,52.5754706,6.6188242
Chenzhou,China,25.7733598,113.0094337
Tapachula,Mexico,14.9258055,-92.3221957
Corrientes,Argentina,-28.9956512,-57.812458
Xiamen,China,24.5438732,118.0768065
Velbert,Germany,51.3406713,7.0439912
Nanyang,China,33.0010496,112.5292693
Maisons-Alfort,France,48.8012045,2.4309703
Guyana,Venezuela,10.5103053,-66.8546292
Port Harcourt,Nigeria,4.7676576,7.0188527
Salvador,Brazil,-12.9822499,-38.4812772
Swindon,United Kingdom,51.5615327,-1.7854322
Bossier City,United States,32.515887,-93.7336536
Cruzeiro,Brazil,-22.5783685,-44.9642044
Paisley,United Kingdom,55.8455828,-4.4239646
Nicoya,Costa Rica,10.103348,-85.4152942
Vanves,France,48.8212037,2.289259
Dewsbury,United Kingdom,53.6909103,-1.6302142
Swansea,United Kingdom,51.6195955,-3.9459248
Itapetininga,Brazil,-23.588607,-48.048326
Zwolle,Netherlands,52.5089759,6.0943765
Plantation,United States,26.1275862,-80.2331036
Maroua,Cameroon,10.6033083,14.3281625
Baoding,China,38.8579735,115.490696
Ravenna,Italy,44.3640607,12.0590095
New Castle,United States,40.9999202,-80.3471856
Sao Pedro da Aldeia,Brazil,-22.8384835,-42.1031604
El Limon,Venezuela,10.2925851,-67.6298607
Botshabelo,South Africa,-29.232412,26.733255
Minna,Nigeria,9.6187093,6.5475752
Ararangua,Brazil,-28.9348832,-49.4858389
Baruta,Venezuela,10.4350067,-66.8734682
Longview,United States,32.5007031,-94.74049
Barddhaman,India,23.25,87.75
Dabrowa Gornicza,Poland,50.3308692,19.2078918
Saint-Malo,France,48.649518,-2.0260409
Boa Esperanca,Brazil,-21.0901253,-45.5660195
Dorsten,Germany,51.6604071,6.9647431
Shangqiu,China,34.4168215,115.6507447
Uvarovo,Russia,51.9838919,42.2664426
Kure,Japan,34.2484488,132.5652498
Civitavecchia,Italy,42.0937524,11.7922462
Brive-la-Gaillarde,France,45.1584982,1.5332389
Meizhou,China,24.2918414,116.1171428
Manizales,Colombia,5.0743694,-75.5081167
Cadereyta,Mexico,25.4870614,-103.1644436
Kozan,Turkey,37.4477857,35.8166308
Nantes,France,47.2186371,-1.5541362
Las Piedras,Uruguay,-34.7274904,-56.2164982
Sikasso,Mali,11.529684,-6.8663259
Caldwell,United States,29.8298971,-97.5959641
Coral Springs,United States,26.271192,-80.2706044
Palu,Indonesia,-0.9051548,119.8722373
Mouscron,Belgium,50.7436672,3.2142729
Presidente Prudente,Brazil,-22.1225167,-51.3882528
Saqqez,Iran,36.2427456,46.2705227
Taverny,France,49.0265888,2.2234971
Thies Nones,Senegal,14.7833,-16.9333
Keren,Eritrea,15.780477,38.453606
Ajmer,India,26.4691,74.639
Halmstad,Sweden,56.6739826,12.8574827
Battipaglia,Italy,40.6092539,14.9821443
Martigues,France,43.4057279,5.0548176
New Rochelle,United States,40.9115386,-73.7826363
Bergamo,Italy,45.7566557,9.7542192
Port Elizabeth,South Africa,-33.9618359,25.6186512
North Las Vegas,United States,36.2005843,-115.121584
San Nicolas de los Arroyos,Argentina,-33.3277089,-60.2165909
Bouake,Ivory Coast,7.6890212,-5.0283552
Pontoise,France,49.0508845,2.1008067
Budapest,Hungary,47.4978789,19.0402383
Villenave-d'Ornon,France,44.7737872,-0.5595029
Middletown,United States,41.5623178,-72.6509061
Crotone,Italy,39.1873894,16.8782819
Chimoio,Mozambique,-19.1437458,33.4780059
Aguas Lindas de Goias,Brazil,-15.7392283,-48.2793357
Lugo,Spain,43.0396042,-7.4566072
Niteroi,Brazil,-22.8884,-43.1147
Bayamo,Cuba,20.3734145,-76.6494244
Dewas,India,22.8057498,76.2940408
Novo Cruzeiro,Brazil,-17.4674406,-41.8767107
Hamm,Germany,50.0165178,6.4184628
Rouen,France,49.4404591,1.0939658
Holyoke,United States,42.2071184,-72.6075851
Cottbus,Germany,51.7567447,14.3357307
Montauban,France,44.0175835,1.3549991
Siauliai,Lithuania,55.9340823,23.3157775
Helsinki,Finland,60.1674881,24.9427473
Lanxi,China,29.2117769,119.455345
Foumban,Cameroon,5.7282262,10.8971603
Montigny-le-Bretonneux,France,48.7698937,2.0381228
Woodland,United States,38.6786109,-121.7733285
Solingen,Germany,51.1721629,7.0845893
Mons-en-Baroeul,France,50.6428547,3.1093516
Concord,United States,43.207178,-71.537476
Bastia,France,42.6993979,9.4509187
Viterbo,Italy,42.4929522,11.9488136
Tembisa,South Africa,-26.0097146,28.2314606
Cirebon,Indonesia,-6.7137044,108.5608483
Ipoh,Malasia,4.5986817,101.0900236
Zhuzhou,China,27.049812,113.55087
Caucaia,Brazil,-3.7300563,-38.6593082
Fushun,China,41.8011658,124.7459491
Meriden,United States,41.5381535,-72.8070435
Baku,Azerbaijan,40.3755885,49.8328009
Baden-Baden,Germany,48.7610716,8.239959
Lorena,Brazil,-22.7367652,-45.1070876
Jinan,China,36.6519754,117.1138479
Quevedo,Ecuador,-1.0669701,-79.4776812
Arbil,Iraq,36.1911744,44.0094145
Akhisar,Turkey,38.9240528,27.8401895
Estepona,Spain,36.4268068,-5.1468484
Rosarito,Mexico,32.365166,-117.0557923
Chaoyang,China,41.5754767,120.4390738
Aberdeen,United Kingdom,57.1482429,-2.0928095
Loughborough,United Kingdom,52.7723859,-1.2077985
Temixco,Mexico,18.8476735,-99.2455945
Nysa,Poland,50.4738029,17.3324733
Lucca,Italy,44.0177639,10.45443
Sittard,Netherlands,50.9974235,5.8666627
Linyi,China,35.1032403,118.3506988
Colomiers,France,43.6112476,1.3367443
Amiens,France,49.8941708,2.2956951
Mogadishu,Somalia,2.0349312,45.3419183
Recife,Brazil,-8.0584933,-34.8848193
Basingstoke,United Kingdom,51.262826,-1.0861976
Louviers,France,49.2157245,1.1646335
Nicosia,Cyprus,35.1746503,33.3638783
Hattiesburg,United States,31.3271189,-89.2903392
Mishawaka,United States,41.6611642,-86.1807031
Oshawa,Canada,43.8975558,-78.8635324
Leshan,China,29.2233495,103.5966083
Montgeron,France,48.7038873,2.4605107
Sokoto,Nigeria,13.0611195,5.3152203
Lannion,France,48.7322183,-3.4587994
Baguio City,Filipinas,16.4119905,120.5933719
Santander,Spain,43.4618932,-3.8100255
Napier,New Zealand,-39.4902099,176.917839
Munster,Germany,51.9625101,7.6251879
Kalisz,Poland,51.7624752,18.0895358
Westland,United States,42.3238056,-83.4005321
Balneario Camboriu,Brazil,-26.9924395,-48.6339782
Jodhpur,India,26.2967719,73.0351433
Nagasaki,Japan,33.1154683,129.7874339
Ponte Nova,Brazil,-20.4164353,-42.90878
Uvira,Democratic Republic of the Congo,-3.4055866,29.1375509
Hampton,United States,37.0264414,-76.3442846
Aligarh,India,27.8761073,78.1358153
Crato,Brazil,-7.2369112,-39.4149236
Barretos,Brazil,-20.5531437,-48.5697509
Cuautitlan,Mexico,19.7055182,-99.1666257
Guntur,India,16.2915189,80.4541588
Kozhikode,India,11.2450558,75.7754716
Albuquerque,United States,35.0841034,-106.650985
Caloundra,Australia,-26.7981633,153.1354434
Podgorica,Montenegro,42.4415238,19.2621081
Borazjan,Iran,29.2661428,51.2120597
Walsall,United Kingdom,52.5847949,-1.9822687
Ujjain,India,23.1885131,75.7716562
Den Helder,Netherlands,52.957976,4.760279
Loubomo,Republic of the Congo,-4.2005398,12.6791573
Darbhanga,India,26.0829899,86.0324951
Tongling,China,30.9057603,117.6141351
Commerce City,United States,39.8083196,-104.9338675
Pontault-Combault,France,48.8009132,2.6068064
Rockhampton,Australia,-23.3782137,150.5134227
Cipolletti,Argentina,-38.931342,-67.9905921
Mount Gambier,Australia,-37.8301386,140.7842627
Yangjiang,China,22.0958223,111.7831393
Sincan,Turkey,39.9650352,32.5830829
Logan,United States,40.1075089,-89.3768539
Ingolstadt,Germany,48.7630165,11.4250395
Jiutai,China,44.1523236,125.8387384
Shuangyashan,China,46.522721,132.645516
Budyonnovsk,Russia,44.780533,44.163357
Jambi,Indonesia,-1.7069965,102.7140041
Springdale,United States,36.1867442,-94.1288142
Upplands Vasby,Sweden,59.516667,17.916667
Coatzacoalcos,Mexico,18.1405019,-94.4344003
Turkmenabat,Turkmenistan,39.0733839,63.5831564
Bulawayo,Zimbabwe,-20.1053948,28.5426856
Pontianak,Indonesia,-0.0226903,109.3447488
Tottori,Japan,35.3555075,133.8678525
Creil,France,49.2607914,2.4733771
Owerri,Nigeria,5.489736,7.0341973
Arusha,Tanzania,-3.3696827,36.6880794
Thornton,United States,39.8695516,-104.985181
Mont-Saint-Aignan,France,49.4679,1.0813
Uvinza,Tanzania,-5.1027081,30.3878909
Bhubaneswar,India,20.2602964,85.8394521
Nagercoil,India,8.1880471,77.4290492
Licheng,China,36.6802602,117.0590968
Kisangani,Democratic Republic of the Congo,0.5184021,25.2057292
San Bernardino,United States,34.8253019,-116.0833144
Kahramanmaras,Turkey,37.7830345,36.830655
Taiping,Malasia,4.8546772,100.7438831
Adiyaman,Turkey,37.7602985,38.2772986
Qazvin,Iran,36.0156291,49.8398161
Fukuyama,Japan,34.4857039,133.3623097
Newport News,United States,36.9775016,-76.42977
Fort Portal,Uganda,0.6561907,30.2779432
Shijiazhuang,China,38.0429742,114.5088385
Les Ulis,France,48.681708,2.1701573
Tallinn,Estonia,59.4372155,24.7453688
Sakai,Japan,34.5737364,135.4828866
Schwerin,Germany,53.6288297,11.4148038
Zhoukou,China,33.808333,114.911944
Catia La Mar,Venezuela,10.5992669,-67.0145106
Port Moresby,Papua New Guinea,-9.4743301,147.1599504
Bialystok,Poland,53.132398,23.1591679
Nanterre,France,48.8924273,2.2071267
Marikina,Filipinas,14.6331084,121.0993541
Hirakata,Japan,34.818215,135.659225
Pierrefitte-sur-Seine,France,48.9604164,2.3630609
Capannori,Italy,43.8420391,10.5735254
Dourados,Brazil,-22.2206145,-54.812208
Van,Turkey,38.3249599,43.6589825
Huancayo,Peru,-12.068098,-75.2100953
Kankan,Guinea,10.6248355,-9.3175166
Stavanger,Norway,58.9699675,5.7318101
Cosenza,Italy,39.5966853,16.3330556
Chelmsford,United Kingdom,51.7345329,0.4730532
Daqing,China,46.3240228,124.5598093
Pozzuoli,Italy,40.822643,14.1219109
Champaign,United States,40.1164841,-88.2430932
Jieyang,China,23.553156,116.3680354
Mufulira,Zambia,-12.5512171,28.2408844
Cankaya,Turkey,39.8853321,32.8554966
Irun,Spain,43.3383176,-1.7888095
Brescia,Italy,45.7795804,10.425873
Matehuala,Mexico,23.5229037,-100.604046
Burbank,United States,34.1812089,-118.307201
Passaic,United States,41.0461864,-74.3177933
Lebanon,United States,40.375713,-76.4626118
Boca Raton,United States,26.3586885,-80.0830984
Pekalongan,Indonesia,-6.8905065,109.6761489
Namibe,Angola,-15.2669341,12.7064561
Franca,Brazil,-20.5381768,-47.4009795
Woking,United Kingdom,51.3201891,-0.5564726
Torremolinos,Spain,36.6242841,-4.4995448
Faches-Thumesnil,France,50.6026031,3.0697877
Sevran,France,48.937634,2.5298164
Albertville,France,45.6754622,6.3925417
Tabuk,Saudi Arabia,28.3251866,37.6328648
Asiut,Egypt,27.1832822,31.1853836
Bukavu,Democratic Republic of the Congo,-2.5055839,28.8594885
Franconville,France,48.5000906,6.4527267
Sagunto,Spain,39.6792916,-0.2786451
Cholula,Mexico,24.4338097,-106.7024025
Piedras Negras,Mexico,28.704596,-100.5167137
Gummersbach,Germany,51.0277658,7.5630545
Tuscaloosa,United States,33.2095614,-87.5675258
Cormeilles-en-Parisis,France,48.9759637,2.1998877
Duque de Caxias,Brazil,-22.7896225,-43.309929
Edmonton,Canada,53.5462055,-113.491241
Ezhou,China,30.3925379,114.8898988
Tremblay-en-France,France,48.9802035,2.5589558
Hailin,China,44.861966,129.257006
Kalundborg,Denmark,55.6833793,11.0993619
Antiguo Cuscatlan,El Salvador,13.6728051,-89.2466483
Aba,Nigeria,5.1128008,7.3651376
Winnipeg,Canada,49.8955367,-97.1384584
Carcassonne,France,43.2130358,2.3491069
Novo Gama,Brazil,-16.0496528,-48.0304615
Patrocinio,Brazil,-18.9408294,-46.9926624
Domont,France,49.0285536,2.3278097
Holon,Israel,32.0193121,34.7804076
Manresa,Spain,41.7288939,1.8286765
Rovigo,Italy,44.9777098,12.2726835
Nijmegen,Netherlands,51.8425749,5.8389606
Invercargill,New Zealand,-46.4118465,168.3470632
Highland Park,United States,42.1816919,-87.8003438
Vaughan,Canada,43.7941544,-79.5268023
Barra Mansa,Brazil,-22.4852784,-44.19707
Saint-Louis,France,48.7160783,7.1884164
Coslada,Spain,40.423802,-3.5552882
Upsala,Sweden,59.8586126,17.6387436
Wuchuan,China,21.4413258,110.6942289
Covington,United States,39.0831712,-84.5107548
Badalona,Spain,41.4493539,2.248254
Saint Cloud,United States,45.5616075,-94.1642004
Multan,Pakistan,30.197838,71.4719683
Afyon,Turkey,38.6852729,30.6427411
Grand Prairie,United States,32.7459645,-96.9977846
Kukatpalli,India,17.4820942,78.414501
Shkoder,Albania,42.0681371,19.5121437
Kartal,Turkey,40.88858,29.1856536
Takasaki,Japan,36.3220984,139.0032758
Cluses,France,46.0603171,6.5804218
Vitoria da Conquista,Brazil,-14.8567487,-40.8414804
Brentwood,United States,37.9317766,-121.696026
Darmstadt,Germany,49.8851869,8.6736295
Benxi,China,41.176944,124.157425
Lewiston,United States,44.0990717,-70.2177099
Puerto Padre,Cuba,21.197504,-76.6018039
Patna,India,25.6093239,85.1235252
Clamart,France,48.8003835,2.2630238
Doncaster,United Kingdom,53.5227681,-1.1335312
Waterbury,United States,41.5538091,-73.0438362
Castellammare di Stabia,Italy,40.6943046,14.4804813
Poole,United Kingdom,50.7179472,-1.981521
Neu-Ulm,Germany,48.3953489,10.0005211
Satu Mare,Romania,47.7891763,22.8725598
Mbeya,Tanzania,-8.6131228,33.3341957
Cuiaba,Brazil,-15.5986686,-56.0991301
Lubumbashi,Democratic Republic of the Congo,-11.6642316,27.4826264
Suwon,South Korea,37.2633325,127.0287472
Toul,France,48.6762624,5.8941759
Marietta,United States,33.9528472,-84.5496148
Atlixco,Mexico,18.908889,-98.437778
Wolfsburg,Germany,52.4205588,10.7861682
Redlands,United States,34.0550328,-117.1827445
Gyor,Hungary,47.687609,17.6346815
Coulommiers,France,48.8121301,3.0843818
Goulburn,Australia,-34.7523871,149.7198009
Norderstedt,Germany,53.7089898,9.9891914
Cuyahoga Falls,United States,41.1362729,-81.4828123
Sorriso,Brazil,-12.5444887,-55.7233972
Stafford,United Kingdom,52.8063157,-2.1163818
Nampula,Mozambique,-14.966969,39.2707752
Kurashiki,Japan,34.5850791,133.7719957
Huyton,United Kingdom,53.4114462,-2.8382486
Korce,Albania,40.6158967,20.7772187
Cedar Hill,United States,32.5888072,-96.9553675
Zabol,Iran,31.0277779,61.4948211
Amadora,Portugal,38.758959,-9.2365233
Chennai,India,13.0836939,80.270186
Moron,Cuba,22.1067153,-78.6269737
Francisco Beltrao,Brazil,-26.0790979,-53.0533527
Guiyang,China,26.6499922,106.6246178
Pamplona,Spain,42.815686,-1.6522353
Amol,Iran,36.4718947,52.3499009
Oldham,United Kingdom,53.5415797,-2.1147831
Atakpame,Togo,7.5320603,1.1219479
Ji-Parana,Brazil,-10.8778148,-61.9277854
Naumburg,Germany,51.1525648,11.8099186
Elda,Spain,38.4789671,-0.7956759
Anantapur,India,14.72422,77.4306738
West Allis,United States,43.0166806,-88.0070315
Marl,Germany,51.6485843,7.0829054
Waynesboro,United States,38.0686668,-78.8893999
Eggenstein-Leopoldshafen,Germany,49.088332,8.4003114
Juiz de Fora,Brazil,-21.7609533,-43.3501129
Serra,Brazil,-20.1252961,-40.3064477
Lisichansk,Ukraine,48.917267,38.4285981
Surat,India,21.2094892,72.8317058
Inglewood,United States,33.9562003,-118.353132
Morgan Hill,United States,37.130408,-121.6544974
Sylhet,Bangladesh,24.89922,91.8685271
Gap,France,44.5612032,6.0820639
Kuito,Angola,-12.3831319,16.9425484
Passo Fundo,Brazil,-28.2550598,-52.3966606
Ulhasnagar,India,19.2236329,73.1671515
Hubli,India,15.3518378,75.1379848
Pematangsiantar,Indonesia,2.9817175,99.0803717
Stockton-on-Tees,United Kingdom,54.564094,-1.3129164
Heyuan,China,24.1014769,115.0577538
Vallauris,France,43.5761001,7.05859
El Ejido,Spain,36.7743863,-2.8124886
Itapeva,Brazil,-22.7690638,-46.221934
Yazd,Iran,32.0406164,54.6657189
Girona,Spain,41.9793006,2.8199439
Ermont,France,48.9917676,2.2585679
Wasquehal,France,50.6691577,3.1312447
Pingdingshan,China,33.7419956,113.3002154
Gonesse,France,48.9863555,2.4500537
San Fernando,Trinidad and Tobago,10.2807069,-61.4645896
Molina de Segura,Spain,38.0572339,-1.2095298
Ixtapaluca,Mexico,19.32929,-98.8082745
Yerres,France,48.716811,2.4879753
Bergheim,Germany,50.9540457,6.6410004
Cabo Frio,Brazil,-22.8804369,-42.0189227
El Progreso,Honduras,15.4009458,-87.8120187
Arvada,United States,39.8005505,-105.0811573
Fasa,Iran,28.9366395,53.6510677
Norman,United States,35.2225717,-97.4394816
Taixing,China,32.1684583,120.0165362
Asahikawa,Japan,43.770625,142.3649743
Slough,United Kingdom,51.5111014,-0.5940682
Kilis,Turkey,36.7797231,37.1416892
Fuengirola,Spain,36.5388398,-4.6233974
Eragny,France,49.0192178,2.0910817
Jilin,China,43.7289674,126.1997366
Coari,Brazil,-4.0885957,-63.1431166
Dinslaken,Germany,51.5623618,6.7345106
Eagan,United States,44.818173,-93.1659179
Chitungwiza,Zimbabwe,-18.0143462,31.0726737
Revere,United States,42.4084302,-71.0119948
Warrington,United Kingdom,53.4018582,-2.5680224
Aswan,Egypt,24.091071,32.897306
Niamey,Niger,13.524834,2.109823
Belo Horizonte,Brazil,-19.9227318,-43.9450948
Wuhai,China,39.4857837,106.900469
Spokane,United States,47.6571934,-117.42351
Talavera de la Reina,Spain,39.9603798,-4.8311717
Latina,Italy,41.4595261,13.0125912
Sanary-sur-Mer,France,43.1177238,5.8008839
Paraparaumu,New Zealand,-40.9144636,175.0061963
Djibouti,Djibouti,11.8145966,42.8453061
Yaritagua,Venezuela,10.0805848,-69.1211307
Melitopol,Ukraine,46.8467267,35.3827281
Moorhead,United States,46.8739081,-96.7538674
Rotorua,New Zealand,-38.1381493,176.252922
Chartres,France,48.4438601,1.4881434
Hinckley,United Kingdom,52.5410591,-1.3729379
Corbeil-Essonnes,France,48.6137734,2.4818087
Takamatsu,Japan,34.3425592,134.0465338
Kota,India,25.1737019,75.8574194
Wenling,China,28.3761941,121.3808408
Limay,France,48.9921015,1.7353686
Sao Benedito,Brazil,-4.0484353,-40.8646009
Palaiseau,France,48.7144587,2.2453842
Ajaccio,France,41.9263991,8.7376029
Gladstone,Australia,-23.8431724,151.256132
Drancy,France,48.9229803,2.4455201
Jizzakh,Uzbekistan,40.1331797,67.8234081
Meyzieu,France,45.7764637,5.0044767
Marlborough,United States,42.3468589,-71.5525188
La Roche-sur-Yon,France,46.6705431,-1.4269698
Patiala,India,30.2092777,76.3397231
Fayum,Egypt,29.340737,30.6201045
Rio Rancho,United States,35.2702448,-106.6329806
Kirkwood,United States,38.5800713,-90.4069177
Verona,Italy,45.4424977,10.9857377
Halle,Germany,51.4824354,11.9712985
Leominster,United States,42.5267443,-71.7614891
Jiaxing,China,30.7474425,120.7510971
Gravatai,Brazil,-29.9440222,-50.9930938
Matola,Mozambique,-25.966917,32.466956
Hagen,Germany,51.3582945,7.473296
Chioggia,Italy,45.218894,12.2785805
Greifswald,Germany,54.095791,13.3815238
Itajai,Brazil,-26.9046787,-48.6552979
Braila,Romania,45.2716092,27.9742932
Gresham,United States,45.4978623,-122.4329883
Albacete,Spain,38.9950921,-1.8559154
Abadan,Iran,30.3636097,48.2591475
Tuxtla Gutierrez,Mexico,16.753801,-93.115959
Khmelnytskyi,Ukraine,49.268624,27.0635998
Etawah,India,26.7155629,79.0917098
Yuncheng,China,35.218039,111.053715
Puerto Vallarta,Mexico,20.6407176,-105.220306
San Luis Rio Colorado,Mexico,32.4822164,-114.7816893
Salavat,Russia,53.361687,55.924641
Matsudo,Japan,35.7879371,139.903177
Bijapur,India,18.7935679,80.815939
Barreirinhas,Brazil,-2.7541271,-42.8259693
Frederiksberg,Denmark,55.678016,12.5326186
Kollam,India,8.8870815,76.5907017
Damanhur,Egypt,31.0374982,30.4710625
Carvin,France,50.4934145,2.9577519
San Juan del Rio,Mexico,20.3870462,-100.0119627
Gaoyou,China,32.7861134,119.4294614
Lora del Rio,Spain,37.6574267,-5.5275818
Suizhou,China,31.920921,113.465844
Pasig,Filipinas,14.5605166,121.0764343
Pamiers,France,43.1147515,1.6082177
Thomasville,United States,35.8831786,-80.081817
Fareham,United Kingdom,50.8526637,-1.1783134
Laurel,United States,37.1000973,-84.1148273
Virginia Beach,United States,36.8496579,-75.9760751
Bonao,Dominican Republic,18.9426446,-70.4414197
Chisinau,Moldova,47.0245117,28.8322923
Iringa,Tanzania,-7.7742718,35.4826339
Conselheiro Lafaiete,Brazil,-20.6596107,-43.785743
Salamanca,Mexico,20.6511359,-101.166767
Mosul,Iraq,36.343694,43.0997156
Santa Barbara,United States,34.4221319,-119.702667
Vijayawada,India,16.5115306,80.6160469
Safi,Morocco,32.299424,-9.239533
Giurgiu,Romania,43.8959058,25.9658111
Deyang,China,31.1244028,104.39013
Sartrouville,France,48.9409016,2.1585037
Pilar,Brazil,-7.264034,-35.252326
Cottage Grove,United States,44.8277446,-92.9438218
Greensboro,United States,36.0726355,-79.7919754
Landskrona,Sweden,55.8698007,12.8296734
Warsaw,Poland,52.2333742,21.0711489
Puno,Peru,-15.0,-70.0
Guaratingueta,Brazil,-22.8057839,-45.1908926
Dubuque,United States,42.5006243,-90.6647985
Czestochowa,Poland,50.8089997,19.1244089
Miguel Hidalgo,Mexico,19.4071156,-99.1906167
Cardiff,United Kingdom,51.4816546,-3.1791934
Villa Alemana,Chile,-33.0441903,-71.3725464
Cua,Venezuela,10.1653676,-66.8865117
Panevezys,Lithuania,55.7344985,24.3578055
Nuneaton,United Kingdom,52.5227973,-1.4679663
Belfort,France,47.6379599,6.8628942
Zhytomyr,Ukraine,50.9080532,28.3867504
Jabalpur,India,23.1701522,79.9324505
Dehra Dun,India,30.3255646,78.0436813
Cairns,Australia,-16.9206657,145.7721854
Mataram,Indonesia,-8.5837726,116.10685
Funtua,Nigeria,11.5232142,7.307497
Amstelveen,Netherlands,52.3028209,4.8596844
Mudanjiang,China,44.635006,130.013384
Callao,Peru,-12.0864633,-77.2234463
Changzhou,China,31.8122623,119.9691539
Nantong,China,31.9827896,120.8904588
Calama,Chile,-22.4623917,-68.9272181
Ambattur,India,13.1193746,80.1507648
Gaithersburg,United States,39.1399187,-77.1929215
Douai,France,50.3675677,3.0804641
Middlesbrough,United Kingdom,54.5760419,-1.2344047
Pestovo,Russia,58.5991505,35.8230767
Krasnyy Luch,Ukraine,48.1351471,38.9198948
Tartagal,Argentina,-22.5194493,-63.7986328
Drogobych,Ukraine,49.3545169,23.5205679
Esbjerg,Denmark,55.4664892,8.4520751
Assen,Netherlands,52.997225,6.5506458
Sarcelles,France,48.9960813,2.3796245
Kaliningrad,Russia,54.710128,20.5105838
Sousa,Brazil,-6.7662029,-38.2319607
Hollywood,United States,34.0980031,-118.329523
Namangan,Uzbekistan,40.9996482,71.6726238
Montceau-les-Mines,France,46.6740455,4.3631681
Saint-Pol-sur-Mer,France,51.0273731,2.3422205
Shah Alam,Malasia,3.0739429,101.5185278
Zihuatanejo,Mexico,17.6467874,-101.551974
Jiaohe,China,43.6848768,127.3578579
Winterthur,Switzerland,47.4991723,8.7291498
Tychy,Poland,50.126498,19.0067846
Gaborone,Botswana,-24.6581357,25.9088474
Kolwezi,Democratic Republic of the Congo,-10.7169952,25.4669918
Pocatello,United States,42.8620287,-112.450627
Lomme,France,50.6457022,2.9870927
Watertown,United States,42.3652518,-71.1843236
Guamuchil,Mexico,25.4575492,-108.0755437
Inegol,Turkey,40.0800359,29.5096528
Cincinnati,United States,39.1014537,-84.5124602
Shouguang,China,36.8762356,118.7322549
Alfortville,France,48.8051624,2.4197113
Las Cruces,United States,32.3140354,-106.779807
Broken Arrow,United States,36.0525993,-95.7908195
Sao Jose dos Campos,Brazil,-23.1867782,-45.8854538
Windhoek,Namibia,-22.5335601,17.0454775
Guarulhos,Brazil,-23.4675941,-46.5277704
Blackpool,United Kingdom,53.8179442,-3.0509812
Passos,Brazil,-20.7167803,-46.6156864
Dalian,China,39.740278,122.255833
Catanduva,Brazil,-21.1331035,-48.9712817
Linhai,China,28.8616886,121.1402223
Bacau,Romania,46.4228703,26.7163991
Salt Lake City,United States,40.7596198,-111.886797
Ulsan,South Korea,35.5391697,129.3119136
Soledad Diez Gutierrez,Mexico,22.1796002,-100.9361457
Hesperia,United States,34.4263886,-117.3008784
Vittoria,Italy,36.9514957,14.5304867
Mitry-Mory,France,48.9839674,2.6183971
Ashford,United Kingdom,51.148555,0.8722566
Bury,United Kingdom,52.2460367,0.7125173
La Plata,Argentina,-34.9206797,-57.9537638
La Spezia,Italy,44.238366,9.6912326
Gisborne,New Zealand,-38.661326,178.0206487
Ludwigsburg,Germany,48.8953937,9.1895147
Marion,United States,32.7931661,-94.344488
Abu Kabir,Egypt,30.72517,31.6708449
Gaspar,Brazil,-26.9307306,-48.9566824
Annemasse,France,46.1934005,6.2341093
Gardanne,France,43.455613,5.4710661
Nanchang,China,28.6472124,116.0348483
Saginaw,United States,43.4200387,-83.9490365
Guelph,Canada,43.5460516,-80.2493276
Bilaspur,India,22.1638486,82.1365923
Mount Vernon,United States,40.9125085,-73.8386504
Ferndown,United Kingdom,50.8022391,-1.8905903
Halifax,United Kingdom,53.7229229,-1.8604874
Bressuire,France,46.8425572,-0.4929017
Taupo,New Zealand,-38.6866197,176.0694773
Monteria,Colombia,8.6046053,-75.9783203
Saint-Dizier,France,48.6371125,4.9473513
Ramat Aviv,Israel,32.1088611,34.7950946
Roeselare,Belgium,50.9444948,3.124765
Getafe,Spain,40.3070639,-3.7331808
Belleville,United States,38.5135805,-89.9841627
Ad Diwem,Sudan,13.997187,32.30946
Brikama,Gambia,13.258513,-16.4997039
Annonay,France,45.2399639,4.6675475
Plovdiv,Bulgaria,42.1418541,24.7499297
Guatemala City,Guatemala,14.6416142,-90.5132836
Great Falls,United States,47.5048851,-111.29189
Xintai,China,35.9094557,117.7620286
Tiruppur,India,10.7915267,77.5325466
Tetouan,Morocco,35.202941,-5.5510167
Tamale,Ghana,9.4051992,-0.8423986
Malakoff,France,48.8211559,2.3019814
Ariquemes,Brazil,-9.9076522,-63.033069
Oruro,Bolivia,-18.666667,-67.666667
Courbevoie,France,48.8953328,2.2561602
Zanjan,Iran,36.515854,48.4777616
Garden City,United States,37.9716898,-100.8726618
Asansol,India,23.6871297,86.9746587
Molfetta,Italy,41.1992456,16.5968279
La Crau,France,43.1497034,6.0737053
Wilson,United States,29.1589961,-98.1251465
Rock Hill,United States,34.9248667,-81.0250784
Pietermaritzburg,South Africa,-29.6,30.3788889
Weston-super-Mare,United Kingdom,51.3471927,-2.9778916
eMbalenhle,South Africa,-26.5416667,29.0747222
Chifeng,China,43.2564906,118.9759212
Etimesgut,Turkey,39.9489423,32.6620792
Wattrelos,France,50.7016015,3.2153907
Moradabad,India,28.8796553,78.8095335
Oakland,United States,37.8044557,-122.271356
Minneapolis,United States,44.9772995,-93.2654692
Apple Valley,United States,44.7319094,-93.21772
Yopal,Colombia,5.3356662,-72.3936931
Onitsha,Nigeria,6.1461619,6.8019088
Cholet,France,47.0617293,-0.8801359
Nigde,Turkey,38.0664691,34.7051438
Mijas,Spain,36.5957471,-4.6375188
Morristown,United States,40.7970382,-74.4809868
Choisy-le-Roi,France,48.7630238,2.4093664
Tlemcen,Argelia,34.881789,-1.316699
Salihli,Turkey,38.4829405,28.1309046
Helena,United States,46.5927425,-112.036277
Zacatecas,Mexico,23.0916177,-102.9333954
Faridabad,India,28.4031478,77.3105561
Campo Grande,Brazil,-20.4640173,-54.6162947
Westonaria,South Africa,-26.3177778,27.6519444
Roosendaal,Netherlands,51.5331484,4.4561276
Oradea,Romania,47.0549163,21.9285231
Gloucester,United Kingdom,51.8653705,-2.2458192
Taza,Morocco,34.230155,-4.010104
Atsugacho,Japan,42.432497,142.218414
Piotrkow Trybunalski,Poland,51.4082625,19.696167
Delicias,Mexico,28.1227078,-105.4684895
Erfurt,Germany,50.9777974,11.0287364
Wendeng,China,37.1954062,122.0834466
Brownsville,United States,25.9024289,-97.4981698
Buzau,Romania,45.2692581,26.7748173
Saanich,Canada,48.4594315,-123.376494
Tieling,China,42.6345121,124.2858328
Piacenza,Italy,44.8476352,9.6665313
Waterlooville,United Kingdom,50.8797911,-1.0314789
Avondale,United States,33.4355977,-112.349602
Dongguan,China,23.0205969,113.7457788
La Seyne-sur-Mer,France,43.1007714,5.8788948
Ayacucho,Peru,-14.0,-74.0
Zigong,China,29.2995746,104.6928392
Manisa,Turkey,38.8574402,28.0565711
Gera,Germany,50.8765528,12.0832674
Kaiserslautern,Germany,49.4432174,7.7689951
Portsmouth,United Kingdom,50.800031,-1.0906023
Davis,United States,40.7474784,-92.3965311
Bafra,Turkey,41.5665954,35.9024777
Brasov,Romania,45.6525105,25.6105654
Valles,Mexico,22.1427914,-100.9047275
Rochester Hills,United States,42.6583661,-83.1499322
Bergisch Gladbach,Germany,50.9929303,7.1277379
Temecula,United States,33.4946353,-117.147366
Calais,France,50.9524769,1.8538446
Tuzla,Bosnia and Herzegovina,44.5391105,18.675193
Funabashi,Japan,35.6945993,139.9825365
Sanya,China,18.2534658,109.5034392
Lucerna,Switzerland,47.0505452,8.3054682
Boghni,Argelia,36.5407471,3.9571285
Stanger,South Africa,-29.3383782,31.2881205
Ennigerloh,Germany,51.8359553,8.0255988
Providence,United States,41.8239891,-71.4128343
Daloa,Ivory Coast,6.8869233,-6.4529859
Vilnius,Lithuania,54.6870458,25.2829111
Pouso Alegre,Brazil,-22.2343858,-45.9327241
Tete,Mozambique,-15.5205193,32.7682742
Jaboatao,Brazil,-8.1752476,-34.9468716
Harlow,United Kingdom,51.7685568,0.0949036
Xinghua,China,32.9139151,119.8476035
Khulna,Bangladesh,22.9372087,89.2852741
Ancona,Italy,43.4801189,13.2187279
El Paso,United States,31.7601164,-106.4870404
Marina di Carrara,Italy,44.0376696,10.0455044
Orange,Australia,-33.2820463,149.0971567
Teresopolis,Brazil,-22.4164578,-42.975194
St. Helena,Brazil,-20.3569601,-40.4073505
Layton,United States,41.0751048,-111.9741925
Alcobendas,Spain,40.5400082,-3.6358494
Eastbourne,United Kingdom,50.7664372,0.2781546
Faenza,Italy,44.2855555,11.8832055
Andria,Italy,41.2275731,16.2954806
Cacador,Brazil,-26.7737784,-51.0134844
Kawasaki,Japan,35.5306639,139.7037668
Wilhelmshaven,Germany,53.5278793,8.106301
Saint-Gratien,France,49.9656998,2.4081341
Kikwit,Democratic Republic of the Congo,-5.0383083,18.8178447
Hot Springs,United States,34.5038393,-93.0552437
Berdychiv,Ukraine,49.8940442,28.5814912
Witten,Germany,51.4370171,7.335124
Cedar Rapids,United States,41.9758872,-91.6704053
Warrnambool,Australia,-38.3826242,142.4814199
Kitwe,Zambia,-12.8203689,28.2155973
Deltona,United States,28.904843,-81.2273119
Farmington,United States,44.6402434,-93.1435497
Palmerston North,New Zealand,-40.356317,175.6112388
Tabora,Tanzania,-5.1913822,32.5080629
General Escobedo,Mexico,25.808517,-100.3224334
Gomel,Belarus,52.4238936,31.0131698
Penglai,China,37.7949103,120.824268
Cubatao,Brazil,-23.8857982,-46.4241869
West Jordan,United States,40.6061337,-111.9395211
Vryburg,South Africa,-26.955347,24.7300938
Baranagar,India,22.6530765,88.3805962
Villa Frontera,Mexico,25.6970064,-100.4399023
Pueblo,United States,38.263995,-104.6141867
Jayapura,Indonesia,-2.5387539,140.7037389
Comodoro Rivadavia,Argentina,-45.8632024,-67.4752615
Anqing,China,30.6592336,116.6302585
North Miami,United States,25.8900949,-80.1867138
Chaumont,France,48.1111324,5.1395849
Can Tho,Vietnam,10.0364634,105.7875821
Bafoussam,Cameroon,5.4758844,10.4217852
Kasala,Sudan,15.452011,36.3770699
Kuwait City,Kuwait,29.3796532,47.9734174
Saveh,Iran,35.0196331,50.3652364
Huzhou,China,30.8942995,120.0851114
Criciuma,Brazil,-28.6789941,-49.3695627
Yuyao,China,30.0403094,121.1500882
Santa Marta,Colombia,11.2320944,-74.1950916
Jerez de la Frontera,Spain,36.6816936,-6.1377402
Guanajuato,Mexico,20.9876996,-101.0
Salinas,United States,36.6744117,-121.655037
Sahuayo de Jose Maria Morelos,Mexico,20.0432964,-102.7235748
Sesto San Giovanni,Italy,45.5357218,9.2376549
La Chorrera,Panama,8.883567,-79.7799498
Girga,Egypt,26.3376441,31.8838544
Anshan,China,40.822222,122.8275
Scottsdale,United States,33.4942189,-111.926018
Potsdam,Germany,52.4009309,13.0591397
Wuzhou,China,23.5715402,111.0139268
Tripoli,Lebanon,34.4373616,35.8348551
Lincoln,United Kingdom,53.2293545,-0.5404819
Abha,Saudi Arabia,18.2164282,42.5043596
Sabanalarga,Colombia,6.848687,-75.8166534
Sobral,Brazil,-3.6879135,-40.3456372
Marly-le-Roi,France,48.8681762,2.0965935
Bujumbura,Burundi,-3.3638125,29.3675028
Catalao,Brazil,-18.1702546,-47.9447082
Yancheng,China,33.349559,120.1577019
Karnal,India,29.7255766,76.9106924
Trappes,France,48.7760957,1.9988356
Ningbo,China,29.8622194,121.6203873
Schiedam,Netherlands,51.91718,4.4019149
Rybnik,Poland,50.0955793,18.5419933
Kulob,Tajikistan,37.9769115,69.9109839
Asheville,United States,35.595363,-82.5508407
Owo,Nigeria,7.1962012,5.5868016
Tinaquillo,Venezuela,9.9177602,-68.3075027
Tanggu,China,39.0264297,117.634889
Shahreza,Iran,32.0116032,51.8651719
Allauch,France,43.3351381,5.4832687
Chattanooga,United States,35.0457219,-85.3094883
Fulda,Germany,50.5542328,9.6770448
Carlsbad,United States,33.1580933,-117.3505966
Slupsk,Poland,54.463577,17.020948
Trapani,Italy,38.0173961,12.5160225
San Francisco del Rincon,Mexico,21.0166683,-101.854624
League City,United States,29.5074538,-95.0949303
Gladbeck,Germany,51.5718665,6.9877343
Hildesheim,Germany,52.1527188,9.9518083
Acerra,Italy,40.9460532,14.3750083
Noda,Japan,35.9549076,139.8748667
Trabzon,Turkey,41.0054605,39.7301463
Devonport,Australia,-41.1797561,146.3613011
Sandakan,Malasia,5.8391274,118.1158598
Marsa Matruh,Egypt,31.3528567,27.2395262
Opole,Poland,50.6668184,17.9236408
Waiblingen,Germany,48.8325659,9.3163822
Suresnes,France,48.8709053,2.2255727
Hereford,United Kingdom,52.0553813,-2.7151735
Kasama,Zambia,-10.2044875,31.1877186
Pesaro,Italy,43.9098114,12.9131228
Sukkur,Pakistan,27.7004292,68.8664623
Ballarat,Australia,-37.5623013,143.8605645
Tarsus,Turkey,36.9164834,34.895149
Chelles,France,49.3549458,3.0344372
Regensburg,Germany,49.0195333,12.0974869
Sete,France,43.4014434,3.6959771
Taylor,United States,32.2793121,-99.8812612
Beaune,France,47.0239064,4.8380426
Ichalkaranji,India,16.6959348,74.4555755
Reno,United States,39.5261788,-119.812658
Torquay,United Kingdom,50.4652392,-3.5211361
Samobor,Croacia,45.8018625,15.7097105
Oktyabr'skiy,Russia,50.4377349,36.3552503
Reading,United Kingdom,51.4514953,-0.9836342
Dartmouth,Canada,44.6799707,-63.5720232
Sarajevo,Bosnia and Herzegovina,43.8570713,18.4126147
Teziutlan,Mexico,19.8739926,-97.3715629
Tempe,United States,33.4255117,-111.940016
Lins,Brazil,-21.6741873,-49.7518932
Ploiesti,Romania,44.9417468,26.0236504
Epworth,Zimbabwe,-17.8877361,31.156797
Twin Falls,United States,42.5558542,-114.4700684
Villeneuve-d'Ascq,France,50.6193174,3.1314002
San Jose de Guanipa,Venezuela,8.8853988,-64.1623504
Echirolles,France,45.1481694,5.718687
Le Plessis-Robinson,France,48.7811049,2.2619632
Millau,France,44.1006693,3.0777594
Huizhou,China,23.1125153,114.4127007
Mtwara,Tanzania,-10.6990264,39.0217984
Carlisle,United Kingdom,54.8948478,-2.9362311
Amravati,India,21.1545412,77.6442962
Zwickau,Germany,50.7185043,12.4939267
Blumenau,Brazil,-26.9195567,-49.0658025
Xianyang,China,34.3323227,108.7128495
Upper Hutt,New Zealand,-41.1240674,175.0699589
Makati,Filipinas,14.5567949,121.0211226
Kissimmee,United States,28.2918995,-81.4075838
Aalst,Belgium,50.9383226,4.0392147
Odivelas,Portugal,38.7904338,-9.1792617
Ranchi,India,23.3700501,85.3250387
Pomona,United States,34.0553813,-117.7517496
Camacari,Brazil,-12.6998188,-38.3260762
Greenwood,United States,37.8709542,-96.2471338
La Celle-Saint-Cloud,France,48.8478753,2.136145
Ras al Khaymah,United Arab Emirates,25.7737705,55.938232
Mubi,Nigeria,10.267607,13.264359
Oswego,United States,43.4112973,-76.1279841
Palmares,Brazil,-8.684226,-35.589032
Coimbatore,India,11.0018115,76.9628425
Coacalco,Mexico,19.6359452,-99.0948573
Le Cannet,France,43.5761076,7.0191865
Bonn,Germany,50.7352621,7.1024635
Stockton,United States,37.9577016,-121.290779
Kulti,India,23.7302149,86.8396711
Gradignan,France,44.7739701,-0.613907
Iskenderun,Turkey,36.5902266,36.1710354
Yiwu,China,29.3093002,120.0703805
Kashan,Iran,33.9876533,51.4428856
Silopi,Turkey,37.2491577,42.4707504
Talence,France,44.8088438,-0.5879629
Gulbarga,India,17.3310003,76.8334228
Guatire,Venezuela,10.4684588,-66.5431115
Agrigento,Italy,37.3122991,13.57465
Longueuil,Canada,45.521906,-73.4644578
Nishinomiya,Japan,34.7377745,135.3413128
Gagny,France,48.8853743,2.5358323
Yangquan,China,38.0935972,113.5265601
Tamarac,United States,26.2128609,-80.2497707
Puducherry,India,10.9156489,79.8069488
Nashville,United States,36.1622767,-86.7742984
Saint-Jean-de-la-Ruelle,France,47.9098024,1.8717431
Bebington,United Kingdom,53.3503775,-3.005598
Guelmim,Morocco,28.9863852,-10.0574351
Neiva,Colombia,3.0332554,-75.2794303
Vlore,Albania,40.4707602,19.4912716
Bron,France,45.7337532,4.9092352
Stadtlohn,Germany,51.9928346,6.9173072
Zhaoqing,China,23.0501661,112.4603629
Bellevue,United States,47.6144219,-122.192337
New Albany,United States,38.2856247,-85.8241312
Whitby,Canada,43.87982,-78.9421751
Masjed Soleyman,Iran,31.9461316,49.3013154
Sukabumi,Indonesia,-6.9199289,106.9265095
Randfontein,South Africa,-26.173611,27.694167
Khasavyurt,Russia,43.246916,46.5855184
Foshan,China,23.0239788,113.1159558
Kuala Terengganu,Malasia,5.3296461,103.1383265
Zurich,Switzerland,47.3744489,8.5410422
Teramo,Italy,42.6581179,13.6978746
Afragola,Italy,40.926012,14.310831
Xiangfan,China,32.010998,112.1163785
Minden,Germany,52.2881045,8.9168852
Laredo,United States,27.5075005,-99.5069922
Zlatoust,Russia,55.0346395,59.5292694
San Salvador de Jujuy,Argentina,-24.1852569,-65.2994789
Palmira,Colombia,3.5308373,-76.2988048
Dar Chioukh,Argelia,34.8972924,3.4897249
Lons-le-Saunier,France,46.6727037,5.5589973
Haarlem,Netherlands,52.3885317,4.6388048
Waco,United States,31.5491899,-97.1474628
Bergen op Zoom,Netherlands,51.4944756,4.2871541
Saint-Laurent,Canada,45.5088774,-73.6875187
Sanandaj,Iran,35.3126047,46.9978639
Texas City,United States,29.396013,-94.9175485
Esenyurt,Turkey,41.0342862,28.6801113
Flensburg,Germany,54.7833021,9.4333264
Naihati,India,22.8866078,88.424196
Kunming,China,25.0363006,102.7086139
Bandar-e Anzali,Iran,37.4716356,49.4685904
Changde,China,29.034552,111.6928724
Ostrava,Czech Republic,49.8349139,18.2820084
Hengyang,China,26.8971308,112.5666191
Lund,Sweden,55.7029296,13.1929449
Pontevedra,Spain,42.4318876,-8.6431592
Park Ridge,United States,42.0112329,-87.8406031
Jinhua,China,29.1080344,119.6486487
Siedlce,Poland,52.1615938,22.2812533
Varzea Grande,Brazil,-15.645816,-56.132218
San Rafael,Argentina,-34.6126025,-68.330514
Xinshi,China,43.9303857,87.5222953
Xiaogan,China,31.176413,113.922434
Oxnard,United States,34.1976308,-119.180381
Benidorm,Spain,38.5406255,-0.1290929
Shuangcheng,China,45.3662519,126.3046846
Pompano Beach,United States,26.2378597,-80.1247667
Fresnes,France,49.5544444,3.3705556
Chesterfield,United Kingdom,53.2352134,-1.4264097
Jacobina,Brazil,-11.1851561,-40.5112434
Jiangdu,China,32.4374578,119.5647288
Thousand Oaks,United States,34.1705609,-118.8375937
Zilina,Slovakia,49.2234674,18.7393139
Conway,United States,35.0891932,-92.4398402
Oullins,France,45.7153254,4.8039331
Beauvais,France,49.4300997,2.0823355
Kilwinning,United Kingdom,55.6540048,-4.6992011
Darton,United Kingdom,53.5880035,-1.5307942
Superior,United States,46.7207737,-92.1040796
Kigoma,Tanzania,-4.5126571,30.0050533
Karbala,Iraq,32.5984057,44.0157931
Ibb,Yemen,14.1419291,44.1389849
Fontenay-le-Comte,France,46.4660771,-0.8064003
Sterling Heights,United States,42.5803122,-83.0302033
Taubate,Brazil,-23.031448,-45.5612792
Chatou,France,48.8897044,2.1573695
Resita,Romania,45.2890106,21.8877676
Laohekou,China,32.436328,111.756394
Sassari,Italy,40.7234746,8.5612674
Tarragona,Spain,41.1172364,1.2546057
Al Mubarraz,Saudi Arabia,25.4100012,49.580833
Bryan,United States,30.6743643,-96.3699632
Neijiang,China,29.5827261,105.054491
Chevilly-Larue,France,48.7714153,2.3469255
Jiutepec,Mexico,18.8863894,-99.1701224
Maryborough,Australia,-25.537583,152.7019182
Garches,France,48.8437486,2.1853699
Armenia,Colombia,4.4919761,-75.7413509
Allahabad,India,25.4381302,81.8338005
La Porte,United States,29.6657838,-95.0193729
Pasto,Colombia,1.2140275,-77.2785096
Six-Fours-les-Plages,France,43.0935105,5.8393953
Boynton Beach,United States,26.5256179,-80.0666026
Rockville,United States,39.0817985,-77.1516844
Bobigny,France,48.906387,2.4452231
Shenyang,China,41.8026095,123.4279105
Liberec,Czech Republic,50.7702648,15.0583947
Sabzevar,Iran,36.2134053,57.6808799
Portland,United States,45.5202471,-122.674194
Mariupol,Ukraine,47.0957648,37.5499621
Umtata,South Africa,-31.589075,28.789145
Agen,France,44.2015827,0.6176112
Chimaltenango,Guatemala,14.6539748,-90.9272741
Encinitas,United States,33.0369867,-117.2919818
Soma,Turkey,39.1984865,27.6242183
Panihati,India,22.6950342,88.4073585
Polatli,Turkey,39.5852226,32.1436995
Linden,Guyana,6.0100019,-58.312488
Cagnes-sur-Mer,France,43.6612012,7.1513834
Penedo,Brazil,-10.2872341,-36.5819262
Torbat-e Heydariyeh,Iran,35.2740853,59.2194494
Auxerre,France,47.7961287,3.570579
Taunton,United Kingdom,51.0147895,-3.1029086
Leeuwarden,Netherlands,53.2005936,5.7918548
Regina,Canada,50.4479733,-104.6158764
Itabuna,Brazil,-14.793173,-39.2750341
Boscoreale,Italy,40.7740398,14.4774318
Makurdi,Nigeria,7.7312634,8.538425
Unna,Germany,51.5348835,7.689014
Vlaardingen,Netherlands,51.9227863,4.3295634
Bechar,Argelia,31.385726,-2.0115958
Aligudarz,Iran,33.4035124,49.6921874
Altamura,Italy,40.8543354,16.566605
Bournemouth,United Kingdom,50.7201514,-1.8799118
Bage,Brazil,-31.3314264,-54.1062808
Tournefeuille,France,43.5827846,1.3466543
Morley,United Kingdom,53.7440745,-1.5988598
Oriximina,Brazil,-1.7669992,-55.868285
Bonneuil-sur-Marne,France,48.7737116,2.4869009
Nashua,United States,42.7656251,-71.4677032
Butare,Rwanda,-2.6053426,29.7401547
Clovis,United States,34.405472,-103.2050709
Juba,South Sudan,4.8459246,31.5959173
Arad,Romania,46.1753793,21.3196342
Sangli,India,17.1726928,74.5867654
Ramnicu Valcea,Romania,45.1031731,24.3647209
Gyula,Hungary,46.6438656,21.2747575
Aschaffenburg,Germany,49.9706701,9.1384857
Thika,Kenya,-1.036648,37.077523
Floridablanca,Colombia,7.0625677,-73.0859086
Probolinggo,Indonesia,-7.7441461,113.2158401
Olathe,United States,38.8838856,-94.81887
Montereau-Fault-Yonne,France,48.3849647,2.9557006
Homestead,United States,25.4718946,-80.4759905
Allen,United States,40.8077797,-84.0572225
Seville,Spain,37.3886303,-5.9953403
Antakya,Turkey,36.2036546,36.1637648
Cox's Bazar,Bangladesh,21.1766471,92.003505
Jaboticabal,Brazil,-21.252037,-48.325223
Naperville,United States,41.7728699,-88.1479278
Zielona Gora,Poland,51.9383777,15.5050408
Angeles City,Filipinas,15.1389351,120.5875321
El Prat de Llobregat,Spain,41.3246333,2.0952568
Amritsar,India,31.6356659,74.8787496
Malambo,Colombia,10.8653387,-74.7746194
Bhilai,India,21.2120677,81.3732849
Menemen,Turkey,38.6077359,27.0732772
Xiangtan,China,27.681864,112.626292
Busto Arsizio,Italy,45.611932,8.8518269
Outreau,France,50.7036916,1.5845684
Zhumadian,China,33.0115818,114.0164565
Amasya,Turkey,40.6569451,35.7727169
Tyler,United States,32.3512601,-95.3010624
Katoomba,Australia,-33.713759,150.3121633
Horlivka,Ukraine,48.3058686,38.0027664
Rybinsk,Russia,58.0489536,38.8558908
Barra do Pirai,Brazil,-22.4242692,-43.8935244
Dearborn Heights,United States,42.3369816,-83.2732627
Houilles,France,48.9229416,2.1868998
Rugby,United Kingdom,52.3726682,-1.2620038
Northwich,United Kingdom,53.2602539,-2.5145104
Sibiu,Romania,45.7973912,24.1519202
Lubango,Angola,-14.9195617,13.4897509
Da Nang,Vietnam,16.068,108.212
Ilheus,Brazil,-14.792599,-39.0453843
Moulins,France,46.5660526,3.3331703
Guarapari,Brazil,-20.6718755,-40.4984617
Fontaine,France,45.1950183,5.6869624
Behbahan,Iran,30.5942116,50.2434119
Warwick,United States,41.6992717,-71.4586114
Xuanhua,China,40.6067217,115.072195
Texarkana,United States,33.4466745,-94.0771483
Gulfport,United States,30.3674198,-89.0928155
El Tigre,Venezuela,8.8862119,-64.2488754
Jiangyou,China,31.9525495,104.9347205
Darlington,United Kingdom,54.5242081,-1.5555812
Chapeco,Brazil,-27.0922364,-52.6166878
