order_city,order_country,store_to_order_distance_km
Viena,Austria,7612.684607262039
Buenos Aires,Argentina,5913.183410528444
Bruges,Belgium,7414.690831841787
Rancagua,Chile,5823.985878055901
New York City,United States,2597.482776413213
Shelton,United States,2638.6917397786633
Denizli,Turkey,9237.723163911734
Kita-ku,Japan,11157.836455202354
Normal,United States,300.41240438894937
Lagos de Moreno,Mexico,3382.2286673618637
Miramas,France,9664.479322925148
Yantai,China,11069.873987145751
Morelia,Mexico,3672.172813076853
Lille,France,7447.460033690443
Melbourne,Australia,16279.740886482761
Shenzhen,China,12692.376076292585
Choluteca,Honduras,2280.2592121814596
Toledo,United States,3065.4151607942445
Tegucigalpa,Honduras,2243.025507845679
Los Angeles,United States,5444.48845298081
Warangal,India,14207.371186628847
Benevento,Italy,7963.233092815969
Manila,Filipinas,16284.40165888882
Istanbul,Turkey,9134.119843413508
Londrina,Brazil,8295.10901887795
Tlalnepantla,Mexico,3437.4533917228778
Saskatoon,Canada,3431.0161163078137
Panama City,Panama,3742.4815158513707
Philadelphia,United States,2562.5884245158854
Natal,Brazil,4331.395989643158
Pitesti,Romania,8698.40065548924
La Vega,Dominican Republic,875.9096731492816
Aprilia,Italy,7785.322191475463
Berlin,Germany,7729.794714734989
Delhi,India,12144.26520402015
Bogota,Colombia,5726.786247051307
Cartagena,Colombia,5498.002307888748
Gdynia,Poland,9293.714853269303
Cajazeiras,Brazil,8993.86992242663
Loum,Cameroon,8385.68070138899
Heerlen,Netherlands,8665.28664643759
Tanga,Tanzania,13213.716176393566
Murfreesboro,United States,2772.1083698953385
Fort Worth,United States,3486.898940498042
Oldenburg,Germany,6932.62221130821
Dijon,France,6163.595172700167
Berlin,Germany,6667.000953245906
Managua,Nicaragua,2932.313588233908
Portmore,Jamaica,2306.5929565397214
Allentown,United States,793.933399052352
Gennevilliers,France,6948.633469416336
Lower Hutt,New Zealand,14597.070930842587
Tokio,Japan,13439.26525291026
Venice,Italy,9272.509574915004
Lunel,France,6859.087271448928
Los Angeles,United States,5412.451942991958
Santo Domingo,Dominican Republic,378.12712383661056
Cagua,Venezuela,3031.1818529018537
Ipswich,United Kingdom,6898.401124416241
Columbus,United States,3175.580984014291
Puerto La Cruz,Venezuela,910.3991610454427
Venice,Italy,7966.345486454279
Cairo,Egypt,9070.561874144083
Neunkirchen,Germany,6562.137512518815
Lanzhou,China,11439.671579143525
Vitry-sur-Seine,France,8276.008746142454
Toowoomba,Australia,15983.642619335364
Glasgow,United Kingdom,6347.291755567676
Delft,Netherlands,7116.555071208472
Tulancingo,Mexico,2357.4086130365067
Lodz,Poland,7147.095230361787
Nueva Gerona,Cuba,1763.1632664249346
Medan,Indonesia,17070.281520830955
Viena,Austria,7531.519504179428
Carrefour,Haiti,5200.248817395409
Kassel,Germany,6218.333078566854
Gronau,Germany,9094.963164459181
Saint-Laurent-du-Var,France,7682.3866441437485
San Pedro Sula,Honduras,1912.971644508329
Owensboro,United States,2709.709217498423
San Pedro de Macoris,Dominican Republic,3021.130214072035
Raipur,India,13340.431108278488
Korla,China,11356.647267234317
Southampton,United Kingdom,7622.489295849407
Carrefour,Haiti,2788.953231275754
Euskirchen,Germany,7262.911065867765
Viena,Austria,7176.818424515087
Saint-Michel-sur-Orge,France,5860.560018599157
Jacksonville,United States,1335.7769093779264
Xuzhou,China,14179.86617616702
Portmore,Jamaica,1146.1668364622094
Santo Domingo,Dominican Republic,378.3339517596026
Perth,Australia,15028.138001666532
Nom Pen,Camboya,14269.296964543864
Chelyabinsk,Russia,10505.556262840662
Pontes e Lacerda,Brazil,3781.9380602080173
Tlalnepantla,Mexico,2079.2958546954187
Tegucigalpa,Honduras,3172.887800754103
Pforzheim,Germany,7412.894678631484
London,United Kingdom,8859.838924285199
San Salvador,El Salvador,2491.6022725159323
Ghent,Belgium,7067.145176554145
Los Angeles,United States,3949.91793861958
Vernon,France,6883.599205669476
Indaiatuba,Brazil,7852.7121857861175
Magdeburg,Germany,6288.612212502795
Sakaka,Saudi Arabia,9814.46000292864
Buenos Aires,Argentina,8419.109150981907
Leon,Nicaragua,2918.8875078937003
Athis-Mons,France,6952.157599802669
Beni Suef,Egypt,11403.932104660866
Philadelphia,United States,2548.663175507694
Surabaya,Indonesia,16451.18680514024
Guadalajara,Mexico,3886.535508339064
Villejuif,France,9073.22813020189
Chelyabinsk,Russia,10100.671462526956
Saltillo,Mexico,1945.6806431082343
Bishkek,Kyrgyzstan,10209.106309138258
San Pedro Sula,Honduras,3373.5681875830787
Wakefield,United Kingdom,6085.321302343476
Imola,Italy,6858.768571275085
Annaba,Argelia,7428.6301936694235
Des Moines,United States,3656.9803888675688
Osh,Kyrgyzstan,12313.594372908221
Reims,France,5914.523361631171
Lakeland,United States,1928.6131382825215
Dijon,France,7146.243057384974
Brisbane,Australia,15852.5177759005
Khorramabad,Iran,10906.06400923054
Granada,Spain,6414.374592482577
Stoke-on-Trent,United Kingdom,5397.108540137971
Saltillo,Mexico,2322.85638947271
Venice,Italy,7291.178489216746
Santo Andre,Brazil,10298.953689879958
Sydney,Australia,15699.956949652624
Seattle,United States,5992.8241160603575
Valenzuela,Filipinas,16278.46447693298
Khouribga,Morocco,6774.309155395162
Quixada,Brazil,5914.079767050745
New York City,United States,2592.429378840362
San Francisco de Macoris,Dominican Republic,425.39806552043905
Nanning,China,15429.591157215129
Melbourne,Australia,16311.137512423296
Kabul,Afghanistan,12516.073844574554
Lunel,France,7346.1649795696385
Auch,France,6789.578259756904
Yakarta,Indonesia,14483.99397247267
Grigny,France,6245.035898251561
San Luis Potosi,Mexico,2645.907048801842
Baia Mare,Romania,7645.671415215217
La Romana,Dominican Republic,5598.695879530399
Hamburgo,Germany,6297.505664322414
Lagos,Nigeria,7658.72258091198
San Jose de las Lajas,Cuba,1976.4312726236465
Nowra,Australia,10365.446566427347
Stellenbosch,South Africa,10699.198559332232
San Francisco,United States,120.43753614881837
Shihezi,China,12537.95351644804
Kendari,Indonesia,18158.357355280572
Kupang,Indonesia,18623.089442717464
Reus,Spain,6828.586054838651
Dortmund,Germany,7323.86890230109
Moncalieri,Italy,7351.922949007126
Buffalo Grove,United States,3350.495443494372
Paderborn,Germany,8391.54524446919
Bunbury,Australia,16029.823453563564
Gilbert,United States,2579.0564607972406
Noisy-le-Sec,France,6678.349677089445
Riyadh,Saudi Arabia,11601.350423498598
Houston,United States,1962.6585370227092
Northampton,United Kingdom,8041.044888062789
Cesena,Italy,9490.859171405189
Torre del Greco,Italy,8079.745455614736
Oklahoma City,United States,1999.1319388358168
Mumbai,India,12968.529901374195
Los Angeles,United States,2586.3503973582433
Cape Town,South Africa,12668.843576321597
Reggio nell'Emilia,Italy,7584.194027446482
Ercolano,Italy,7812.433042777998
Chimbote,Peru,3320.4601927574377
Stuttgart,Germany,7993.471159181053
Paterson,United States,3884.7639487436068
Little Rock,United States,412.923972066749
Los Angeles,United States,2.2304623377528165
Espoo,Finland,7007.115519141347
Puebla,Mexico,1918.3626714084783
Seattle,United States,2713.7428772902763
Sabadell,Spain,6913.847311639823
Luanda,Angola,9237.711966475357
Cotonou,Benin,12324.12214042986
San Francisco,United States,2787.7267723499267
Victoria,Mexico,2583.839601551232
Seattle,United States,1508.3764215611116
Reynosa,Mexico,3394.050206254868
Calgary,Canada,5560.832572121948
Cuttack,India,13449.072742140665
Kirovohrad,Ukraine,9093.276123227888
Henderson,United States,1088.7821594566801
Port Said,Egypt,11979.779851726995
Rangoon,Myanmar (Burma),15666.682568459924
Ipswich,United Kingdom,6895.000080619186
Tongi,Bangladesh,13021.286570697694
Franklin,United States,1082.1391304153103
Perth,Australia,16966.922453614134
Levin,New Zealand,14324.334835438522
Gothenburg,Sweden,7623.063744980475
Sant Boi de Llobregat,Spain,8600.938489536667
Seattle,United States,2894.3570525186265
La Baule-Escoublac,France,6746.793556055065
Bremen,Germany,7231.098312067356
Ahvaz,Iran,10599.040648318665
Luanda,Angola,11838.507771371496
Antananarivo,Madagascar,14221.62928399645
Brisbane,Australia,15910.526434581288
Rochdale,United Kingdom,8335.114384942786
Kirovohrad,Ukraine,9007.907450830231
Presidencia Roque Saenz Pena,Argentina,8667.09748982886
Dire Dawa,Ethiopia,11570.80690390287
Libreville,Gabon,9427.12354550936
La Baule-Escoublac,France,8226.443884067863
Portoviejo,Ecuador,4559.500883526505
Ibadan,Nigeria,8452.03065681452
Maracaibo,Venezuela,5864.090269860055
Indianapolis,United States,3051.8238484390245
Ituiutaba,Brazil,7416.261171769638
Melbourne,Australia,16286.560239539707
Montreal,Canada,3094.0517458995682
Cairo,Egypt,9714.453116114059
San Luis Potosi,Mexico,2846.2967638495215
Philadelphia,United States,547.0857740190429
San Francisco,United States,2277.9229841153774
Gothenburg,Sweden,7619.954567949171
Tehran,Iran,13663.250449848902
Maracaibo,Venezuela,5390.026556674844
Kabul,Afghanistan,11425.7570466145
Garforth,United Kingdom,5345.933629183279
Cannes,France,8945.83450832926
Berlin,Germany,6391.122295631232
Bagamoyo,Tanzania,13313.171973009397
Pearland,United States,1845.3736308299658
Lakewood,United States,4406.529358458042
Yakarta,Indonesia,16981.399845273358
Guangzhou,China,15427.886623797172
Emden,Germany,8702.049923961293
Guantanamo,Cuba,2003.564175165413
Benevento,Italy,7964.866177021554
Zhaoyuan,China,13808.155789769511
Augsburg,Germany,7581.888902845772
Yamoussoukro,Marfil Coast,7407.256539695792
Buenos Aires,Argentina,8848.9335805477
Uberaba,Brazil,7542.533107274989
Estocolmo,Sweden,6537.021133955102
Utica,United States,2882.8639856230147
Santiago de Chile,Chile,7737.911791082813
Brest,France,6442.713079945944
New York City,United States,137.58873534629092
Kerman,Iran,10782.688054730148
Valladolid,Spain,9234.09887453386
Munich,Germany,7609.419067567958
Sao Luis,Brazil,3314.0680646770356
Luanda,Angola,9239.205266774445
Los Angeles,United States,5413.306265417018
Hamilton,New Zealand,12807.35114257761
Xuzhou,China,11455.526381820431
Hanoi,Vietnam,15573.64454759201
Bezons,France,8915.033047039962
Houston,United States,3202.149139441107
Santiago de Cuba,Cuba,484.06659599255596
Riyadh,Saudi Arabia,12837.88946421344
Hermosillo,Mexico,775.1077491970786
Provo,United States,4593.5098366196335
Viena,Austria,8984.163747557126
Paris,France,6949.866813961683
Elx,Spain,7047.244326740607
Durham,United States,3798.8460894035225
Quincy,United States,4184.484208349938
Guantanamo,Cuba,4488.253149752766
Dnipropetrovsk,Ukraine,9305.618672887078
Malang,Indonesia,14278.165322567778
Limoeiro do Norte,Brazil,6545.899512018256
Weifang,China,11321.236908720042
Salem,United States,5986.459534103741
Bari,Italy,9696.237355853304
Philadelphia,United States,4014.7449498743813
Merida,Mexico,2391.1542487743
Altamira,Brazil,2839.3812139093716
La Crosse,United States,1239.9292038632416
Petapa,Guatemala,3164.8951842033407
Monterrey,Mexico,1721.9639925998688
Viena,Austria,7399.911679864107
Sandy Springs,United States,6408.3885779194825
Surabaya,Indonesia,16284.670965244011
Brisbane,Australia,14773.738264555244
Forbach,France,8154.979660374529
Avion,France,6995.96069383622
Pavlodar,Kazakhstan,9767.412258791024
Culiacan,Mexico,4294.461853555939
Mississauga,Canada,3074.161433499217
Santa Cruz de la Sierra,Bolivia,8163.105880934591
Valinhos,Brazil,5022.342555684065
Montpellier,France,7053.011989878669
Neuilly-sur-Marne,France,11918.202782815233
Valle de La Pascua,Venezuela,997.5091412612688
Lagny-sur-Marne,France,9057.361163946513
New York City,United States,6.4972021162138915
Saumur,France,6761.800216077989
Saint Petersburg,United States,1729.4442193567672
Istanbul,Turkey,8092.705050082876
Irkutsk,Russia,9570.9918933719
Araguaina,Brazil,6861.609311804612
Wuhan,China,14602.620397186072
Thiais,France,8898.424414199528
Philadelphia,United States,3832.6833854505167
Huehuetenango,Guatemala,2848.9042874895986
Sao Paulo,Brazil,5097.6082479178085
Chinandega,Nicaragua,2319.8816204901627
Whyalla,Australia,17121.488170125845
Hobart,Australia,14822.609925787932
Wuchang,China,12073.55653470248
Berne,Switzerland,7325.31124879342
Gold Coast,Australia,15835.46941896128
Cuscatancingo,El Salvador,3790.1214113714022
Bethlehem,United States,2623.4504446235414
Puebla,Mexico,2891.811117572138
Oosterhout,Netherlands,7121.755123733466
Trinidad,Bolivia,6585.308621816476
Monterrey,Mexico,3592.308351915067
Catania,Italy,8062.458372825385
Dublin,Ireland,6428.6729719022
Hillsboro,United States,5997.315824018631
Detroit,United States,754.7757490103778
Cergy,France,7452.246409065463
Xianning,China,14684.669663369212
Halesowen,United Kingdom,6681.1782094884575
Mianyang,China,14419.71167025677
Herten,Germany,6290.0167464822935
Visakhapatnam,India,13291.52900468806
Maisons-Laffitte,France,8830.598638319358
Ilorin,Nigeria,8431.52258872869
Pearland,United States,1695.0259713259156
Prague,Czech Republic,6591.253782134431
Griffith,Australia,12586.259845060129
Yakarta,Indonesia,18487.603664904662
Toluca,Mexico,1983.5878057766436
Forster,Australia,16433.392316089663
Ludwigshafen am Rhein,Germany,7394.069272595969
Augsburg,Germany,7582.705476661583
Grigny,France,7767.855460985798
Varna,Bulgaria,7799.6170200420465
Buenos Aires,Argentina,10022.79958137008
New York City,United States,2592.7771713319
Kerman,Iran,12273.877143290125
Venice,Italy,6599.502588562091
Philadelphia,United States,2545.0874022625317
Milpa Alta,Mexico,2979.937712276752
Managua,Nicaragua,2239.5178081156328
Mandurah,Australia,14812.827010390452
Coimbra,Portugal,6228.688130576127
Dunedin,New Zealand,13998.949299501437
Zapopan,Mexico,3887.8673658428743
Delft,Netherlands,7029.122133286055
Lviv,Ukraine,9576.439238704885
Sivas,Turkey,9912.170727132476
Escuintla,Guatemala,2672.288531210054
Manila,Filipinas,13743.29663026061
Fort-de-France,Martinica,697.8193057118384
Kampala,Uganda,10952.516363903364
Maracay,Venezuela,3364.4316435190804
Rangoon,Myanmar (Burma),15683.121310488998
New York City,United States,3829.575468952068
Tokio,Japan,13434.371093598736
Villahermosa,Mexico,2895.2002362319286
Jacksonville,United States,2234.186615231821
Moa,Cuba,4440.819853923949
Paris,France,6456.487153721664
Geelong,Australia,16460.66198902277
Mejicanos,El Salvador,2970.319395741617
Villa Nueva,Guatemala,2560.525494457413
Medellin,Colombia,1663.9125951521626
Cotonou,Benin,7559.060176451944
Morelia,Mexico,3542.3187088513732
Mutare,Zimbabwe,11576.72946462275
Boulogne-sur-Mer,France,8899.642617623058
Herten,Germany,6961.027605183042
Manila,Filipinas,16283.963775393478
Toulon,France,6963.452659982659
New York City,United States,2591.394656157369
Angers,France,6725.49580787641
Senhor do Bonfim,Brazil,7475.411441874236
Schiffweiler,Germany,6779.061160848573
Krefeld,Germany,7266.373568824338
Grigny,France,6942.240345233698
Kirovohrad,Ukraine,8308.214874249445
Cairo,Egypt,10872.021375788492
La Vega,Dominican Republic,4854.706284755322
Santiago de Cuba,Cuba,2307.677490757172
Puebla,Mexico,3335.4663266620896
Santo Domingo,Dominican Republic,5086.834079390099
Brindisi,Italy,10436.754924932102
Deuil-la-Barre,France,9104.254215460493
Kayseri,Turkey,10743.197171524418
Perth,Australia,18188.542847268836
Caloocan,Filipinas,16290.51731137487
Macon,United States,472.2131736479775
Evreux,France,5819.984231011589
Buenos Aires,Argentina,9738.109743160108
Liverpool,United Kingdom,6617.162797660559
Santiago de Chile,Chile,9153.193118313491
Pocos de Caldas,Brazil,9850.992381751861
Lawrence,United States,1050.8271421067905
Riverside,United States,5331.660820299543
Reims,France,6484.849582541387
Pistoia,Italy,7616.922503096673
Bangkok,Thailand,13313.311691348546
Managua,Nicaragua,3445.1362677662073
Santiago de Cuba,Cuba,1013.7236645740015
Neuquen,Argentina,8096.587014249753
Managua,Nicaragua,3382.785981485642
Nelson,New Zealand,10938.75705851841
Chico,United States,3447.0915494499236
Chillan,Chile,9591.05871475173
Dudley,United Kingdom,6680.231762658317
Quetzaltenango,Guatemala,2739.1030464280284
San Justo,Argentina,8627.339174502134
Charleroi,Belgium,7111.9279086707975
Skokie,United States,2758.1383479830643
Heerlen,Netherlands,7218.908204141865
Oran,Argelia,7022.1277619384855
Mannheim,Germany,7399.769458016232
Himeji,Japan,10193.24852813403
Maracaibo,Venezuela,1307.8586011648267
Marseille,France,7173.858247828724
Coffs Harbour,Australia,14810.733216641785
Aksu,China,11189.218686321312
Manila,Filipinas,13070.763687365137
Annaba,Argelia,7816.788670087561
Marbella,Spain,9076.373055951964
Shiraz,Iran,10589.25996643338
Frontera,Mexico,2745.812517725463
Istanbul,Turkey,9077.95403923541
Columbia,United States,2271.9098475239266
Beijing,China,9605.28622982966
Kuala Lumpur,Malasia,15096.978838325309
Gold Coast,Australia,11637.114573648614
Albury,Australia,15863.58501769773
Miramar,Mexico,3314.2634111510097
Marano di Napoli,Italy,9289.798727713622
Viena,Austria,7986.481556429074
Casablanca,Morocco,6043.986375653138
Kiel,Germany,7507.201504999217
Curitiba,Brazil,7829.223670187656
Sao Paulo,Brazil,8282.207586365892
Lazaro Cardenas,Mexico,3592.4142022992073
Brisbane,Australia,14837.831065142775
Kryvyy Rih,Ukraine,10118.874778674952
Limoeiro do Norte,Brazil,4013.2394247942607
Romeoville,United States,3315.883943481952
Muret,France,6698.186749823971
Sheffield,United Kingdom,6718.023065125987
Sydney,Australia,15950.50098778372
Matanzas,Cuba,1668.8825621963508
Sao Paulo,Brazil,9526.04625554697
Fort-de-France,Martinica,3813.3169871605564
Huainan,China,14370.990293274606
Berlin,Germany,7087.017196917008
Escuintla,Guatemala,3386.7747846376774
Henderson,United States,319.5019411132871
Krefeld,Germany,9209.835602081392
New York City,United States,2931.124808995437
Parma,Italy,7545.064128343402
Iquique,Chile,4280.038861687142
Buenos Aires,Argentina,5906.623375819852
Holguin,Cuba,1078.2166434301716
Ankara,Turkey,8516.746519281887
Sapucaia do Sul,Brazil,9876.213198809697
San Pedro Sula,Honduras,3218.232678480157
Santiago de los Caballeros,Dominican Republic,5279.844312529407
Hamburgo,Germany,7501.742431557851
Managua,Nicaragua,4059.9867349111887
Camarillo,United States,5488.248629365561
Ankara,Turkey,11347.172423294089
Los Angeles,United States,5444.302988208198
Huehuetenango,Guatemala,2706.1521431828965
Severodvinsk,Russia,8505.281267958651
Kano,Nigeria,9524.664055976658
Dakar,Senegal,6781.717839111276
Monrovia,Liberia,6164.097878851773
Lusaka,Zambia,14209.678003253259
Ercolano,Italy,7941.232946448629
Altamira,Brazil,2838.911875148229
Papakura,New Zealand,12360.881597242795
Kinshasa,Democratic Republic of the Congo,12296.960959951894
Vancouver,United States,5976.544266717415
Beverly,United States,3802.978097420504
Chicago,United States,3309.9453553414314
Chinandega,Nicaragua,2758.3160689690144
Franco da Rocha,Brazil,10313.499639523534
Estocolmo,Sweden,7591.6800059046745
New Bedford,United States,2625.8464817752797
Las Rozas de Madrid,Spain,6402.906702413596
Tijuana,Mexico,5281.853560870613
Zhangjiakou,China,10827.705549260945
Varanasi,India,13728.953991235694
Beira,Mozambique,16987.901559352165
Toowoomba,Australia,15420.853071130801
Apucarana,Brazil,7691.522698594938
Radom,Poland,7017.439004423819
Tallahassee,United States,1048.350804515956
Sofia,Bulgaria,8086.851022337762
Los Angeles,United States,3369.6444507168226
Philadelphia,United States,2561.300236874525
Leverkusen,Germany,6421.693540639455
Manila,Filipinas,16280.0078959377
Buenos Aires,Argentina,10340.820855772035
Le Pontet,France,9572.41708482176
Gela,Italy,10427.981925379563
Mersin,Turkey,9755.267583890127
Rosario,Argentina,9115.51763284548
Cuscatancingo,El Salvador,2299.2612723146876
Xinzhou,China,10900.14235603798
Hamburgo,Germany,7976.462719171327
Al Mahallah al Kubra,Egypt,9676.578481119157
Stellenbosch,South Africa,13218.390188814681
Karlsruhe,Germany,7391.53274565031
Medford,United States,4180.880474556732
Reggio nell'Emilia,Italy,9621.369581575822
Lyon,France,7126.679394201344
Chicago,United States,638.4350655873534
Bangkok,Thailand,14029.485416107875
Sao Paulo,Brazil,5101.842341951796
Mixco,Guatemala,3105.958971255177
Guayaquil,Ecuador,2729.1619082022316
Lucknow,India,13109.479012605721
Chinandega,Nicaragua,2319.026582920396
Dieppe,France,10707.49659628999
Chongqing,China,11241.64475442286
Rochester,United States,1613.1066781307695
Oslo,Norway,7842.836318928346
Berlin,Germany,7712.370337685581
Hanover,Germany,7483.688750803819
Apodaca,Mexico,3579.035987195894
Kendari,Indonesia,14459.260470170617
Brisbane,Australia,14337.904509191845
Lima,Peru,5075.2661696743335
Viena,Austria,7964.3955550640785
Barcelona,Spain,6915.963053823023
Vassouras,Brazil,7950.618687527531
Laval,France,6715.52913026186
Bath,United Kingdom,6038.722205275695
Vitrolles,France,7221.944801581907
Colorado Springs,United States,1132.9575003798075
London,United Kingdom,8744.025025008288
Decatur,United States,3235.0275033425182
San Salvador,El Salvador,2512.669975534809
Marsala,Italy,7559.844656951764
Wuhan,China,12058.989187199038
Langenfeld,Germany,9170.47918696719
Gallarate,Italy,9722.62438072344
Novara,Italy,9638.77134798077
Guaymas,Mexico,2747.994520577097
Soissons,France,8401.879301788853
Consolacion del Sur,Cuba,3136.358463468251
Valladolid,Spain,6162.324116065214
Chengdu,China,11117.615455615934
Tiflis,Georgia,11114.587778844463
Worcester,United Kingdom,6671.849674346797
Henderson,United States,1280.0338500233815
Tangshan,China,13581.605555290873
Paris,France,6951.5392409501665
Tegucigalpa,Honduras,2808.207245713606
Issy-les-Moulineaux,France,7230.066004989778
Visakhapatnam,India,14839.399477191877
Radom,Poland,8276.835709839614
Montreuil,France,6921.041850308939
Hobart,Australia,16615.462194627362
Sao Luis,Brazil,5673.366186009755
Roswell,United States,4148.548242996455
Philadelphia,United States,1254.5614543337726
Purwokerto,Indonesia,16301.64842483073
Palo Negro,Venezuela,901.8935189587277
Tampico,Mexico,2686.1645988070995
Las Tunas,Cuba,1137.3325676452678
Duisburg,Germany,7277.303437724738
Augsburg,Germany,7581.02949003493
Taranto,Italy,9434.841384495483
Jinja,Uganda,15036.890121012973
Braganca Paulista,Brazil,5042.382070681484
Cheltenham,United Kingdom,6676.809376216086
Milan,Italy,8833.309650391135
Makhachkala,Russia,9404.548505706598
Tokio,Japan,10541.364041435112
Santo Domingo,Dominican Republic,378.0083844531605
Capua,Italy,9368.122484885487
Bangui,Central African Republic,11781.560922645569
Bogota,Colombia,4977.698938809041
San Diego,United States,846.3704107078532
Tegucigalpa,Honduras,2892.6695071356976
Agra,India,11850.719103140402
Espoo,Finland,9172.95800688661
Brasilia,Brazil,3480.1750320693554
Pomezia,Italy,6749.724376889355
Mixco,Guatemala,2937.9080156481386
Apopa,El Salvador,2487.641854458654
Velletri,Italy,7594.17920507687
Targu Mures,Romania,10135.409594709017
Managua,Nicaragua,2241.6890700702074
Berlin,Germany,7978.289897172274
Dreux,France,5782.469208746343
Vinnytsia,Ukraine,8826.306167617848
Cancun,Mexico,1879.8357931734697
Sivas,Turkey,8981.740966935131
Ciego de Avila,Cuba,1381.351726044557
New York City,United States,2606.9481903871815
Villa Nueva,Guatemala,2779.5334057670243
San Salvador,El Salvador,2525.651188841243
Villefontaine,France,7208.118386409686
Sao Paulo,Brazil,8386.976193282035
San Pedro de Macoris,Dominican Republic,332.21167805686963
Bridgetown,Barbados,3094.1334456797076
Tiruchchirappalli,India,15015.738255867647
Managua,Nicaragua,2241.5621317019263
Santo Domingo,Dominican Republic,378.72108661949244
Cagliari,Italy,7518.15813271292
New York City,United States,4217.417765860153
Wakefield,United Kingdom,7644.498133652913
Phoenix,United States,2574.252217393999
Apopka,United States,3679.4796687247385
Dire Dawa,Ethiopia,11571.316937499569
Los Angeles,United States,3792.211514879115
Ibadan,Nigeria,7682.3191983927845
Offenbach,Germany,9342.106795095242
New York City,United States,5.330622802209201
New York City,United States,1158.8596941282262
Bahia Blanca,Argentina,9847.768239915966
Tlalpan,Mexico,1198.2460190376771
Montreal,Canada,943.1741051090684
Coffs Harbour,Australia,15827.95816231074
Istanbul,Turkey,9959.76588769884
Xi'an,China,13150.762230725497
Seattle,United States,2140.7606268550185
Firminy,France,7083.08295619982
Lucknow,India,12994.872071672627
Berlin,Germany,7734.360200927823
Zhuhai,China,11814.701019653885
Dundee,United Kingdom,5086.130461751452
Grigny,France,6324.702056981587
Sivas,Turkey,9750.158402022584
Itapevi,Brazil,9786.688654461434
Guadalajara,Mexico,2196.4830739379486
Strasbourg,France,8688.539404749514
Copenhagen,Denmark,8805.48788077199
Bolzano,Italy,7615.884813483742
Acu,Brazil,2473.703637261835
Orihuela,Spain,6412.254646385013
Bangkok,Thailand,16168.331780437153
Bottrop,Germany,9088.806431951009
Matadi,Democratic Republic of the Congo,9151.193628977577
Macapa,Brazil,8621.769589561234
Palma Soriano,Cuba,1035.7179514687148
Gawler,Australia,15934.962705519863
Langen,Germany,7410.506550229618
Santo Domingo,Dominican Republic,2370.850141336309
Mougins,France,8740.489763013331
Taiyuan,China,13785.365551955158
Istanbul,Turkey,8279.97511286348
Chicago,United States,3322.3275651860263
Zapopan,Mexico,3888.725236221514
Brisbane,Australia,15288.899901809173
Wels,Austria,7817.559503624832
Mexico City,Mexico,3322.2396307686777
Miramar,Mexico,2344.778977347389
Jining,China,10271.273229510978
Hermosillo,Mexico,3033.5793171015503
Neuilly-sur-Seine,France,6942.938481703093
Bandung,Indonesia,15862.220112859939
Hermosillo,Mexico,4674.385349973667
Freiburg,Germany,9460.04688149867
Leon,Nicaragua,3268.6662140621256
Las Rozas de Madrid,Spain,7685.576113632693
Gold Coast,Australia,15301.44645397203
Donets'k,Ukraine,9607.279947433171
Baotou,China,13476.383947436516
Fiumicino,Italy,7339.156692394384
Jurema,Brazil,3946.6403734793607
Raipur,India,14426.20724562602
Jurema,Brazil,9214.175017968131
Queretaro,Mexico,3298.487895856157
Ankara,Turkey,10448.755198211846
Brisbane,Australia,14341.243340218933
Wollongong,Australia,14339.899854844738
Panama City,Panama,3016.7909944133758
Tourcoing,France,7021.408185438607
Tulsa,United States,3519.6604918990006
Saint-Michel-sur-Orge,France,8224.250243934543
Bangkok,Thailand,16181.680484922968
Bangkok,Thailand,13999.405156110819
Linz,Austria,7240.06697638768
Perth,Australia,18469.47104225304
Dortmund,Germany,9157.690982952261
Rome,Italy,8618.372102713582
Kalyan,India,13954.487776651764
Donets'k,Ukraine,9599.827072201608
Guzman,Mexico,3731.5647474134266
Lisieux,France,6801.745495074793
Hamburgo,Germany,7235.841680688526
Rochester,United States,2956.852981824278
Izmir,Turkey,8235.177633327623
Pforzheim,Germany,7418.689691176045
Yantai,China,10045.401385991445
Katsina,Nigeria,7917.20261025037
Los Angeles,United States,3703.380702414359
Morelia,Mexico,3175.0327023044388
Dormagen,Germany,9189.567241764351
Narbonne,France,6093.221776393846
Saint-Michel-sur-Orge,France,6946.028708000395
Lusaka,Zambia,11019.233439254751
Katsina,Nigeria,10073.513898370056
Yichun,China,14847.53193694479
Parma,Italy,7118.86780124253
Raipur,India,13602.49551070212
Torre del Greco,Italy,7944.4494532467725
Zapopan,Mexico,2396.1190360857213
Arraijan,Panama,4722.585989628373
Anshun,China,11969.617461631855
Vassouras,Brazil,10111.57508110229
Jeddah,Saudi Arabia,11354.498556886525
Bergen,Norway,7256.94798422599
Chicago,United States,2737.1996204609727
Mixco,Guatemala,2616.9719904732374
Tilburg,Netherlands,7135.675882733009
Huehuetenango,Guatemala,3255.6367298245054
Riyadh,Saudi Arabia,11452.466099581101
Apeldoorn,Netherlands,7223.168512463432
Carrara,Italy,9787.54982575083
Villeurbanne,France,7135.792480008075
Indianapolis,United States,2240.034709344572
Buenos Aires,Argentina,8793.395960758453
Maceio,Brazil,4565.896462059756
Limoeiro do Norte,Brazil,7388.920893378939
Capelle aan den IJssel,Netherlands,6984.608919855851
Grevenbroich,Germany,6933.496814513486
Vina del Mar,Chile,5698.438971547044
Heerlen,Netherlands,7915.319214164479
Whyalla,Australia,17676.187137114084
Bangkok,Thailand,13769.362028798083
Nuevo Laredo,Mexico,607.5798275854834
Oakville,Canada,3478.2530972974932
Santo Domingo,Dominican Republic,413.2225197926781
Carrara,Italy,7554.736541917956
Bhiwandi,India,12407.067783816869
Arkhangelsk,Russia,8642.406516317826
Santa Ana,El Salvador,2666.1919682059056
Durgapur,India,12457.840576418264
Englewood,United States,777.907534787598
Nancy,France,7229.851438592627
Vallejo,United States,5817.589926658815
Algiers,Argelia,9938.220588728738
Kanpur,India,13896.272566852516
Aubervilliers,France,9119.342695460738
Beijing,China,10908.858716596635
Stuttgart,Germany,7449.974328039171
Frontera,Mexico,1773.497230730444
San Francisco de Macoris,Dominican Republic,3062.5008715648746
Colima,Mexico,3599.346540693202
Chingola,Zambia,10886.397778411161
Bari,Italy,8325.060801762887
Qena,Egypt,12692.42008158574
Baltimore,United States,1495.2170759410947
Berlin,Germany,6606.719460948967
Marseille,France,7177.414862887557
Posadas,Argentina,9340.13667594563
Concepcion del Uruguay,Argentina,5678.719562845001
Rosario,Argentina,5703.428538030154
Santo Andre,Brazil,5115.068372611494
Temirtau,Kazakhstan,9643.508299791056
Kingston,Canada,3040.7308602413004
Ribeirao Preto,Brazil,4812.409902829346
San Jose,United States,472.4367635439031
Tegucigalpa,Honduras,2272.7781686721496
Zamora,Spain,5573.146426668852
Dresden,Germany,6590.534639190343
Vernon,France,6887.534607692627
Ghent,Belgium,5797.235285658118
Parma,Italy,7520.5418302510425
Manukau City,New Zealand,12827.917893857746
Acireale,Italy,8021.869470118549
Herne,Germany,9127.306582589392
La Romana,Dominican Republic,274.7823123674364
Singapore,Singapore,17588.58438160882
San Pedro de Macoris,Dominican Republic,5238.67384663332
Roswell,United States,1904.8547116237069
Lunel,France,6209.3722240569205
Bezerros,Brazil,4462.966334333293
Round Rock,United States,1862.424491534954
Gaziantep,Turkey,11536.55464445762
Linz,Austria,9483.885546768359
Palermo,Italy,10372.087827653151
Levallois-Perret,France,9085.370416903355
Madison,United States,3498.522963212967
Coventry,United Kingdom,6236.642707489972
Detroit,United States,680.8172847274127
London,United Kingdom,8779.932888514932
Guildford,United Kingdom,8525.248115205675
Facatativa,Colombia,1723.7933440749364
Alexandria,Egypt,11880.60545104271
Hamburgo,Germany,7495.127358022584
Arnhem,Netherlands,7216.858380719019
Los Angeles,United States,28.873008986635128
Dos Hermanas,Spain,6182.512867652763
Turin,Italy,6950.628600900937
Viena,Austria,7982.807545446255
Castrop-Rauxel,Germany,9159.634060454073
Monroe,United States,3963.309098808284
Portici,Italy,7931.802709380059
Nakhon Ratchasima,Thailand,15272.295267125677
Fontainebleau,France,6753.975511122479
Antwerp,Belgium,5924.463313912523
Bogota,Colombia,5301.161422837472
East London,South Africa,17154.42113859456
Sao Paulo,Brazil,5095.993801848607
Augsburg,Germany,8772.552276134264
Panama City,Panama,1755.7722722676895
Recklinghausen,Germany,7304.189389469618
Rome,Italy,7603.305691195078
Duisburg,Germany,8067.722026967953
Bakersfield,United States,159.8529989745433
Cidade Ocidental,Brazil,4301.030394592745
Bloomington,United States,460.1625608919333
Masterton,New Zealand,13546.762805252312
Luanda,Angola,12398.460832485162
Newcastle,South Africa,16802.453962223175
Bayeux,France,5950.317647724296
Detroit,United States,1949.6556052515646
Hyderabad,Pakistan,13139.70397323062
Bamenda,Cameroon,8389.455202302594
London,United Kingdom,6105.069961828849
Colmar,France,6828.73948689767
Ternopil,Ukraine,8040.617617875827
Maceio,Brazil,4569.216948429381
Leon,Nicaragua,2371.5614332309756
Chelyabinsk,Russia,10504.68720717896
Paterson,United States,2623.6294393593403
Montenegro,Colombia,5333.314749746895
Houston,United States,3233.57598456582
Batman,Turkey,10246.695205669797
Montreal,Canada,1921.5552730066859
Granada,Spain,6414.449072664458
Shrewsbury,United Kingdom,5961.987856365702
Peterborough,United Kingdom,6569.412411791372
Guadalajara,Mexico,3882.3428498478165
Benevento,Italy,7441.106962004147
Duisburg,Germany,7379.099736317191
Montenegro,Colombia,1847.2443892521885
Worcester,United Kingdom,7858.034254683283
Kolhapur,India,14228.665685042019
Las Rozas de Madrid,Spain,6403.980469886678
Cruz das Almas,Brazil,4520.066702570907
Jerusalem,Israel,10005.495748994595
Gaomi,China,13921.470099418573
Monterrey,Mexico,3591.0655805990646
Le Mans,France,6787.076536650448
Queretaro,Mexico,3523.0686242319043
Mwanza,Tanzania,11084.367557509211
Cayenne,French Guiana,5853.348999257636
Tlaquepaque,Mexico,3880.0382208362344
Santo Domingo,Dominican Republic,3102.8639957882674
Esteli,Nicaragua,2218.5658134054443
Tipitapa,Nicaragua,2207.3657419791634
Zahedan,Iran,11312.915956467556
Leuven,Belgium,7132.862053524883
New York City,United States,2505.1080820324623
Quixada,Brazil,7129.963941106726
Ivanovo,Russia,9327.203188160862
Wenzhou,China,10899.982648129695
Mpumalanga,South Africa,11523.849748534147
New York City,United States,1204.8781062874373
Cabo de Santo Agostinho,Brazil,7306.864755679602
Lucknow,India,13904.505512464524
Balti,Moldova,8815.135124448185
San Justo,Argentina,8923.810192578561
Tehran,Iran,12225.691074346372
Stolberg,Germany,7213.974762527276
New York City,United States,2591.7132363814762
Tegucigalpa,Honduras,4875.898115572792
Benevento,Italy,7868.4241216820765
Alexandria,Egypt,12056.125741680162
Ribeirao Preto,Brazil,8717.103793891896
Bikaner,India,13305.982737644448
La Ceiba,Honduras,2190.333777496357
Los Mochis,Mexico,1302.4623815153645
Santo Domingo,Dominican Republic,4465.579319523312
Monterrey,Mexico,3592.056738104854
Whyalla,Australia,13143.09110208655
Birmingham,United Kingdom,5432.094463848694
Viena,Austria,9789.153200385726
Silao,Mexico,3352.093988623602
Los Angeles,United States,509.8149639717968
Philadelphia,United States,2552.3288277138377
Bekasi,Indonesia,16378.572154942944
Houston,United States,3201.1338648021433
Istanbul,Turkey,9132.151002259732
Surubim,Brazil,6717.32126664137
New York City,United States,2427.291757319413
Wadi as Sir,Jordan,10890.89367143171
Kaunas,Lithuania,9000.468215912037
Florence,Italy,7649.486191482959
Bangkok,Thailand,14456.600519493
Grasse,France,6576.825743165413
Mexico City,Mexico,1510.822818207684
Magdeburg,Germany,7630.115517801729
Mildura,Australia,16686.165046404945
Albany,Australia,18097.570312046577
Irapuato,Mexico,1538.4409516955686
San Salvador,El Salvador,2492.082914671088
Strasbourg,France,6730.444960410484
Berlin,Germany,8903.122301077065
Lorient,France,7582.408122467592
Yakarta,Indonesia,18462.636963153433
Taytay,Filipinas,13321.941265531039
Mesa,United States,4842.803993445639
Duisburg,Germany,6053.257442755686
Mexico City,Mexico,3452.965222329938
Maracay,Venezuela,891.2924876120301
Mixco,Guatemala,2617.364179615307
Suffolk,United States,2588.2104834535653
Monclova,Mexico,1796.531484105928
Armidale,Australia,16041.921408970948
Xuzhou,China,14175.469964535503
La Ceiba,Honduras,4690.361304112829
Arlington,United States,3462.2907669425335
Esquina,Argentina,9718.454351999346
New York City,United States,897.2402543658625
Dakar,Senegal,10041.523966359817
Sale,Morocco,6122.250963639024
Le Mans,France,6784.150667989709
Brisbane,Australia,13570.464903924594
Santa Cruz de Barahona,Dominican Republic,4950.910056710493
Valdemoro,Spain,6417.212412976695
Jhansi,India,13428.935851395081
San Francisco,United States,2771.881544873795
Iquitos,Peru,2555.2224844414936
Seattle,United States,5993.786169017672
Manila,Filipinas,16286.177362690922
Silivri,Turkey,9076.155862019732
Monrovia,Liberia,10135.995201503529
Portici,Italy,7114.740429612008
Paris,France,8951.345885768313
Vitoria,Spain,6040.945644880585
Villeneuve-la-Garenne,France,6953.010532879926
Montmorency,France,9096.629185374208
Fresnillo de Gonzalez Echeverria,Mexico,7407.256539695792
Paris,France,7861.661837005712
Pistoia,Italy,7617.0264376066125
Hidalgo,Mexico,3316.5985860951373
Registro,Brazil,5132.96035704951
Yakarta,Indonesia,18469.14780958622
Yicheng,China,14030.811859519335
La Ceiba,Honduras,3056.7966404652016
Cairo,Egypt,9730.263588129079
Zabrze,Poland,7691.639086811577
Kinshasa,Democratic Republic of the Congo,10264.670808782483
Andover,United States,2738.1575446602305
Derby,United Kingdom,7527.877498966756
Wafangdian,China,13541.198963747149
Nacka,Sweden,8686.41610539709
Hamburgo,Germany,7472.72870257271
Bogor,Indonesia,18522.275517194164
Rancagua,Chile,8744.5214930924
Geraldton,Australia,15047.011660379114
Raipur,India,14632.279453631867
Suzhou,China,11730.466179578836
Monterrey,Mexico,1949.365359613252
Juarez,Mexico,4288.040801618437
Harare,Zimbabwe,11378.799269334384
Oslo,Norway,7554.363319818409
Cotia,Brazil,10398.477933520971
Nelson,New Zealand,13634.886817300934
Mossoro,Brazil,4106.311751543873
Nal'chik,Russia,11194.262759834855
San Jose,United States,3851.049794024927
Jaipur,India,12537.008558670932
Lucknow,India,13515.589375346206
Seattle,United States,5990.003029002435
Cairo,Egypt,11828.87384422823
Duisburg,Germany,7279.7357846907835
Lowestoft,United Kingdom,6939.179223361249
Monza,Italy,7527.22729680792
Queanbeyan,Australia,14295.119621224174
Auckland,New Zealand,13754.377188040604
Cordoba,Mexico,4830.855246583207
Guwahati,India,13399.530530261029
San Cristobal de Las Casas,Mexico,2981.1006616952645
Lahore,Pakistan,13083.757926929917
Acuna,Mexico,1621.6408221346185
Johnson City,United States,2547.0077856437347
Cairo,Egypt,9718.240861038588
Xinzhou,China,11858.529081553152
Gold Coast,Australia,14738.750077414918
Villa Nueva,Guatemala,3064.6597262987384
Ocana,Colombia,1356.4445066612761
Maceio,Brazil,4565.264031578573
Washington,United States,3497.761189242471
Bekasi,Indonesia,16154.454899322016
Brisbane,Australia,14287.277514255022
San Jose,United States,854.7648530721426
Viena,Austria,7093.881665433513
Foggia,Italy,8021.097153016784
Villa Canales,Guatemala,2750.7549565187346
Cologne,Germany,7291.853213615567
Issy-les-Moulineaux,France,7763.313366609181
La Ceiba,Honduras,2190.3028576885467
Mangalore,India,13678.322662152881
Le Chesnay,France,6768.459201942458
Guadalajara,Mexico,3882.738030908886
Ivanovo,Russia,9274.51132798957
Dublin,Ireland,10757.689174735633
Luanda,Angola,11187.967236247301
Cuernavaca,Mexico,2786.6403125534503
Cologne,Germany,6092.365991406337
New York City,United States,3928.467189141146
Everett,United States,3642.2696392064936
Milan,Italy,7518.29970730671
Yakarta,Indonesia,13586.299423742217
Bognor Regis,United Kingdom,5665.314089721687
Lyon,France,9520.549409702877
Khomeynishahr,Iran,12288.726963576477
New York City,United States,261.16790408570284
Pucallpa,Peru,6065.981437563777
Gorgan,Iran,11320.340739291598
Ankara,Turkey,9148.041328152129
Maceio,Brazil,6781.483740955334
Santo Domingo,Dominican Republic,3130.767671821746
Tegal,Indonesia,16254.317931680818
Philadelphia,United States,3306.695408335125
Los Angeles,United States,2810.006084496946
Jeddah,Saudi Arabia,10798.618951847837
La Romana,Dominican Republic,275.2568852867287
Fort Lauderdale,United States,895.2517540614557
Bognor Regis,United Kingdom,6751.856536545085
Argenteuil,France,6733.8533405107655
Vassouras,Brazil,5130.1355691045765
Sonsonate,El Salvador,2541.4864042070926
Salzburg,Austria,9962.10313827257
Sterlitamak,Russia,10275.362269035724
Little Rock,United States,566.9893939550573
Chicago,United States,1551.2827731558757
Lagos,Nigeria,8278.142880863345
Pontivy,France,5549.773770702054
Clinton,United States,817.8161466486969
Venice,Italy,7535.899792173491
Gwalior,India,12316.178923678232
Mont-de-Marsan,France,6700.697696770055
Santo Domingo,Dominican Republic,2499.266766733469
Tlaquepaque,Mexico,2975.4948638616875
Luanda,Angola,9238.293276812114
Trier,Germany,8203.963198613299
Yunyang,China,11859.115545750847
Adelaide,Australia,15112.86860842461
Lugansk,Ukraine,9791.44584705661
Estocolmo,Sweden,7945.970860818733
Tegucigalpa,Honduras,2272.566929907872
Los Angeles,United States,5413.202089951761
Benin City,Nigeria,7898.117670672248
Shantou,China,15385.250649325642
Chaville,France,7789.454518355489
Paranagua,Brazil,7796.38583408095
Cambridge,United Kingdom,6824.328041815417
Panama City,Panama,4967.64727240822
Fort-de-France,Martinica,6472.111198264112
Montreal,Canada,571.8013434577487
Malayer,Iran,12366.160572928875
Balikesir,Turkey,8928.906201937656
Artemisa,Cuba,1799.5801123442545
Birmingham,United Kingdom,8617.377308230754
Beijing,China,9828.952898598913
Cotonou,Benin,9897.006350427295
Itu,Brazil,10700.10554922416
New York City,United States,3913.923244695404
Constantine,Argelia,7329.360203758746
Bayonne,France,9307.692039886693
Kendari,Indonesia,14876.127316750244
Korba,India,14380.427907756988
Sheffield,United Kingdom,7532.59551096739
Villefontaine,France,8108.748413245217
Noisy-le-Grand,France,5341.79036066379
Ankara,Turkey,9527.16770037545
Beirut,Lebanon,9944.423018648626
Santiago de los Caballeros,Dominican Republic,474.9505655553427
Kabul,Afghanistan,12518.937686954421
Perth,Australia,18178.14337901677
Breda,Netherlands,6791.010843001702
Pertuis,France,7731.747662433968
Elx,Spain,9685.759218238261
Vincennes,France,6957.013933286563
Barcelona,Spain,6914.210218589178
Remscheid,Germany,7830.071786161584
Chemnitz,Germany,7763.562090357094
Dundee,United Kingdom,6705.494426003387
Bolton,United Kingdom,8279.288800627073
Brisbane,Australia,15878.440878146512
Springfield,United States,143.90020028139614
San Salvador,El Salvador,2492.940706791123
Hapur,India,13368.44819867621
Brussels,Belgium,8094.735153892045
Geneva,Switzerland,7229.546785670428
San Francisco,United States,422.1734544609381
Cranston,United States,212.80577867161358
Brindisi,Italy,9906.682007470747
Palma Soriano,Cuba,4521.455476379723
Chicago,United States,1147.012901512887
Mazyr,Belarus,8807.538381513748
Emmen,Netherlands,6098.505585916203
San Juan,Argentina,8645.336088502656
Gilbert,United States,4810.405148025379
San Pedro Sula,Honduras,3072.7134515301323
Suzhou,China,11209.875287110443
Santiago de Chile,Chile,8983.505995067166
Choloma,Honduras,2933.8109663640607
Mossoro,Brazil,6337.454008964075
Metz,France,9327.194763847918
Liaocheng,China,10408.449176096712
Zapopan,Mexico,3922.864504421878
La Ceiba,Honduras,2190.021519579549
Merida,Mexico,3166.695944025649
Cotonou,Benin,12376.107527295793
Albany,Australia,18095.165140357094
Mansfield,United Kingdom,8493.565768734159
Lucknow,India,13903.418015326328
Auckland,New Zealand,13655.592350056573
Kano,Nigeria,8706.727562449567
Santo Andre,Brazil,7740.328804240692
Santiago de Chile,Chile,8208.920022490569
Mbuji-mayi,Democratic Republic of the Congo,10224.877517406443
Treviso,Italy,7165.985462648531
Kuching,Malasia,14149.445006109463
Fresno,United States,5166.527833335759
Edinburgh,United Kingdom,5687.984246178114
Saltillo,Mexico,1757.126676476824
Ube,Japan,9494.387861865676
Guadalajara,Mexico,2630.1510878211056
Cairo,Egypt,8412.631578758586
San Francisco,United States,5852.764867692472
Santo Domingo,Dominican Republic,378.38165562348513
Boulogne-Billancourt,France,6925.844986049956
Dijon,France,5569.9897610718435
Hamburgo,Germany,8967.175298276074
Jackson,United States,889.6134618838548
Los Angeles,United States,22.997241514546428
Bangkok,Thailand,13306.079943255478
Richmond,United States,1135.3496598442578
Astana,Kazakhstan,10524.046809750582
Geelong,Australia,16316.036610949448
Limoges,France,7192.494296531099
Orizaba,Mexico,3240.876165725139
Kawaguchi,Japan,13422.185798892906
Olivet,France,6466.241484792139
Jamshedpur,India,14578.678330019691
Mashhad,Iran,11725.806056875032
Everett,United States,5996.247038700831
Newcastle,South Africa,13074.03152005219
Paris,France,6374.901790328497
Santo Domingo,Dominican Republic,2405.4782307477412
Puerto La Cruz,Venezuela,911.7902544196509
Givors,France,7125.27337637856
Sucre,Bolivia,4124.5634470341465
Pretoria,South Africa,12711.45122558354
Agde,France,6676.72871237559
Kermanshah,Iran,9762.163169349766
Ankara,Turkey,10047.130412457398
Maracaibo,Venezuela,5839.092680404098
Piedecuesta,Colombia,1436.0026274073473
Contramaestre,Cuba,1062.3977377831043
Mexico City,Mexico,2788.123463284708
Bagdad,Iraq,9593.3429721151
Brisbane,Australia,11848.613139578309
Guadalajara,Mexico,1081.5955795862792
Cairo,Egypt,11348.41306014656
Vineland,United States,447.77978657898774
Mamak,Turkey,9487.809347437902
New York City,United States,1248.0371918752676
Seattle,United States,3026.5788716249967
Victoria,Mexico,2702.7669980932155
Canberra,Australia,16080.169317121381
Guantanamo,Cuba,1565.975701374271
Gothenburg,Sweden,7614.495783035726
Hasselt,Belgium,7175.221210729554
Seuol,South Korea,13885.512527061652
Richmond Hill,Canada,1612.2426134864536
Cartagena,Colombia,4470.924346885946
Amsterdam,Netherlands,7153.062169669587
Tampico,Mexico,3316.5919229881265
Bengbu,China,11778.403149426887
Houston,United States,1661.425064470096
Varna,Bulgaria,10159.77078553349
Yunyang,China,12074.645587754923
Avellaneda,Argentina,5918.823279484353
Santiago de Cuba,Cuba,4449.456679579139
Grosseto,Italy,8914.999001921024
Surubim,Brazil,7631.266366854032
Bangalore,India,14427.682569496861
Verdun,France,6042.774634092232
Ceyhan,Turkey,10931.05428918462
Essen,Germany,9137.103081233565
Shimonoseki,Japan,13782.766194087695
Saint-Laurent-du-Var,France,7017.011685561648
Bremen,Germany,7422.622654754024
Tiflis,Georgia,8917.969152968035
Dos Hermanas,Spain,6207.731233694091
Aachen,Germany,6029.431792804255
Garbsen,Germany,8831.883231519
Barranca,Peru,5228.137059166608
Bogota,Colombia,1722.6941840921788
Bendigo,Australia,14151.917998853945
Milwaukee,United States,2326.318178609724
Gdansk,Poland,8056.154347066778
Poissy,France,6928.748944588292
Arezzo,Italy,9886.710951698378
Ludwigshafen am Rhein,Germany,7391.863846281832
Valledupar,Colombia,872.9081788958077
Alanya,Turkey,9421.494387689489
Los Angeles,United States,3438.25271086037
Seattle,United States,5989.857110367553
Springfield,United States,2751.646505248783
Beni Suef,Egypt,12327.846405750357
Salon-de-Provence,France,7124.982029649804
The Hague,Netherlands,8935.60929929046
West Palm Beach,United States,3711.292460812901
Sale,Morocco,6121.581270318502
Saint-Denis,France,6952.807163926976
Jinjiang,China,11183.734890323361
Le Petit-Quevilly,France,7386.197906188967
San Jose,United States,1025.1549114090562
Bom Jesus da Lapa,Brazil,4309.961120838875
Paris,France,7014.458259002297
Tegucigalpa,Honduras,2967.2976668564806
Barcelona,Spain,6913.297281215945
Gujrat,Pakistan,12987.976955832239
Santarem,Brazil,7778.531934560579
Saltillo,Mexico,3022.751426695376
Kermanshah,Iran,11007.977891188491
Sucre,Bolivia,8095.450329324262
Pune,India,12749.369062414253
Chicago,United States,1785.0987089185567
Grasse,France,8093.64420017251
San Salvador,El Salvador,3800.355011998764
Edmonds,United States,2533.9042246779004
Punta Arenas,Chile,9761.555566643068
Hargeysa,Somalia,11796.651497868887
Maubeuge,France,7053.100218836707
Tijuana,Mexico,5285.22364231128
Lagos,Nigeria,9089.625921848383
Auckland,New Zealand,12009.639830637907
Mississauga,Canada,2817.126270755764
Gold Coast,Australia,11610.875706233604
San Martin,El Salvador,3140.1236728363738
Brest,France,6445.500004024722
Frontera,Mexico,2774.5311325354637
Glasgow,United Kingdom,6963.98737059828
Zaanstad,Netherlands,5817.774721311312
Haikou,China,15753.948086355944
Innsbruck,Austria,7865.22265894107
Zagreb,Croacia,7994.432032071559
Berlin,Germany,7744.840446798308
Richmond,United States,357.27165928813105
Verdun,France,8931.1188475027
Santo Domingo,Dominican Republic,378.16927941491167
Nizhyn,Ukraine,8911.546452275892
Tlaquepaque,Mexico,3573.405685456193
Kasugai,Japan,10852.360407409386
Kaunas,Lithuania,9335.758771888792
Bezerros,Brazil,7341.4578221670645
Vadodara,India,12656.70871114668
Brasilia,Brazil,3479.1234799640984
Brasilia,Brazil,6865.851736530191
Hastings,United Kingdom,6459.875090878047
Santo Domingo,Dominican Republic,2749.142655598581
Parma,Italy,6515.292336515111
Dakar,Senegal,6130.235267876833
Carrefour,Haiti,3343.1841143636
Lowestoft,United Kingdom,6673.84649103964
Ceuta,Spain,6256.207485846511
Monroe,United States,3851.172918266224
Bordeaux,France,9226.1547623841
Raipur,India,14424.868071089984
South Bend,United States,751.639395795415
Wetzlar,Germany,8503.624179028107
Mougins,France,7303.250775899694
Worthing,United Kingdom,5541.534567162132
Semarang,Indonesia,16142.492524361323
Donets'k,Ukraine,9621.465386787459
Yakarta,Indonesia,15139.506490141977
Turin,Italy,9712.445832515206
Iranshahr,Iran,11632.10909169923
Tegucigalpa,Honduras,3218.0631677349866
Riyadh,Saudi Arabia,10639.50750751073
Troisdorf,Germany,7305.14144889312
Knoxville,United States,685.6756352786045
Houston,United States,1554.4213364560633
Wollongong,Australia,15927.023504460652
Suzhou,China,11455.080631702816
Warner Robins,United States,441.8693569068879
Fort-de-France,Martinica,3327.5819587564533
Armidale,Australia,11840.188717143683
Ho Chi Minh City,Vietnam,13098.380542355342
Moca,Dominican Republic,4932.981328165759
Dortmund,Germany,8925.821932673665
Goiania,Brazil,7973.190614207956
Baltimore,United States,2545.2601556547484
San Sebastian,Spain,8970.741885117244
Yonkers,United States,2617.6569511782086
Kanpur,India,12306.295266293417
Sao Paulo,Brazil,8193.378780030163
Naples,Italy,7929.334467159778
Antipolo,Filipinas,16282.636418104763
Atlanta,United States,7384.14247658923
Yakarta,Indonesia,16375.258509710793
Mixco,Guatemala,3034.17961768905
Narbonne,France,7670.209488032717
New York City,United States,2595.5763332176907
Gold Coast,Australia,10846.57979707683
Wagga Wagga,Australia,16211.41462448475
New York City,United States,2605.776682197436
Daca,Bangladesh,12773.346880091682
Brasilia,Brazil,3479.493537319266
New York City,United States,2596.8649779129964
Panama City,Panama,3258.695905058271
Leon,Nicaragua,1933.8182368996368
Berlin,Germany,6784.493161426006
Panama City,Panama,3109.554277616932
La Rochelle,France,6666.221669115593
Santo Domingo,Dominican Republic,5632.863516053461
Metepec,Mexico,2247.4907476897797
Derbent,Russia,10565.241029989375
Neubrandenburg,Germany,8032.850960868008
Pune,India,12672.822247642041
Riyadh,Saudi Arabia,12881.997320252678
Meknes,Morocco,9644.212017475698
Seattle,United States,1182.6510903070773
Mont-de-Marsan,France,9320.931073564203
Rostock,Germany,6942.083443235162
Choluteca,Honduras,3567.884310171363
Reims,France,6329.865448229975
Orizaba,Mexico,1681.0157469519952
Toledo,United States,3062.477055806973
Yakarta,Indonesia,18481.78486883931
Tegucigalpa,Honduras,2051.5254204226044
Kent,United States,1921.146154489813
Manila,Filipinas,11755.989083984861
Bezerros,Brazil,7200.423506140219
Papakura,New Zealand,13736.94537252786
Sao Paulo,Brazil,8054.5178390586125
New York City,United States,2596.201264790493
Bandung,Indonesia,14207.122627821247
Fairfield,United States,1888.7074797201712
Chicago,United States,1367.825729303013
Tegucigalpa,Honduras,2502.974103565025
Mentor,United States,2964.584942982455
Tlalnepantla,Mexico,2097.8286682889975
Taranto,Italy,8170.313261172968
Sao Paulo,Brazil,5094.774485899533
Leon,Nicaragua,2305.088732434721
Gebze,Turkey,9180.418184826261
Carrollton,United States,1413.275757465111
Antofagasta,Chile,7632.416088140349
Ferrara,Italy,8832.659067998195
Parker,United States,1404.0309742958716
Roseville,United States,3796.6971373606116
Borujerd,Iran,10201.64942601807
Pomezia,Italy,6918.404009820747
Houston,United States,3200.7332355360936
Albany,Australia,18096.30219751956
Indaial,Brazil,5329.435940571899
Santa Cruz de la Sierra,Bolivia,6624.930836566376
Viena,Austria,8870.220489664052
Shumen,Bulgaria,8906.484451442771
Bucaramanga,Colombia,1460.8694714539608
Santo Domingo,Dominican Republic,3113.8279643031437
Hastings,United Kingdom,6820.123198389214
San Francisco,United States,5825.371860559919
Caen,France,6736.04464648556
Bornova,Turkey,9256.289593362802
Langen,Germany,7412.648088101543
Mbandaka,Democratic Republic of the Congo,12558.319642476981
Mackay,Australia,11525.016817243448
Castanhal,Brazil,2959.633100026962
Ikot Ekpene,Nigeria,12861.322545641553
Trento,Italy,7613.221323117076
Lunel,France,7072.336300638458
Mexicali,Mexico,2650.576664356125
Mexicali,Mexico,5140.919250802564
Chesapeake,United States,2260.7203227353803
Kasugai,Japan,10953.539963700834
Whyalla,Australia,13362.518918939471
Metepec,Mexico,1967.7955988177032
Pistoia,Italy,7437.80523705876
Morelia,Mexico,3672.5379381807325
Riyadh,Saudi Arabia,11296.363148117143
Dublin,Ireland,5530.926666395269
Los Angeles,United States,5410.51162992025
Paris,France,6182.243565147376
Cordoba,Mexico,3230.4184154047844
Tegucigalpa,Honduras,2798.2009741368956
Manila,Filipinas,12027.378227441905
Salon-de-Provence,France,7152.860080331415
Ganganagar,India,14430.64741489905
Jacksonville,United States,2044.3725015576506
Vacaria,Brazil,7893.140110374225
Wellington,New Zealand,14217.866153328403
Colorado Springs,United States,1315.2747803415323
Antalya,Turkey,8486.77818562765
Hamme,Belgium,7092.00216779994
Santa Cruz do Sul,Brazil,5513.10633776306
Soledad,Colombia,1216.8364519022207
Istanbul,Turkey,9133.008971125279
Ilesha,Nigeria,11450.050849133357
Torrevieja,Spain,6673.616725509419
Garoua,Cameroon,9971.486312856696
Managua,Nicaragua,2239.697718199635
Managua,Nicaragua,2241.1393682066932
Islamabad,Pakistan,11403.834898094972
Weimar,Germany,9052.677973784477
Bayonne,France,5670.483101561013
Malegaon,India,13965.836845358188
Cherkasy,Ukraine,9005.492077112876
Draper,United States,987.5320308936776
Oberhausen,Germany,7283.856782882042
Dakar,Senegal,5224.343135507333
London,United Kingdom,7070.730011946332
Fontenay-aux-Roses,France,7565.723123577726
Bogota,Colombia,1722.0796846513413
Contramaestre,Cuba,2585.3957585981248
Qitaihe,China,8769.429334379729
San Pedro Sula,Honduras,777.0759572241379
Hamburgo,Germany,7499.682082257337
Cork,Ireland,6590.932095427645
Buenos Aires,Argentina,8377.394027775059
Bani,Dominican Republic,5079.809996289718
Copenhagen,Denmark,7660.762463162941
New York City,United States,1743.5452018891726
Valladolid,Spain,5057.515576820434
Gold Coast,Australia,15865.867496435476
Chicago,United States,2351.96203826648
Shiraz,Iran,11595.409061041255
Birigui,Brazil,9118.842167874185
Malegaon,India,13970.378856162197
Gallarate,Italy,8941.776817404507
Zaozhuang,China,14126.270806199167
Nice,France,7326.860549274726
Adelaide,Australia,17344.916665810117
Dundee,United Kingdom,6707.028768677069
Glasgow,United Kingdom,7454.579153889772
Las Rozas de Madrid,Spain,6148.71217474859
Mount Isa,Australia,17306.718380613893
Louisville,United States,2792.748554247391
Carrefour,Haiti,638.9083463511311
Kayes,Mali,9445.224616507763
Yucaipa,United States,3417.110899384805
Ilopango,El Salvador,2498.1111258519686
Mixco,Guatemala,3071.1933133445295
Santa Clara,Cuba,1493.1642942523893
Surabaya,Indonesia,18785.17105840577
Philadelphia,United States,131.40461264546553
Birmingham,United Kingdom,7337.837684663994
Clinton,United States,954.9463287437844
Pulheim,Germany,9224.756824867849
Portici,Italy,7935.84374947574
Mexico City,Mexico,3806.9516325665536
Changshu,China,14425.28599314828
Mougins,France,7302.858638936098
San Luis Potosi,Mexico,3079.03744053972
Amman,Jordan,10061.819183424966
Oldenburg,Germany,9028.56703482252
Tilburg,Netherlands,8731.118126989551
Colchester,United Kingdom,7242.328951231828
Magdeburg,Germany,7611.596504517295
Columbia,United States,3358.0973521236183
Managua,Nicaragua,4146.560233864124
Santiago de los Caballeros,Dominican Republic,473.8285375769541
Jaipur,India,12716.988355320187
Chinandega,Nicaragua,2321.4253240463513
Heilbronn,Germany,6806.037288816049
Santo Domingo,Dominican Republic,3231.1126088179385
Philadelphia,United States,3847.31047597881
Tokio,Japan,10881.58673505506
Sao Paulo,Brazil,8009.656270629998
Bagnolet,France,8820.99515652683
Vassouras,Brazil,7907.534293537228
Changshu,China,14428.759589679219
Torrance,United States,3968.777031310092
Fort-de-France,Martinica,3165.44269209109
Buenos Aires,Argentina,8961.25208468397
Roissy-en-Brie,France,6972.184157278599
Oyama,Japan,10907.164503119098
Tawau,Malasia,17469.543410596903
Yogyakarta,Indonesia,18801.383377425875
Launceston,Australia,12993.812560840972
Troy,United States,705.7889542574526
Heilbronn,Germany,8307.6163173432
Paris,France,6245.11580480218
Omaha,United States,3798.9174023246833
Gennevilliers,France,8794.135823071
Mesquite,United States,2070.429534027832
Valencia,Venezuela,3455.820384583507
Tourcoing,France,6996.687705770709
Jacksonville,United States,2046.7506422562942
Fairfield,United States,2868.207399742006
Wellington,New Zealand,13728.646828574412
Kampala,Uganda,10952.32610072309
Kolhapur,India,14812.641629377904
Athens,United States,627.2766123899834
Cordoba,Mexico,1810.3072135958648
Castelnau-le-Lez,France,9590.561012015844
Lucknow,India,13901.64689592386
Pereira,Colombia,1803.7050732501746
Paris,France,8992.25943043575
Rangoon,Myanmar (Burma),13328.66381899274
Lucknow,India,13906.558509495737
Vila Nova de Gaia,Portugal,6348.695925689927
Cairo,Egypt,9976.393640287592
Metepec,Mexico,2321.4786158286324
Tegucigalpa,Honduras,2272.327504380637
Aurora,United States,921.4717360682024
Boulogne-Billancourt,France,6943.4768795844875
Sakaka,Saudi Arabia,10521.029725821345
Izmir,Turkey,8348.480287317509
Cotonou,Benin,8936.613768793215
Leipzig,Germany,8307.121934207125
Tegucigalpa,Honduras,3197.853292522453
Manukau City,New Zealand,10472.028569968621
Lorca,Spain,8445.799262252127
San Francisco,United States,5827.937848072839
Manila,Filipinas,16287.554098025314
Avellino,Italy,7999.913535336878
Johannesburg,South Africa,11284.88372152918
Santa Ana,El Salvador,2185.859992594985
Bridgetown,Barbados,923.0769357962158
Mejicanos,El Salvador,2531.576988395744
Tegucigalpa,Honduras,2273.693644429322
Soyapango,El Salvador,2487.785534490935
Pasadena,United States,5401.1336716736205
Ninghai,China,10695.35525562131
Managua,Nicaragua,2241.411889205329
Vassouras,Brazil,8552.914706189285
Hobart,Australia,15823.982010062122
Manila,Filipinas,12446.865991832085
Jiangmen,China,12935.295697123924
Sao Miguel dos Campos,Brazil,6669.614844587101
Salon-de-Provence,France,7154.235791426759
Helmond,Netherlands,7201.768930267736
Genoa,Italy,9822.228181211198
Betim,Brazil,8161.699936392184
Los Angeles,United States,5410.432231092339
Talcahuano,Chile,8452.206217791176
New York City,United States,4170.636509080088
Lusaka,Zambia,12671.150352900164
Las Rozas de Madrid,Spain,7948.041119988275
Parbhani,India,14225.062828838209
Forster,Australia,11866.937981129959
Likasi,Democratic Republic of the Congo,10718.539713686772
Indaial,Brazil,8288.086165517736
Worcester,United Kingdom,6263.506793908677
Oyonnax,France,7609.455260498438
Brisbane,Australia,14370.208694362604
Menden,Germany,7045.603153132837
Mexico City,Mexico,2478.83734237364
Morelia,Mexico,3671.482069905601
Dumai,Indonesia,15478.315109910209
Vassouras,Brazil,7690.60285742023
Riyadh,Saudi Arabia,11202.724105003299
Bangkok,Thailand,13922.765984080408
Santo Domingo,Dominican Republic,3144.120051535739
Windsor,Canada,3097.51406500479
Ludhiana,India,13240.18122582745
Termez,Uzbekistan,11885.833784726217
Allentown,United States,357.03541266267155
Vigevano,Italy,8627.115998909305
Morelia,Mexico,3672.381355626077
Auckland,New Zealand,13757.199891714614
Troy,United States,1460.594399629756
Caracas,Venezuela,854.5274006321741
Sheffield,United Kingdom,6737.393893645104
Lowestoft,United Kingdom,6055.775514373574
Betim,Brazil,7383.271588498533
Garforth,United Kingdom,5445.646769416523
Liverpool,United Kingdom,8539.665376531122
Sonneberg,Germany,8465.185704588655
Lowestoft,United Kingdom,6940.629079479489
Barranquilla,Colombia,1210.4541351926848
Los Angeles,United States,683.7539348334767
Rafsanjan,Iran,10940.37923807411
Hamburgo,Germany,7494.378303979719
Sunderland,United Kingdom,8407.821006483704
Algiers,Argelia,10102.3627484096
Bayeux,France,8566.331614311399
West Bromwich,United Kingdom,6689.693181790161
Kiel,Germany,7504.089272442408
Elx,Spain,6674.902650722208
Corlu,Turkey,8004.040015125613
Los Angeles,United States,3309.571524810133
Grajau,Brazil,9466.804043241169
Vigo,Spain,7699.296404736313
Rivera,Uruguay,5564.727955166922
Potenza,Italy,8857.718574477633
Riyadh,Saudi Arabia,11471.103262694496
Newcastle,South Africa,16734.899139005058
Nellore,India,14673.412371293056
Klagenfurt,Austria,6788.925801676945
Bagdad,Iraq,9737.071097900145
Cruz das Almas,Brazil,4545.085351075223
Masaya,Nicaragua,3850.436051805633
Hobart,Australia,15445.987577804683
Durango,Mexico,4036.7898277315667
Seattle,United States,5990.755339325025
Messina,Italy,8577.949380974034
Vigevano,Italy,8818.96348932268
Calabar,Nigeria,11238.132297986445
Salon-de-Provence,France,6476.545621771363
Viena,Austria,7984.732148752077
San Francisco de Macoris,Dominican Republic,459.5865750892307
Pune,India,14039.727277585098
Caracas,Venezuela,3622.1104941045232
Naples,Italy,7929.071868626065
Buyukcekmece,Turkey,9099.094752775729
Fargo,United States,1591.610275558476
Chilpancingo,Mexico,3182.5549532637083
Richmond,United States,2390.881979098619
Choloma,Honduras,2315.5772373775762
Riyadh,Saudi Arabia,13185.54839655109
Breda,Netherlands,8747.123557679497
London,United Kingdom,5684.208827494667
Tlalpan,Mexico,2975.3207197096353
Mixco,Guatemala,2833.692147600137
Mansfield,United Kingdom,7018.214255957984
Eau Claire,United States,2577.6070494222436
Manila,Filipinas,13098.714667110826
Paris,France,6952.269519766714
Valinhos,Brazil,8052.933653416514
Tokio,Japan,13438.20500665084
Bar-le-Duc,France,7109.23561830409
Clinton,United States,3637.0044837752093
Canberra,Australia,12311.606160109404
Yueyang,China,12743.53683044501
Mogi das Cruzes,Brazil,5112.862623367301
Hanoi,Vietnam,15581.861652215024
Cerignola,Italy,10481.673623080484
Nakuru,Kenya,11341.640090870422
Sandy Springs,United States,732.5459075454994
Mixco,Guatemala,2616.868809012094
Zinder,Niger,8025.6103213812285
Abidjan,Marfil Coast,7407.256539695792
Rio Branco,Brazil,3126.2849393619445
Baltimore,United States,2899.151941566278
Springfield,United States,1337.8124901557658
Mexico City,Mexico,3452.224925735635
Jinjiang,China,12712.85748679919
Washington,United States,3390.8870205393055
Santa Ana,El Salvador,3011.583837558196
Copenhagen,Denmark,6940.579763602637
Guarapuava,Brazil,5076.032792264622
Port Macquarie,Australia,15532.133012715418
Soyapango,El Salvador,2188.2590708218563
Dortmund,Germany,9138.151598950897
Clichy,France,6316.069480734753
Teresina,Brazil,6662.702316019762
Lohne,Germany,7359.6317992564545
Santo Domingo,Dominican Republic,3012.027580211659
Vigo,Spain,8966.210166649545
Singapore,Singapore,17582.130098732134
Tijuana,Mexico,5285.185784863078
Indore,India,12307.395954576132
Lille,France,6775.504397827977
Gomez Palacio,Mexico,3907.636071109547
Derbent,Russia,10563.672659443559
Santiago de Cuba,Cuba,1014.8211628067712
Mersin,Turkey,9733.030784877934
Bezerros,Brazil,4463.750716790793
Vitry-sur-Seine,France,6952.662037199612
Johannesburg,South Africa,11284.527959607798
Riyadh,Saudi Arabia,11295.022605260368
San Francisco de Macoris,Dominican Republic,1954.4910215155278
Aix-en-Provence,France,9508.414739175745
Sandy Springs,United States,2491.334031896288
Krefeld,Germany,8437.445056268025
Ekibastuz,Kazakhstan,9678.768619344353
Yangzhou,China,11475.154856115485
Mysore,India,14105.112641187323
Bisceglie,Italy,9733.391008857614
San Francisco,United States,554.7604793345013
Mexico City,Mexico,3452.5950369063826
Agde,France,9591.485638133287
Appleton,United States,1245.844117822796
Columbia,United States,765.1149162235705
Niagara Falls,United States,3004.14496688757
Villiers-le-Bel,France,8117.419299842487
Christchurch,New Zealand,11094.511739839314
Gagnoa,Marfil Coast,7407.256539695792
Fremont,United States,600.608835762509
Rome,Italy,8240.103757542138
Houston,United States,1271.5356899092717
Noisy-le-Sec,France,9087.189701408646
Sonsonate,El Salvador,2541.553505057375
Abbeville,France,6924.117897156031
Riyadh,Saudi Arabia,12013.373280483114
Huaibei,China,14213.795909287053
Houston,United States,2325.5292161956777
Maceio,Brazil,9933.017844357079
Panama City,Panama,1753.0392361937916
Viena,Austria,7989.108018174539
Toulouse,France,9726.459364059392
Urbandale,United States,891.5341540531555
Roswell,United States,4145.517982001983
Tarbes,France,6723.214316076421
Leeds,United Kingdom,6744.581572488047
Miami,United States,3779.412753096396
Villach,Austria,12757.333149319467
Mandurah,Australia,18420.554879638312
New York City,United States,877.0844242743176
Monterrey,Mexico,2849.998375143759
Lianyuan,China,11074.24669872461
San Salvador,El Salvador,3314.48783411531
Newcastle,South Africa,11540.157916840157
Houston,United States,1287.8326197494775
Cotonou,Benin,8813.053909764338
Mossoro,Brazil,4108.456668389657
Mexico City,Mexico,3452.2134456639037
Soyapango,El Salvador,2488.003490191602
Veracruz,Mexico,2827.35652660642
Zapopan,Mexico,3780.268251134145
Denver,United States,1306.6002635468742
La Ceiba,Honduras,2190.1119983857434
Nottingham,United Kingdom,6662.8724969977975
Fort-de-France,Martinica,696.8595511483604
Dnipropetrovsk,Ukraine,10458.192634122363
Dublin,Ireland,8582.925084811026
Hamburgo,Germany,7498.434364274615
Lome,Togo,7438.85827420717
Toulouse,France,6854.247708924329
Roodepoort,South Africa,14777.390263942154
Mobile,United States,1243.3696564332834
Consolacion del Sur,Cuba,1989.3418750214785
Pantin,France,9074.953923453157
Harbin,China,12800.967034208861
Panama City,Panama,4279.275521506942
Kupang,Indonesia,16694.265130326985
Tupa,Brazil,4769.102303744215
Dover,United States,2485.6321864455
Istres,France,9119.68041262598
Jena,Germany,7614.514924812083
Manila,Filipinas,11705.529334874744
Sao Paulo,Brazil,5092.940265628002
Gallarate,Italy,7439.969048082606
Juarez,Mexico,4325.476241902325
Shagamu,Nigeria,12481.599387132695
Juarez,Mexico,1994.0640600360243
San Luis Potosi,Mexico,3585.275229598516
New Delhi,India,12899.51520349607
Berlin,Germany,7142.758549374469
Doha,Qatar,11813.894192856009
Bangkok,Thailand,13710.951244752074
Arnsberg,Germany,7370.676850544505
Murfreesboro,United States,2793.9312211069655
Ghent,Belgium,7059.523139388353
Gonaives,Haiti,5115.011785807709
Garoua,Cameroon,8586.489703305766
Santo Domingo,Dominican Republic,378.715902010025
Cardenas,Cuba,1665.7131405406699
Enschede,Netherlands,7286.237839581151
Northampton,United Kingdom,6756.719481003937
Trento,Italy,7611.9831944347225
Geraldton,Australia,18834.05585841956
Grigny,France,8298.66128148286
Benevento,Italy,10371.293682677548
Quetzaltenango,Guatemala,2708.3524454474646
Ensenada,Mexico,5240.843132963442
San Pedro de Macoris,Dominican Republic,332.1024795591068
Lens,France,6999.17791828986
Henderson,United States,3323.849095717483
Waukesha,United States,3436.566541081182
Mecca,Saudi Arabia,13538.292012208936
Los Angeles,United States,2151.519616981463
Fort-de-France,Martinica,3790.658094396242
Los Angeles,United States,2956.0596572517543
Bene Beraq,Israel,7407.256539695792
New York City,United States,2598.14178238009
Berlin,Germany,4509.716880557301
Trier,Germany,8302.691491517346
Canberra,Australia,15656.50182499377
Lagos,Nigeria,8485.132422759558
Marseille,France,9717.242182251026
Huntington Beach,United States,126.41590098345866
Bayonne,France,6587.5447966557595
Alicante,Spain,6908.858684943325
Belgaum,India,13839.312145782536
Manukau City,New Zealand,10927.539679465763
Palma Soriano,Cuba,1034.3324842383618
Reims,France,6807.506981241944
Lahore,Pakistan,12822.497301528663
Mandurah,Australia,18760.346954891327
Pistoia,Italy,7615.181930847859
Fairfield,United States,2874.845671029339
San Jose,United States,5773.760122616496
Santo Domingo,Dominican Republic,378.1587133366028
Bloomington,United States,118.3102287736432
Perth,Australia,16872.4516013826
Bucheon,South Korea,10625.771818195877
Guangzhou,China,12898.518322223255
Algiers,Argelia,7011.1934575595205
Grosseto,Italy,7616.665250397219
Viena,Austria,9888.066004501488
Caxias do Sul,Brazil,5483.774381966454
Merida,Mexico,2363.130768825555
Tegucigalpa,Honduras,3321.4791401614884
Saint-Chamond,France,7105.830830942336
Progreso,Mexico,2606.0022929620636
The Hague,Netherlands,6242.770220739495
Guyancourt,France,6928.208660097954
Kochi,India,15260.122135073994
San Jose del Monte,Filipinas,16255.21716411069
Lunel,France,7071.570925515512
Brisbane,Australia,13356.338092136586
Newark,United States,1115.4862105336483
Ribeirao Preto,Brazil,9139.27644502935
Kermanshah,Iran,11126.002853052269
Varanasi,India,13436.423326211305
Mixco,Guatemala,3448.2421486157823
Coyoacan,Mexico,3456.9550533181146
Yaounde,Cameroon,11874.033948807159
Dublin,Ireland,6421.022559420385
Asjabad,Turkmenistan,9918.58880333003
London,United Kingdom,8317.926583954886
Kenosha,United States,3377.9956591559703
Santo Domingo,Dominican Republic,5382.150816645603
Lisbon,Portugal,5939.301980114047
Los Angeles,United States,5409.867773617495
Antibes,France,9642.249125132344
Ankara,Turkey,11059.007390642984
Maastricht,Netherlands,7340.121512533136
Neuilly-Plaisance,France,6228.070522769642
Mixco,Guatemala,1745.1120911146913
Soledad,Colombia,1213.7694140465612
Jiangmen,China,15489.41081538902
Durango,Mexico,4037.9491760796695
Delhi,India,13517.838292262288
Villach,Austria,8826.315159323469
Accra,Ghana,7307.870712069117
Reutlingen,Germany,6328.192404729909
Northampton,United Kingdom,6761.743153347316
Memphis,United States,989.9086754625231
Dreux,France,6912.203400010884
Dublin,Ireland,7708.699085968826
Colorado Springs,United States,1331.3903542228215
Adana,Turkey,10182.089518064797
Villa Canales,Guatemala,2162.2472580848817
Saint-Quentin,France,5778.047718856199
Marseille,France,7178.359247739349
Geelong,Australia,16310.69108204925
Ilo,Peru,4002.6791091183986
Maxixe,Mozambique,17231.837247037234
Fresnillo de Gonzalez Echeverria,Mexico,7407.256539695792
Santo Domingo,Dominican Republic,4783.110337760187
Saint-Priest,France,7108.392634339641
New York City,United States,1775.218057921048
Portmore,Jamaica,1111.926184378834
Milford,United States,2629.055058282115
Phoenix,United States,4835.717668386306
Bundaberg,Australia,16002.290879010689
Celaya,Mexico,2614.2074632132008
New York City,United States,2600.3709141562067
Moers,Germany,7268.13681009391
Sao Luis,Brazil,3338.899007921833
Xichang,China,12049.836646048288
Itapecuru Mirim,Brazil,3401.4640436956365
Peoria,United States,2630.087961779105
Vesoul,France,7230.9645427088535
Quchan,Iran,11595.370316940229
Sacramento,United States,2970.7188458076994
Wuchang,China,14084.860726268738
Vassouras,Brazil,9952.185120366
Nagpur,India,13618.541602721014
Clinton,United States,3670.7627710530787
Pelotas,Brazil,8338.13496579958
Xinyi,China,13157.423082892925
Cardenas,Cuba,1634.8978159943645
Sceaux,France,7067.225360695717
Visakhapatnam,India,14836.580244554065
Bacolod City,Filipinas,16646.339681324407
Mentougou,China,10830.358563951439
Brest,France,5805.310715015038
Utica,United States,1082.1435477473524
Mumbai,India,14295.981119538106
Leon,Nicaragua,2306.526448884319
Santo Domingo,Dominican Republic,2774.3079467187677
Tegucigalpa,Honduras,2272.408020653785
Santo Domingo,Dominican Republic,5007.279737627363
Houston,United States,1939.8311216594025
Charlotte,United States,429.0553039621803
Manila,Filipinas,13552.10054777943
Bagneux,France,6399.455535042038
Brisbane,Australia,15506.478448219954
Barreiras,Brazil,7266.844686901602
Ibirite,Brazil,7010.717952676807
Rawalpindi,Pakistan,12057.71503903022
Porirua,New Zealand,10849.428749661154
Camaguey,Cuba,2454.2617218466926
Puebla,Mexico,3335.9936537623844
Leon,Nicaragua,3986.028528242135
Newcastle,South Africa,14607.982488348394
Daca,Bangladesh,12982.897847505803
Reims,France,7079.289497249518
Mulhouse,France,6232.750607154802
Las Rozas de Madrid,Spain,6025.079352625001
Dormagen,Germany,7858.591379686219
Maiduguri,Nigeria,9136.190814802414
Maceio,Brazil,4540.017160875561
La Paz,Bolivia,7498.940755063005
Choluteca,Honduras,2281.7016983724793
Los Angeles,United States,5409.434043553334
Bogota,Colombia,5198.802259970936
Copenhagen,Denmark,6799.82086510228
Oakville,Canada,3064.413894097996
San Diego,United States,5298.743492401265
Spanish Town,Jamaica,2637.450814398228
Dallas,United States,589.7697964331101
Abidjan,Marfil Coast,7407.256539695792
Saint Charles,United States,931.824901288405
Sao Paulo,Brazil,7281.739124582502
Tours,France,7637.769271729373
Apodaca,Mexico,2634.347248628975
Reynosa,Mexico,2402.288414006989
Villa Canales,Guatemala,3534.8843110742687
Duisburg,Germany,6592.368363911702
Grasse,France,9762.561404859063
Turku,Finland,7128.752262075847
Sancti Spiritus,Cuba,1529.9225271889259
Chiclana de la Frontera,Spain,6569.666351845255
Los Angeles,United States,2820.7553690037967
New York City,United States,2599.998543350493
Pasco,United States,3452.822832746662
Bhiwandi,India,13945.084765153542
Mahajanga,Madagascar,15118.479405999393
Cassilandia,Brazil,9141.43686117687
Panama City,Panama,1761.7588894937353
Laval,France,6715.530434202746
New York City,United States,2042.7579648564363
Friedberg,Germany,7036.095168641086
Detroit,United States,3100.334889839168
Arak,Iran,10417.172666066874
Alphen aan den Rijn,Netherlands,7133.62582977145
Widnes,United Kingdom,6658.495348444048
Bishkek,Kyrgyzstan,12138.899933149123
Westminster,United States,523.6397068275669
Sancti Spiritus,Cuba,1231.6192854585172
Passau,Germany,9698.870099600075
Mixco,Guatemala,2826.02788443581
Ciego de Avila,Cuba,1349.327265940306
Valenciennes,France,7740.668648790146
Tijuana,Mexico,202.98092531725774
Saint-Herblain,France,6639.199812817071
Mossoro,Brazil,4110.212077860564
Maracaibo,Venezuela,1017.3353807540343
Porto Alegre,Brazil,5570.23633478904
Berlin,Germany,7350.253518978309
Laguna Niguel,United States,1042.7311488346497
Gold Coast,Australia,11537.342201906533
Villa Nueva,Guatemala,3001.9822309837577
Los Angeles,United States,2567.758188005027
Brindisi,Italy,11540.098391119853
San Salvador,El Salvador,2492.8918373423544
Missouri City,United States,5951.909637143051
Ruda Slaska,Poland,8062.764482878231
Grenoble,France,6876.734918195142
Madrid,Spain,9362.475264973607
Gillingham,United Kingdom,6841.593399577567
Tegucigalpa,Honduras,2952.920091847129
Burgos,Spain,9231.162735034075
Brasilia,Brazil,7375.658116932358
Bologna,Italy,7650.051535057674
San Francisco,United States,665.108440983297
Ganganagar,India,12616.84800207912
Rawalpindi,Pakistan,12837.737616020397
Dublin,Ireland,6685.657631902713
Ibirite,Brazil,10000.928402267555
Ankara,Turkey,11037.20750105128
Houston,United States,3203.87887421469
Los Angeles,United States,3439.086875273898
Perth Amboy,United States,24.12150064048696
Brindisi,Italy,7268.5025991887
Managua,Nicaragua,2682.5490739224338
Santiago de los Caballeros,Dominican Republic,2681.8264567533906
Maisons-Laffitte,France,8742.796078637699
Puerto Montt,Chile,6648.7792582272505
Manchester,United Kingdom,7129.750015738654
Emden,Germany,7595.773292219384
La Rochelle,France,6160.647687591496
Tampa,United States,3230.022550924571
Quartu Sant'Elena,Italy,10128.194032322193
Melbourne,Australia,16284.591586180353
Chicago,United States,3307.5656723837974
San Francisco,United States,5826.806799378979
San Justo,Argentina,9015.8236420313
Le Mans,France,6229.4941085599385
Garforth,United Kingdom,5442.45978016251
Iranshahr,Iran,12408.559112369097
Orizaba,Mexico,3403.693831310025
Seattle,United States,4393.009390995269
Rome,Italy,7768.96907286831
Kota Kinabalu,Malasia,12330.151042978034
Meaux,France,7250.53074837916
Dos Quebradas,Colombia,4160.118142829558
Varna,Bulgaria,8190.577854712187
New York City,United States,2590.6497710565377
Qidong,China,11752.044743988527
Vassouras,Brazil,5129.8492774932265
Valparaiso,Chile,5649.690396968698
Limoeiro do Norte,Brazil,6282.806650451612
Panama City,Panama,1755.0624949042947
Milan,Italy,7468.6012728776195
Brasilia,Brazil,6165.219680960336
Santo Domingo,Dominican Republic,2100.969421601572
Brisbane,Australia,15877.508173057548
Fairfield,United States,2869.7229178957273
Villa Canales,Guatemala,2612.5040291663827
Pantin,France,6951.927386932298
Consolacion del Sur,Cuba,3618.8957036587585
Newark,United States,481.37225323809196
Medan,Indonesia,13196.99169805039
Bremen,Germany,7423.128708650482
Neuwied,Germany,7322.401092225508
Berlin,Germany,7631.649137045976
Tongi,Bangladesh,12889.437406853423
Jeddah,Saudi Arabia,10884.816977307444
Dakar,Senegal,5223.779796571326
Cleveland,United States,1139.8416635437816
Brumado,Brazil,4500.803093436666
Bangkok,Thailand,16186.831621838302
Santo Domingo,Dominican Republic,377.9964596726289
Magnitogorsk,Russia,8894.659391386711
Escuintla,Guatemala,3619.7106324638066
Belgorod,Russia,8646.841461031943
Zinder,Niger,12194.428515881033
Bisceglie,Italy,10502.417414300877
Lyon,France,7005.96972689422
Al Amarah,Iraq,11851.108610949783
Mixco,Guatemala,3640.352995798865
Oran,Argelia,6217.1037703530355
Stockport,United Kingdom,6118.078731528012
Plaisir,France,6790.363592087039
Aix-les-Bains,France,7214.230695149362
Chinandega,Nicaragua,3506.537863836992
Abbeville,France,6925.110724403329
Solapur,India,15028.038427620608
Ahvaz,Iran,10156.21281521795
Draguignan,France,7261.27539606687
Barueri,Brazil,7718.286401951143
Lille,France,6425.829836743482
Yakarta,Indonesia,14459.803352364528
Bendigo,Australia,16391.195684544688
Ottawa,Canada,3131.527279053882
Arraijan,Panama,3507.054676595597
Pune,India,13960.249759961163
Saint-Brieuc,France,5627.902965664951
Istanbul,Turkey,10838.220941802734
La Romana,Dominican Republic,5252.147102610891
San Francisco,United States,1701.0509852712464
Huehuetenango,Guatemala,2726.3350944589533
Enugu,Nigeria,12789.735910255169
Bangkok,Thailand,16191.488302397493
Houston,United States,3201.125999935575
San Sebastian,Spain,6575.82307232973
Albury,Australia,16207.715661668462
Rawalpindi,Pakistan,12816.517568175343
Algiers,Argelia,6976.922295081995
Deventer,Netherlands,7218.574050269624
Orizaba,Mexico,3241.2286843854245
Bingol,Turkey,10138.436533355676
Ananindeua,Brazil,4991.337004923195
Paranagua,Brazil,5215.658919626411
Santo Domingo,Dominican Republic,2435.163305837825
Letchworth,United Kingdom,6796.994795404899
Saint Louis,United States,3227.6813414714643
Almaty,Kazakhstan,10923.918222667138
Melton,Australia,15394.71163789255
La Romana,Dominican Republic,5176.7576536388115
Merida,Mexico,3167.7399412068517
Jeddah,Saudi Arabia,12540.308723983439
Mechelen,Belgium,8770.201631199772
Edogawa-ku,Japan,13430.395952570172
Elx,Spain,6597.360045316727
Karimnagar,India,13972.776404247443
Quartu Sant'Elena,Italy,7524.389215738509
Nottingham,United Kingdom,7707.838377373841
Viena,Austria,6921.283209849722
Copenhagen,Denmark,7452.5005032151985
Kaduna,Nigeria,10632.985974255886
Glasgow,United Kingdom,5655.404601559129
Bekasi,Indonesia,18495.873387016185
Contramaestre,Cuba,1524.2746890714998
Viena,Austria,7990.526217590502
Villiers-le-Bel,France,7505.497958592391
Firozabad,India,11842.716330076812
Jartum,Sudan,10878.267610620142
North York,Canada,380.7577789864844
New York City,United States,2599.6035936139942
San Pedro de Macoris,Dominican Republic,332.1386224138734
Puebla,Mexico,3335.8027732934797
Khouribga,Morocco,6475.135711050392
Kayseri,Turkey,11475.776303882014
Lorient,France,8620.269090128715
Gold Coast,Australia,11668.521237341443
Tegucigalpa,Honduras,2842.0608841703247
Ceuta,Spain,6601.606128154744
Kaspiysk,Russia,9107.647193428102
Ichikawa,Japan,10233.278544493629
Viena,Austria,7986.830945570195
Tijuana,Mexico,1848.5312928552382
Indore,India,13056.923065345898
Wagga Wagga,Australia,16210.063093010973
Castres,France,7146.95648315187
Santo Domingo,Dominican Republic,5575.042485372791
Murcia,Spain,9799.14860603818
Townsville,Australia,16536.91712314127
Bondy,France,6702.499243634487
Buenos Aires,Argentina,8489.370676778679
Milwaukee,United States,3412.7467186114704
Palermo,Italy,7640.7385920163715
Southaven,United States,2647.480625971442
Lisbon,Portugal,5937.941758898788
Singapore,Singapore,16630.381970285784
Vence,France,9445.759170475907
Nasik,India,13451.79777324849
Philadelphia,United States,2563.3442238641433
Verdun,France,7173.7152187393
Bolu,Turkey,9333.449386949165
Bangkok,Thailand,13908.628601598903
Arapiraca,Brazil,9962.58651877338
Erftstadt,Germany,7280.682767452472
Durango,Mexico,2318.128893639713
Villemomble,France,6966.11807505878
San Francisco de Macoris,Dominican Republic,2718.411417526925
Taldyqorghan,Kazajist√Ø¬ø¬Ωn,7407.256539695792
Visalia,United States,5530.968138502408
Graz,Austria,7930.053971846547
Vesoul,France,6368.086167478842
Sunbury,Australia,15903.207513595338
Tlaquepaque,Mexico,3574.1729160715277
Antony,France,7405.420485277403
Queretaro,Mexico,2605.518460381696
Farnborough,United Kingdom,6753.287254492162
Hamburgo,Germany,6551.13561363836
Santo Domingo,Dominican Republic,378.6716146808107
Tlalnepantla,Mexico,1895.9364199198603
Ulm,Germany,7509.64511671052
Venice,Italy,6768.647878530399
Ocotlan,Mexico,2016.305943312242
Valdemoro,Spain,9272.462614004859
Mombasa,Kenya,15586.044208627065
Baotou,China,13464.444649162328
Granada,Spain,9708.001069991069
Rajkot,India,12852.61905948593
Betim,Brazil,4873.117952034735
Berlin,Germany,7732.253886569405
Bekasi,Indonesia,16190.90235222807
Perpignan,France,6774.089594759961
Seattle,United States,1714.6810842149023
San Juan de la Maguana,Dominican Republic,519.7642515110268
San Lorenzo,Paraguay,4916.684665188584
Limoges,France,6849.581319151177
Ho Chi Minh City,Vietnam,16705.73665559226
Casablanca,Morocco,6454.974345501224
Wellington,New Zealand,14041.440711560888
Viena,Austria,7984.936075124429
Viena,Austria,9914.40016000701
Perth,Australia,18473.654244137702
Mexico City,Mexico,2473.274903136436
College Station,United States,1683.1090667980748
Buenos Aires,Argentina,8292.140523638534
Izmir,Turkey,9829.176620743225
Buenos Aires,Argentina,5914.06951159834
Friedrichshafen,Germany,7824.076815109607
Nevsehir,Turkey,9670.850974572508
Chicago,United States,1152.6513634572102
Damaturu,Nigeria,9650.312968700502
Datong,China,10230.273582092677
Santo Domingo de los Colorados,Ecuador,4863.570343007485
Tegucigalpa,Honduras,2273.0314166727658
New York City,United States,2593.515119143036
Plaisir,France,6646.066688971507
Adelaide,Australia,16936.75181404159
Oran,Argelia,6183.751129034157
Sohag,Egypt,10601.000959385952
La Ceiba,Honduras,2977.8759804661872
Radom,Poland,8290.809442915004
San Luis Potosi,Mexico,3584.820766807471
Ludwigshafen am Rhein,Germany,6235.086597677941
Genk,Belgium,7186.045130989503
Bangkok,Thailand,14845.164439883598
Barnsley,United Kingdom,6738.682217788614
Johannesburg,South Africa,12885.023569579296
Maradi,Niger,9418.78938466722
Ho Chi Minh City,Vietnam,14773.265434648714
Medan,Indonesia,15131.723011948712
Caluire-et-Cuire,France,9307.671817997978
Granollers,Spain,6853.941687008643
Adelaide,Australia,16937.691699690367
Tatui,Brazil,9697.148099833605
Cardenas,Cuba,2515.5772745667937
Green Bay,United States,3546.092389394583
Shenzhen,China,12760.053898911294
Champigny-sur-Marne,France,9108.335022355692
Guantanamo,Cuba,948.0455627516513
Sannois,France,8895.720428644143
Agde,France,9597.626062155165
Hidalgo,Mexico,2328.8412321251167
Antalya,Turkey,9374.97819660532
Arraijan,Panama,4819.4918183089985
Lawton,United States,1202.0669824505694
Adelaide,Australia,16937.442184998654
Gallarate,Italy,7202.216957803576
Solihull,United Kingdom,6700.577468734945
Chicago,United States,2469.477364333213
Viena,Austria,7987.314900917716
Musoma,Tanzania,11145.276910440767
Medina,Saudi Arabia,10713.80196459603
Mexico City,Mexico,2908.262775329937
Namur,Belgium,8417.275046957602
Guantanamo,Cuba,2090.2231342357177
Panama City,Panama,2722.8634193345492
Rennes,France,8911.894146729193
Singapore,Singapore,16138.723598899825
Freeport,United States,1312.228214247101
Bangkok,Thailand,16182.59196881699
Pulheim,Germany,7277.980934205032
Royal Oak,United States,3117.038796331977
Bangkok,Thailand,16191.176214841696
Nagpur,India,13586.738813085323
Wenzhou,China,14831.393986797822
Sunderland,United Kingdom,8332.862233323041
Ribeirao Preto,Brazil,9513.33519856962
Feira de Santana,Brazil,9629.318629690231
Torreon,Mexico,3898.3173952320067
Cotonou,Benin,12385.550850855177
Casablanca,Morocco,5983.655032990361
Santo Domingo,Dominican Republic,378.2012585096777
Changwon,South Korea,10969.880982932214
Cuxhaven,Germany,6003.740533143438
Singapore,Singapore,15091.277397223823
Kabul,Afghanistan,11226.36351276181
Milan,Italy,9576.99034394759
Mykolayiv,Ukraine,10722.771673426805
Bangkok,Thailand,13911.369227521898
New York City,United States,746.8114454860804
Lome,Togo,12353.684545548105
Fort Worth,United States,3485.603742129668
Muzaffarpur,India,12314.655758931978
Salina Cruz,Mexico,2602.925407556262
Akron,United States,2933.439008003092
Bandung,Indonesia,18601.731253638896
Katowice,Poland,9361.796846296413
Muskogee,United States,3449.513928642813
Geelong,Australia,16310.640916141585
Mejicanos,El Salvador,2697.452138042069
Wuhan,China,12194.640376129348
Joao Pessoa,Brazil,7615.190551339719
Alexandria,Egypt,9554.205219104473
Bellary,India,13635.260540799867
Shenzhen,China,12481.99731640472
Gorakhpur,India,14065.239313734663
Managua,Nicaragua,3020.392908124589
Cerignola,Italy,7924.613662091352
Holland,United States,2846.599457800894
San Juan de la Maguana,Dominican Republic,4521.276439235493
Pertuis,France,7022.111428111596
Panama City,Panama,3423.574605556732
Cairo,Egypt,9975.340849957536
Lorain,United States,2958.146657537223
Sokode,Togo,9185.440164224403
Austin,United States,3437.5489202663157
San Pedro Sula,Honduras,1585.1646461777564
Paterson,United States,860.7077061704146
Perth,Australia,14357.166474582118
Yaounde,Cameroon,11426.151782898547
San Francisco,United States,5823.67710007044
Ijui,Brazil,5328.983447374387
Salem,United States,5986.872408601144
Geneva,Switzerland,6692.693230306153
Jinjiang,China,11095.353722091619
Depok,Indonesia,18506.16222626705
Houston,United States,2137.4383618433626
Rochdale,United Kingdom,7349.101686937354
Sancti Spiritus,Cuba,3986.5738297892412
Lyon,France,7125.732185534745
Canberra,Australia,16493.529501631212
Rhondda,United Kingdom,5878.067556180485
Cerignola,Italy,7687.270369928703
Ouagadougou,Burkina Faso,6961.487371720155
Philadelphia,United States,131.2136801862274
Lyon,France,7126.739119285851
Mantes-la-Jolie,France,9058.941974135729
Madero,Mexico,2267.815041836404
Acuna,Mexico,3713.484203242139
Brisbane,Australia,15880.272453785208
Manteca,United States,3428.9067447303655
Paramaribo,Suriname,1835.2783013364299
Tegucigalpa,Honduras,3986.227548885223
Zapopan,Mexico,2918.3589676539814
New York City,United States,4014.5539076866085
Medellin,Colombia,3370.7204662762997
Huehuetenango,Guatemala,2705.7603123855793
Ulaanbaatar,Mongolia,9895.546921159494
Santiago de los Caballeros,Dominican Republic,473.6729176577163
Sakaka,Saudi Arabia,10852.150390692099
Mangalore,India,13675.339677598611
Consolacion del Sur,Cuba,1848.6863811870899
Longjumeau,France,6944.316156158368
Fortaleza,Brazil,9278.495783827491
Pforzheim,Germany,7227.693449387208
Columbus,United States,2888.604406831331
Kano,Nigeria,12005.841707661824
Paris,France,8888.967874056067
Campeche,Mexico,3216.6147129685983
Ankara,Turkey,9488.489067269229
Matagalpa,Nicaragua,2153.4414599235024
Lodi,United States,604.2947866199611
Tokio,Japan,13439.197888527237
Pekanbaru,Indonesia,15135.631292065429
Juarez,Mexico,4286.247722717583
Washington,United States,2512.610890687287
Alexandria,Egypt,9552.808761675356
Levallois-Perret,France,9101.17337198725
San Francisco,United States,4154.109298222924
Milan,Italy,7471.871139196408
Panama City,Panama,3479.1227610701294
Limoeiro do Norte,Brazil,9355.552430428277
Buenos Aires,Argentina,8503.94594171892
Puebla,Mexico,2473.128543650212
London,United Kingdom,6802.270176365667
Jhansi,India,13871.328991730361
Guadalajara,Mexico,2131.277135578283
Gela,Italy,10198.194859019039
Bijie,China,12006.659956400903
Bhavnagar,India,13690.239051271807
Los Angeles,United States,5017.5545061911735
Hartlepool,United Kingdom,8155.836845101977
Little Rock,United States,3145.8392091513883
Kharkiv,Ukraine,9336.853039500857
Muret,France,8776.396980721544
Frontignan,France,7041.632940730264
Escuintla,Guatemala,3420.5976570024304
Dublin,Ireland,5365.380644966393
Artemisa,Cuba,526.8795691964191
Berlin,Germany,7734.035457371433
Dallas,United States,3434.902278824609
Lublin,Poland,8350.246199756457
Feira,Portugal,6189.690908511514
Papakura,New Zealand,14181.304787606785
Zunyi,China,12073.887302157193
Gorakhpur,India,14096.601582030837
Cape Town,South Africa,13337.944934295294
Djougou,Benin,8626.859467269005
Ankara,Turkey,9541.748274066496
Bryansk,Russia,10337.154160880975
Noisy-le-Sec,France,8289.8178312701
Riyadh,Saudi Arabia,10810.526705085536
Villingen-Schwenningen,Germany,9064.87586211514
Santo Andre,Brazil,9911.953514656636
Rach Gia,Vietnam,16746.40242807469
Schiltigheim,France,6432.208961227033
Soyapango,El Salvador,1895.1994898864862
Sao Miguel dos Campos,Brazil,8073.802959878097
Bur Sudan,Sudan,10692.175446575233
Valladolid,Spain,5658.969908759065
Saint-Priest,France,7092.984307327591
Massa,Italy,7558.0691988825065
Huehuetenango,Guatemala,3269.8191213200525
Pitalito,Colombia,2105.673847765419
Worcester,United Kingdom,5980.005809027068
Singapore,Singapore,16182.415905011057
Milan,Italy,9756.108578202979
Weifang,China,11373.976712452144
Maringa,Brazil,4867.372096366627
Luton,United Kingdom,6784.920447976362
Dresden,Germany,9503.955795222504
Lisbon,Portugal,5939.576012168766
Kokshetau,Kazakhstan,11011.985467556968
Raleigh,United States,3565.579374143868
Costa Mesa,United States,57.97371115405291
Pau,France,9569.72151222178
Chaguanas,Trinidad and Tobago,1009.9803513086123
Wad Madani,Sudan,10532.541375918301
Sancti Spiritus,Cuba,1438.275655608129
New York City,United States,220.910881190747
Paris,France,6920.837332448404
Canberra,Australia,16051.824746679298
Freeport,United States,325.88452511397327
Tegucigalpa,Honduras,3124.881596021888
Delgado,El Salvador,3747.0522443852637
Bangkok,Thailand,13282.295955175356
Plock,Poland,7305.668021406996
Wagga Wagga,Australia,15527.817040475384
Escuintla,Guatemala,3388.6212738548943
Perth,Australia,18469.058248247784
Rennes,France,5621.571186145512
Leon,Nicaragua,3324.853097783
Heilbronn,Germany,6112.097934602729
Vladimir,Russia,9908.542264755097
Acarigua,Venezuela,3419.759818825979
Morelia,Mexico,1870.526835036551
Dublin,Ireland,8357.944977842979
Medan,Indonesia,17095.079146169133
New York City,United States,2431.401095118095
Ugep,Nigeria,8140.186056257643
Manzini,Swaziland,14977.324384244186
Akron,United States,3271.166580410353
Kaduna,Nigeria,9913.627848348222
Saltillo,Mexico,3656.7135253744436
Stuttgart,Germany,7453.031353336551
Pertuis,France,7184.969247984496
Mainz,Germany,8177.195251022381
Toluca,Mexico,3506.259628542702
Pertuis,France,7186.211870722228
Edinburgh,United Kingdom,7929.427880334107
Hamburgo,Germany,7495.838835622218
Marrakech,Morocco,6128.286548221408
Pistoia,Italy,8787.262284866309
Mangalore,India,14634.764725810517
Berlin,Germany,7728.9188987585185
Vassouras,Brazil,5130.277613142446
Kerpen,Germany,7276.501232528673
Lahore,Pakistan,12611.463738459604
Termez,Uzbekistan,11904.662049946484
Wigan,United Kingdom,6667.376221056014
Singapore,Singapore,17592.8557197881
Santa Catarina,Mexico,1059.5118830877225
Escuintla,Guatemala,2671.871948245671
Toulouse,France,6697.365742691816
Oak Park,United States,3317.657337216846
Ponferrada,Spain,5342.531962328119
San Salvador,El Salvador,3671.6985642472932
Suffolk,United States,987.2572671151734
Shanwei,China,15439.520088747788
Oslo,Norway,7547.037128710477
Campeche,Mexico,2455.461048823344
Angarsk,Russia,9633.18679113683
Vitoria,Spain,6579.524541736592
Sabadell,Spain,7370.361465330214
Paterson,United States,95.67905865364175
Grenoble,France,7196.935552475155
Blois,France,8472.920364106209
Borujerd,Iran,12411.968338665007
Lisbon,Portugal,9114.780247486926
Managua,Nicaragua,4231.669786261754
Bacolod City,Filipinas,14386.078302385768
Bundaberg,Australia,11476.376477644464
Brisbane,Australia,13682.520177076005
Samarinda,Indonesia,13159.73857257658
Giyani,South Africa,16871.87912057458
Santo Domingo,Dominican Republic,2019.0004881066384
Hanoi,Vietnam,15577.042951987434
Brandenburg,Germany,5921.768432523632
Cluj-Napoca,Romania,9574.685842557508
San Miguelito,Panama,3015.2156752585342
Port Macquarie,Australia,14936.349259631153
Qingdao,China,10252.09874904468
Port Saint Lucie,United States,3828.854054743718
Dublin,Ireland,8361.261315260454
Santo Domingo,Dominican Republic,3895.497851801381
Cancun,Mexico,2169.779500788967
Tipitapa,Nicaragua,4157.6160102326985
Cabo de Santo Agostinho,Brazil,9806.016011622507
Dallas,United States,1854.910905868652
Weifang,China,11010.63325232472
Knoxville,United States,3087.431138518185
Los Angeles,United States,3348.434328188255
New York City,United States,2591.922463436507
Belgrade,Serbia,10355.333352003972
Cairo,Egypt,11194.611601772242
Yonkers,United States,556.9122453471876
Pescara,Italy,7862.768019028149
Casablanca,Morocco,8673.215815056203
Nagaoka,Japan,10731.165037509038
Leon,Nicaragua,2341.124121082969
Mejicanos,El Salvador,2332.5870153166775
Modica,Italy,7433.6369733632855
Saint-Nazaire,France,5601.4032089959965
Muret,France,6850.052115660982
Buenos Aires,Argentina,9552.261277354664
Uberaba,Brazil,4659.572571379205
Holguin,Cuba,1076.2516810200664
New York City,United States,2592.0347827567316
Manila,Filipinas,16306.843354191653
Salem,United States,1760.9072096619352
Bourges,France,8573.367202518022
Viena,Austria,6873.958627475829
Seremban,Malasia,13868.323715328183
Zaria,Nigeria,12239.598467203676
Batna,Argelia,7273.9670821821055
Cavaillon,France,8869.295143566396
Magdeburg,Germany,7180.945820255406
Houston,United States,3233.353267016777
South Bend,United States,3214.1660732583327
Southaven,United States,2979.6328433431645
London,United Kingdom,8816.92394955095
Huelva,Spain,7282.908555378785
San Luis Potosi,Mexico,3084.92038048436
Philadelphia,United States,2552.5978011937077
Poznan,Poland,9181.228600478871
Aracatuba,Brazil,7721.472967203166
Los Angeles,United States,1978.81254395826
Rillieux-la-Pape,France,6202.890608274465
Bihar Sharif,India,12900.990144992124
Buffalo,United States,2972.3984727780457
Edinburgh,United Kingdom,5809.748545551304
The Hague,Netherlands,6265.136898017775
Mont-de-Marsan,France,6698.927133176421
Hamburgo,Germany,8194.033212972676
Mbandaka,Democratic Republic of the Congo,12428.001639533053
Cordoba,Mexico,2594.683707984507
Berlin,Germany,7727.110198612586
Kitchener,Canada,1170.0790555099486
Geelong,Australia,14510.369477749204
La Ceiba,Honduras,2210.148078697611
San Bernardo,Chile,7770.926457082716
Maisons-Laffitte,France,6940.239007894916
Gilbert,United States,3453.840495037806
Holguin,Cuba,2215.0695914506077
Savigny-le-Temple,France,9165.18232428486
Acireale,Italy,7530.236823802037
Tamworth,United Kingdom,6711.958460287671
Montes Claros,Brazil,7280.511772578006
San Salvador,El Salvador,2491.8821662622054
Bagnolet,France,9108.820264674876
New York City,United States,1362.9754168962481
San Salvador,El Salvador,2862.181492909105
Richmond Hill,Canada,916.9765327303016
Kuching,Malasia,14949.451622959727
Olivet,France,6908.251667706512
Kathmandu,Nepal,12282.33631287488
Biarritz,France,6471.83003323013
Praia Grande,Brazil,7696.482783252033
Denpasar,Indonesia,16503.913598059196
Managua,Nicaragua,2240.7125693101802
Berlin,Germany,7541.562010837183
Mexico City,Mexico,3341.9874628223984
Houston,United States,2119.2073308975655
Santo Domingo,Dominican Republic,5091.99101308496
Remscheid,Germany,7306.3582775471905
Choluteca,Honduras,2314.5349049627166
Tasikmalaya,Indonesia,14827.470180892004
Hamilton,New Zealand,13189.163385845171
Linares,Mexico,1916.072964903853
San Jose,United States,488.6155414606984
Altamira,Brazil,8030.125257907915
Bangkok,Thailand,15618.952781896462
Benin City,Nigeria,9467.116883710612
Casablanca,Morocco,6856.9941616820515
San Pedro,Filipinas,16310.782842909628
Waitakere,New Zealand,13991.472810095667
Maracaibo,Venezuela,1034.7861185632269
Le Creusot,France,6877.728643609078
Soyapango,El Salvador,2488.272406630115
Tegucigalpa,Honduras,1815.4024647215235
Cancun,Mexico,2169.038457621473
Ferrara,Italy,8613.188875808819
Mont-de-Marsan,France,6704.69921542046
Mejicanos,El Salvador,2496.1300649929567
San Miguelito,Panama,3206.4217192995015
Obregon,Mexico,517.6178139981565
Juarez,Mexico,4287.080635579073
Tarbes,France,9393.554285455477
Perpignan,France,6973.034340796086
Pontivy,France,7731.439332131913
Ivanovo,Russia,9313.00725137899
Lahore,Pakistan,13067.013833927907
Antananarivo,Madagascar,13099.5576694455
Manila,Filipinas,16280.375262558042
San Pablo de las Salinas,Mexico,3480.0772167984123
Viena,Austria,8926.277393546077
Zamora,Spain,6239.026018370603
Busan,South Korea,13871.867799433616
Juarez,Mexico,2630.357529870896
Kerman,Iran,11992.18536319927
Mandurah,Australia,17685.4245549165
Newcastle,South Africa,11542.600563805287
Guantanamo,Cuba,943.0309895023781
Barreiras,Brazil,6566.91160758503
Iasi,Romania,8489.544819961588
Medan,Indonesia,14467.44876739044
Reims,France,6625.5990545432805
Santiago de Cuba,Cuba,1011.285953014705
Mexico City,Mexico,2853.801868772818
Mendoza,Argentina,8373.080337383108
Overland Park,United States,776.86638973527
Berlin,Germany,7726.329536919132
Casablanca,Morocco,9003.654877440495
Clichy-sous-Bois,France,6961.988530673532
Nogent-sur-Oise,France,6959.014393946927
Presidencia Roque Saenz Pena,Argentina,7596.535159097947
Yueyang,China,14773.890817723273
Choluteca,Honduras,2280.698175945968
Iasi,Romania,7590.089112100177
Quelimane,Mozambique,16929.41898701736
Mexico City,Mexico,2034.3562242702944
Tlalnepantla,Mexico,2538.2186561772432
Cienfuegos,Cuba,1533.0261139498439
Arak,Iran,10544.72111173473
London,United Kingdom,6055.759201493401
Riyadh,Saudi Arabia,13157.636444583506
Porto Alegre,Brazil,8605.84436942418
Santo Domingo,Dominican Republic,378.11219247682834
Bolivar,Venezuela,1390.8620882875377
Brampton,Canada,1616.9691546644772
Choloma,Honduras,2316.0873473398774
Omaha,United States,3821.8238892383565
Gorakhpur,India,14062.778348937796
Paulista,Brazil,4514.427926458115
Nom Pen,Camboya,13940.995406192058
Ho Chi Minh City,Vietnam,16699.95794167045
Maseru,Lesoto,13129.366130890254
Berlin,Germany,9130.000059976532
Richmond,United States,2374.729904488809
San Pedro Sula,Honduras,2104.207717876531
Burlington,United States,2973.8924101835987
Sonsonate,El Salvador,3203.781793617073
Cape Town,South Africa,10661.979038019488
Tampico,Mexico,1864.6421097289228
Kenitra,Morocco,6446.747175177473
San Salvador,El Salvador,2492.3492481878
Qingdao,China,10793.796945982169
Guayaquil,Ecuador,4651.714964999026
Dublin,Ireland,5872.1559899222175
Astrakhan,Russia,10286.20363066023
Kayes,Mali,7726.176101502047
Puebla,Mexico,3265.7560020585156
Kigali,Rwanda,10769.616426654975
Pulheim,Germany,7595.593412504715
Carrefour,Haiti,2339.5781934558613
Philadelphia,United States,2549.599434267024
Casablanca,Morocco,7372.324846877186
Lowestoft,United Kingdom,6943.7095645923955
Chicago,United States,2758.522673030404
Herten,Germany,7303.209045401834
Bourges,France,6942.162958745977
Birkenhead,United Kingdom,5933.575158033273
Rangoon,Myanmar (Burma),13510.269593478863
Ashdod,Israel,11756.012619501404
Milan,Italy,9372.288183128765
Oslo,Norway,8613.897417908902
Pingxiang,China,12727.48514257481
Berlin,Germany,7645.956390131921
Tasikmalaya,Indonesia,14732.615796291062
Harrogate,United Kingdom,8532.804259841521
Vila Nova de Gaia,Portugal,6010.737745542171
Mejicanos,El Salvador,2204.385469708002
Berlin,Germany,6450.275731094792
Bendigo,Australia,16390.0994677177
Masaya,Nicaragua,3413.8024826777096
Bangkok,Thailand,16184.518678823946
Philadelphia,United States,4047.4771288934508
Lagos,Nigeria,10192.301255520166
Rheine,Germany,7327.310873848307
Bangkok,Thailand,13331.771837601387
Le Mans,France,6120.501901624346
Radom,Poland,7550.23420638731
Henderson,United States,1720.7501164207358
Villa Nueva,Guatemala,3308.8868348045876
San Pedro Sula,Honduras,2965.1497838508785
Rimini,Italy,10052.652989582359
Bilbao,Spain,9090.418838579317
Vassouras,Brazil,10476.592904570078
San Francisco,United States,3354.7210411746855
Kayes,Mali,6006.809740812347
Registro,Brazil,9501.11413833967
Yaroslavl,Russia,7783.247119617753
Ardebil,Iran,10732.266482088708
Le Havre,France,8822.199543014927
Mansfield,United Kingdom,7708.259604146162
Monza,Italy,6715.395891364191
Sao Paulo,Brazil,8454.083275546662
Biarritz,France,9146.798925579342
Villa Nueva,Guatemala,2618.3282793529065
Troisdorf,Germany,7303.038263558758
Bagcilar,Turkey,9121.490085467909
Saltillo,Mexico,3683.015484032044
Berlin,Germany,8051.534239979502
Greenville,United States,805.5463651527264
Paris,France,6945.275813206884
La Ceiba,Honduras,2048.7358825977717
Atlanta,United States,2484.9325410456017
Ceuta,Spain,9432.522775390327
Tegucigalpa,Honduras,3514.811041890299
Cuajimalpa,Mexico,3468.532333882944
Basra,Iraq,11530.152238187158
Trinidad,Bolivia,3659.636279763955
Newcastle,South Africa,11539.892418233394
San Salvador,El Salvador,3320.029017717927
Madrid,Spain,5714.801019095666
Valence,France,7107.460786866701
Padang,Indonesia,14657.115621581685
Nakuru,Kenya,14636.137815844893
Tegucigalpa,Honduras,2308.6421495574664
Moca,Dominican Republic,456.34172739917506
Guayaquil,Ecuador,5584.577521269715
Utica,United States,2218.6414599319837
San Francisco,United States,1190.8626465422014
Bengkulu,Indonesia,17980.169701123148
Manukau City,New Zealand,13777.146759574938
Glasgow,United Kingdom,6612.159239011146
Ho Chi Minh City,Vietnam,12757.01564445831
Salem,United States,3192.720669397927
Palma de Mallorca,Spain,6957.806397218478
Fukui,Japan,13541.09565697902
Andradina,Brazil,8219.359296534158
Santiago de Cuba,Cuba,1014.0775217787026
Chelyabinsk,Russia,8859.304160704069
St. John's,Canada,3472.272540556794
Nuevo Laredo,Mexico,3537.71928244791
Monrovia,Liberia,6163.499793055236
Manchester,United Kingdom,6498.779203008031
Auburn,United States,2485.1747279128563
Thiais,France,7004.142792583578
Newcastle upon Tyne,United Kingdom,5735.761054925814
Pinheiro,Brazil,8591.868327700095
Korba,India,12871.703875095924
Pantin,France,6930.7061333705415
Jining,China,14058.290376218643
Riyadh,Saudi Arabia,11298.001316676491
Perth,Australia,17940.338496580618
Burnie,Australia,16036.151024915082
Le Blanc-Mesnil,France,9094.98425310831
Diadema,Brazil,9411.815573754555
Casablanca,Morocco,6042.53814642694
Sari,Iran,10443.096477312427
Puebla,Mexico,2593.419382119162
Bogota,Colombia,4404.609187231071
Brasilia,Brazil,3475.039154417736
Cannes,France,7305.373968539686
Gold Coast,Australia,15499.811703097423
Paris,France,6950.258842956623
Lowestoft,United Kingdom,7340.089174245785
Nancy,France,6401.810647091703
Feira de Santana,Brazil,4519.023145232212
Ho Chi Minh City,Vietnam,14052.297086338145
Traralgon,Australia,16217.762843869063
Alexandria,Egypt,11305.638627118858
Milan,Italy,8633.322463774668
Azcapotzalco,Mexico,3455.239620020788
New York City,United States,2598.026622509158
Deventer,Netherlands,5962.170700360181
Dakar,Senegal,10026.474166360435
Istanbul,Turkey,9132.507449064235
Maracaibo,Venezuela,3316.920744710906
Glendale,United States,5413.323959283456
Tokio,Japan,8698.077756144354
Tiflis,Georgia,9653.173617789624
Mumbai,India,13375.533212121985
Brighton,United Kingdom,6790.370230665771
Bayonne,France,6621.766842381338
Argentan,France,7690.976341337019
Betim,Brazil,9810.127977403128
Miass,Russia,9776.581787902867
Santa Fe,Argentina,7774.808513044091
Villa Canales,Guatemala,2612.630393832281
Guzman,Mexico,2729.933393241521
Seuol,South Korea,11671.946517168572
Meerut,India,11955.674654198236
Lagos,Nigeria,9629.870978808558
Columbus,United States,2459.1969511005127
Bajos de Haina,Dominican Republic,387.6479286565801
Newcastle,South Africa,16817.751143738977
Letchworth,United Kingdom,5642.459513847195
Wetzlar,Germany,9313.425222223384
Gaya,India,13628.425131965534
Granollers,Spain,6912.136248947771
Canberra,Australia,12515.960688067917
Chinautla,Guatemala,3114.6541692569813
Adelaide,Australia,16936.427061298742
Plainfield,United States,3321.8885455243417
Panama City,Panama,5333.24839559302
Schiltigheim,France,7805.704259289166
Murcia,Spain,7237.7092167766405
Riyadh,Saudi Arabia,11634.045435465398
Jurema,Brazil,7998.582953486696
Grodno,Belarus,9619.589104529072
Manukau City,New Zealand,13473.934622559476
Cucuta,Colombia,1306.5215246462133
Dublin,Ireland,7069.274570072921
Hermosillo,Mexico,797.4693015152787
Long Beach,United States,1599.7437256147907
Adelaide,Australia,13198.886478216718
Seattle,United States,1717.4556896918102
Dublin,Ireland,7680.492703184015
Jiangyan,China,12305.400734820101
Jeddah,Saudi Arabia,12508.087803614548
Villa Nueva,Guatemala,2618.5040508198904
Lowestoft,United Kingdom,6510.134944486907
Les Abymes,Guadalupe,3824.3002437102564
Dos Hermanas,Spain,6207.958161830773
Stourbridge,United Kingdom,5473.761855764223
Azcapotzalco,Mexico,3454.976856382115
Riyadh,Saudi Arabia,10837.545550595069
New York City,United States,2596.492245225776
Rancagua,Chile,7566.395318556764
Novara,Italy,9676.186222760693
Los Angeles,United States,152.56126854015557
Los Angeles,United States,3265.4860784636794
San Pedro de Macoris,Dominican Republic,5711.127811427695
Margate,United States,1677.520200566342
Avadi,India,14431.899557129056
Auckland,New Zealand,13808.028321148386
Kaunas,Lithuania,8248.176442132773
Venice,Italy,7722.314238348814
Aurora,United States,3339.152446610905
Taipei,Taiwan,10950.766633496984
Lima,Peru,6110.909149884969
Ensenada,Mexico,5238.763651436053
Osmaniye,Turkey,9847.347940075751
Milwaukee,United States,3417.1962172941076
Changsha,China,12012.214733102493
Huddinge,Sweden,7964.092381919617
Algiers,Argelia,7009.462881825404
Farnborough,United Kingdom,6706.312076354905
Toledo,United States,3064.3641723402993
Washington,United States,304.30910075094073
San Francisco,United States,583.553814290169
Chicago,United States,293.10667362879343
Houston,United States,1633.5882113632838
Dublin,Ireland,8344.123217574032
Harare,Zimbabwe,13305.44757465403
Saharanpur,India,12742.020911491696
Srinagar,India,12907.378338149285
Oosterhout,Netherlands,8680.450096695125
Jeddah,Saudi Arabia,10798.763915753427
Canberra,Australia,12229.59911931842
Aix-les-Bains,France,6516.424220548031
Galway,Ireland,8172.008058715453
San Martin,El Salvador,2513.3671586927526
Annecy,France,7652.444377165868
Beijing,China,13529.11467127696
Rajkot,India,14617.096246155386
San Pedro de Macoris,Dominican Republic,2904.8514437039994
Bradford,United Kingdom,6724.291152945049
San Francisco,United States,3905.3379160586883
Villa Nueva,Guatemala,1584.5596475953612
Toledo,United States,3127.3100269905744
Baltimore,United States,1942.2868067335316
Townsville,Australia,16536.599041465768
Bhopal,India,13713.21279081388
Bielsko-Biala,Poland,8157.683652327133
Caen,France,6574.629978897489
Sao Paulo,Brazil,5100.3394684381265
Kananga,Democratic Republic of the Congo,10961.917231685302
Gela,Italy,8604.454828912143
San Pedro Sula,Honduras,2325.510799958404
Rabat,Morocco,6093.186015787691
Dakar,Senegal,6167.781613813387
Cucuta,Colombia,3538.1371401367433
San Francisco,United States,2309.984684063071
Jieshou,China,14296.008544742737
Saint-Priest,France,9441.105706663933
San Miguelito,Panama,4836.438745290562
Cordoba,Mexico,3223.2299625499636
Quetzaltenango,Guatemala,2708.6506963878387
Petapa,Guatemala,2614.7500877112752
Halesowen,United Kingdom,6680.791974261928
Santa Clara,Cuba,1492.6208967471605
Yuanjiang,China,15206.476283842143
Kinshasa,Democratic Republic of the Congo,10465.035830142006
Beira,Mozambique,14149.203643732946
Balikpapan,Indonesia,15491.250335005345
Sunderland,United Kingdom,5714.216678812969
Bath,United Kingdom,6624.964328636813
Fuzhou,China,15085.745602271763
Oceanside,United States,5324.286459878322
Plano,United States,1985.9796480306754
Bursa,Turkey,9160.93324093547
Depok,Indonesia,18508.50466193179
Kocaeli,Turkey,10121.86910162647
Leon,Nicaragua,2305.334727943158
Algiers,Argelia,7010.253387636198
Sidi Qacem,Morocco,6221.838590436448
Palencia,Spain,6358.936018142861
Koshigaya,Japan,8819.290823032596
Quixada,Brazil,3949.7304501494673
Bursa,Turkey,10204.29172755763
Jixi,China,12682.42330125683
Mejicanos,El Salvador,2956.665969134607
Daca,Bangladesh,14724.337578323228
San Francisco de Macoris,Dominican Republic,424.07238887321654
Uithoorn,Netherlands,7513.683062440309
Bry-sur-Marne,France,9136.957275301538
Sao Paulo,Brazil,7999.598618830899
Fiumicino,Italy,7749.803144019101
Tehuacan,Mexico,3275.4504320373835
Yokkaichi,Japan,13647.482420084854
Tegucigalpa,Honduras,2314.2225695991347
Tlalnepantla,Mexico,2404.370043505967
Sancti Spiritus,Cuba,1471.392164525383
Akron,United States,2917.2570566058616
La Romana,Dominican Republic,275.16524555265994
Philadelphia,United States,3914.9768277456137
Cuxhaven,Germany,7387.8784754991675
Houston,United States,2120.964284693467
Trieste,Italy,8380.653555668761
Granada,Spain,11811.841920661229
Odense,Denmark,9021.826148809845
Barcelona,Spain,8254.135726884853
Maputo,Mozambique,11751.918177826681
Newark,United States,2614.0383632978164
Innsbruck,Austria,7627.91917719642
Villa Nueva,Guatemala,2617.851460596969
Whyalla,Australia,13226.801927198017
Sale,Morocco,6117.926568884711
Kumba,Cameroon,8358.133480572129
Chinautla,Guatemala,3982.208179983879
San Marcos,United States,3476.2940480218426
Wuppertal,Germany,7304.011927585838
Chengdu,China,14493.514161627794
Estocolmo,Sweden,6678.375557050383
Albany,Australia,18098.817903619823
Sandy Springs,United States,2494.6462903085035
Lviv,Ukraine,7467.462457896452
Consolacion del Sur,Cuba,1851.0979691223395
Barranquilla,Colombia,3284.7085569224114
Izmir,Turkey,10536.323720663771
Chicago,United States,723.8132577891128
San Pedro Sula,Honduras,2793.2138165593324
Garforth,United Kingdom,6749.4956094944755
Resistencia,Argentina,9084.873824975704
Bryansk,Russia,9951.026625538756
Khemisset,Morocco,6328.867871840629
Victoria,Mexico,2262.974931619607
Vinnytsia,Ukraine,9358.530089164627
Toluca,Mexico,1666.9461002021867
Puebla,Mexico,3049.343211404966
Benin City,Nigeria,9519.883364892214
Newark,United States,1170.2388487171686
Bandung,Indonesia,18595.959407524544
Timisoara,Romania,8392.194098432592
Panama City,Panama,4693.341207704319
Esteli,Nicaragua,2214.435633655094
Fort Worth,United States,3481.3958817826915
Perth,Australia,18706.933330413478
Managua,Nicaragua,4468.359957675814
Buenos Aires,Argentina,5908.0651757855685
Bajos de Haina,Dominican Republic,2379.25062658599
Tijuana,Mexico,193.68031167805188
Chittagong,Bangladesh,14930.540351603915
Karlsruhe,Germany,6244.597459339736
Kendari,Indonesia,18181.43514299681
Kathmandu,Nepal,12910.758338912698
Colombo,Brazil,9771.450410696922
Pomezia,Italy,7434.5475524840695
Jeddah,Saudi Arabia,11984.343288106555
Letchworth,United Kingdom,5629.45961509947
Portage,United States,2904.3379119032024
Sonsonate,El Salvador,3686.2713826095023
Sao Paulo,Brazil,5097.326038218859
Redding,United States,5856.932585433781
Gothenburg,Sweden,8131.656455916135
San Clemente,United States,3933.8102116240384
Clinton,United States,1071.749934816495
Yakarta,Indonesia,16464.82284643375
Newcastle,South Africa,14004.207775289662
Carrefour,Haiti,638.8435055952423
Ploemeur,France,6755.540782260335
Xinxiang,China,14071.624192631629
Manukau City,New Zealand,13747.73434447974
Maracaibo,Venezuela,1017.360014989582
Handan,China,11204.18748368209
Betim,Brazil,4851.697934108047
Harrow,United Kingdom,7250.6155856796495
Shashi,China,14627.407260118185
Bezerros,Brazil,4459.433086153756
Fuji,Japan,11201.575366620087
Jequie,Brazil,9686.568867854672
Moreno Valley,United States,5320.00057269047
Mianyang,China,11287.478464012302
Kigali,Rwanda,10769.535803259912
Konya,Turkey,9500.876530469313
Charleroi,Belgium,7113.136493366492
Singapore,Singapore,17573.239839624188
Sydney,Australia,15241.212659818597
Houston,United States,3201.7330528769467
Siegen,Germany,6395.427758996329
Gomez Palacio,Mexico,1707.2469242180644
Lagos,Nigeria,10929.197878505764
Yakarta,Indonesia,15803.711652317172
Manila,Filipinas,12694.967219950913
Rangoon,Myanmar (Burma),13419.530377235158
Annaba,Argelia,9392.446403779875
Hamburgo,Germany,7501.645825486265
Arak,Iran,11110.748179776892
Ijui,Brazil,9870.485223865377
Eskisehir,Turkey,9304.806818239846
Mackay,Australia,16299.15118548039
Mwanza,Tanzania,14640.101089300617
Ajman,United Arab Emirates,11340.989109688413
Newcastle,South Africa,11542.178544188995
Hanover,Germany,7481.830327407059
Bata,Equatorial Guinea,8497.00067141052
Tokio,Japan,13431.40645836207
Eindhoven,Netherlands,8833.55098095692
Sydney,Australia,15916.124948153465
London,United Kingdom,8635.364391917756
Avignon,France,6248.616260604794
La Teste-de-Buch,France,9234.367395200083
Milwaukee,United States,654.5034044971649
Dallas,United States,2065.1574219399904
Santo Domingo,Dominican Republic,378.3988568102412
Paris,France,6738.927229615733
Nuremberg,Germany,11596.380330043636
Philadelphia,United States,3837.3920793278867
Panama City,Panama,1764.248997388194
Bezerros,Brazil,7621.865701347332
Lugansk,Ukraine,9609.398724923678
New York City,United States,2501.5969321937027
Burnley,United Kingdom,6691.359485616206
Remscheid,Germany,11367.171361048377
Chihuahua,Mexico,2524.728812983792
Villa Nueva,Guatemala,2168.6207041547664
Akron,United States,120.7501762867406
Ulaanbaatar,Mongolia,11465.439052920456
Santo Domingo,Dominican Republic,2689.22174727315
Harrow,United Kingdom,8455.3417410377
Wenzhou,China,11931.351016411772
Gravesend,United Kingdom,8748.42330702189
Le Blanc-Mesnil,France,5904.900666234721
Melbourne,Australia,13127.53539548592
Birmingham,United Kingdom,8581.206081120383
Mejicanos,El Salvador,2496.1741519935103
Gonaives,Haiti,2548.585449466206
Harlingen,United States,3336.502776056624
Cranston,United States,2651.641119034201
Buenos Aires,Argentina,5911.174386668562
Montreal,Canada,2961.60571715921
Santa Fe,Argentina,7931.613653392403
Houston,United States,1132.4201591443696
Cairo,Egypt,9718.277556535319
Saint-Chamond,France,7546.368059502218
Namur,Belgium,9271.058334736794
Denain,France,6043.423313591919
Buenos Aires,Argentina,8497.381435127467
Masaya,Nicaragua,2970.196581369378
Padang,Indonesia,15946.434676082448
Bangkok,Thailand,16183.27353996216
Fatehpur,India,13113.502820203137
Petapa,Guatemala,2614.967823010727
Palembang,Indonesia,18067.247002588283
Mianyang,China,14417.401965358984
Santo Domingo,Dominican Republic,2324.2805958420113
Monterrey,Mexico,1572.409896513135
Nevsehir,Turkey,9345.33459645877
Doetinchem,Netherlands,6367.6473915743
Jerusalem,Israel,10008.15922213289
Recklinghausen,Germany,6042.382007848513
Maseru,Lesoto,11345.437775516928
Lugansk,Ukraine,8481.418028525295
Kathmandu,Nepal,12757.876603027189
Chaguanas,Trinidad and Tobago,3888.3638150394663
Ensenada,Mexico,5238.135582089895
Liverpool,United Kingdom,6639.799238214424
Jartum,Sudan,10272.770298969665
Santo Andre,Brazil,6408.018623135792
Sacramento,United States,5754.027872194266
Cheltenham,United Kingdom,6676.336388475977
Berlin,Germany,7067.008178811014
Bayeux,France,6199.305311423943
Manila,Filipinas,14065.197439640442
Grand Rapids,United States,2255.1434200706476
Adana,Turkey,10477.109407469223
Giyani,South Africa,13578.355089806255
Ankara,Turkey,9482.523332557827
Gdansk,Poland,8550.99503136325
Alkmaar,Netherlands,7149.124398364458
Irapuato,Mexico,3005.125907990747
Santo Domingo,Dominican Republic,1471.0488706719814
Toulouse,France,6858.936547981055
Mbuji-mayi,Democratic Republic of the Congo,11700.830231916016
San Miguelito,Panama,1743.5043641965815
Ho Chi Minh City,Vietnam,14720.080020176149
Delhi,India,13054.451855517358
Shangzhi,China,8961.872629592264
Los Angeles,United States,2553.334492675543
Tegucigalpa,Honduras,2273.503118772233
Mexico City,Mexico,2190.2655668496354
Versailles,France,7127.643556946644
San Salvador,El Salvador,4575.15578598791
Monterrey,Mexico,1933.7926438768457
Santo Domingo,Dominican Republic,2486.5830282876127
Buffalo,United States,390.73583907448705
Lome,Togo,7438.934125842688
Newark,United States,2821.782681909855
Santiago de Cuba,Cuba,1013.4246763527167
Resistencia,Argentina,6702.5961255901
Brindisi,Italy,9496.264884447091
Ibiuna,Brazil,7671.324368020322
Mashhad,Iran,10266.051975766823
Fontenay-aux-Roses,France,5850.601448074309
Duisburg,Germany,7251.1001749939805
Perth,Australia,18467.82509900589
Al Hudayda,Yemen,11650.145477823797
Gonaives,Haiti,2194.1650459643165
Oviedo,Spain,5743.176869691843
Mar del Plata,Argentina,6296.640545768593
Paris,France,6946.295196017477
Liaoyang,China,13336.501752242924
West Palm Beach,United States,1316.0887269718014
Lianyuan,China,14911.714986851233
Canberra,Australia,15388.09748964997
Kerman,Iran,11991.049493250908
Pune,India,12661.841428734744
Philadelphia,United States,273.50741573073407
Redmond,United States,5981.282432920906
Mexico City,Mexico,3452.592917069881
Frontignan,France,6191.603829642148
Vassouras,Brazil,7663.142049605687
Chaguanas,Trinidad and Tobago,3547.581183116082
Auckland,New Zealand,13619.72536372364
Mont-de-Marsan,France,6673.210423483936
Bremen,Germany,7422.393745112974
Bremen,Germany,6410.738541933393
Lima,Peru,5971.348382001801
Noisy-le-Sec,France,7929.274838093804
Villa Nueva,Guatemala,2618.817276453828
Ensenada,Mexico,699.7131655424981
Cesena,Italy,7719.310479988839
Boa Vista,Brazil,1814.833997601351
San Jose de las Lajas,Cuba,1726.253159738629
Guanambi,Brazil,9933.4200774936
Cairo,Egypt,11841.184601240497
Izmir,Turkey,9829.87509146499
Viena,Austria,7984.1527589527295
Bari,Italy,8574.220263477577
Sao Paulo,Brazil,10440.294795422034
Tokio,Japan,13435.872198567638
Artemisa,Cuba,2038.7094016789165
Perth,Australia,15572.621873265154
Managua,Nicaragua,4043.698141451521
Xianning,China,14320.545710178372
Henderson,United States,3326.0788271751835
Maisons-Laffitte,France,5835.686765892622
Odense,Denmark,7353.819613181058
Schiltigheim,France,6735.489586081442
Tallaght,Ireland,7170.113732373072
Mashhad,Iran,12255.146798813897
Yakarta,Indonesia,18463.56550622238
Jalna,India,12596.133080648673
San Jose de las Lajas,Cuba,2139.5424989051994
Buenos Aires,Argentina,9784.625980242183
Drammen,Norway,6038.451244933734
Juazeiro,Brazil,4178.597123792417
Brisbane,Australia,14845.943427769264
Sydney,Australia,15839.075850528585
Pinar del Rio,Cuba,1921.7336655011225
Colorado Springs,United States,1731.9677772605066
Grasse,France,9328.10281603126
Brest,France,6440.328723024729
Qom,Iran,11172.647432750218
Rome,Italy,7760.531600667665
Salzburg,Austria,7745.928568798393
Acayucan,Mexico,1404.9010243922191
Nanchong,China,12022.940639080847
Wilmington,United States,3986.244303006441
Almaty,Kazakhstan,10887.699180188583
Les Clayes-sous-Bois,France,9091.420043299286
Pretoria,South Africa,15434.240139150079
Ternopil,Ukraine,8625.385369631644
Tallaght,Ireland,5875.025632422091
Sao Paulo,Brazil,5084.540062335737
Kingswood,United Kingdom,8158.1021518779435
Bochum,Germany,7311.300020147259
Antalya,Turkey,9389.165522705
Seropedica,Brazil,8106.637271958348
Irving,United States,1687.8326934916097
Chiclayo,Peru,5283.2898540543
Viena,Austria,9814.056433914919
Aylesbury,United Kingdom,8441.285599318388
Peshawar,Pakistan,12709.027620773819
Tangier,Morocco,5846.208641663372
Heidelberg,Germany,6446.0414946050705
Quixada,Brazil,6718.088743228161
Vichy,France,7021.680981320717
Hiratsuka,Japan,10195.653171834358
Puente Alto,Chile,7688.115236602172
Choluteca,Honduras,3274.5822103649434
Reims,France,7078.410540481447
Hamburgo,Germany,6548.2954011143265
Doha,Qatar,10776.915213633636
Foggia,Italy,7415.809632623368
Diyarbakir,Turkey,10161.452828447294
Mandurah,Australia,16926.15102942092
Guildford,United Kingdom,6765.266765594589
Fort Worth,United States,2874.9731986123634
Los Angeles,United States,2.5041703940192774
Des Moines,United States,2335.4259508933947
Karaganda,Kazakhstan,10734.121752574725
Jos,Nigeria,8131.343830217534
Choloma,Honduras,2315.834954983721
Leon,Nicaragua,3263.081807514312
Kawagoe,Japan,8277.759779723552
Brasilia,Brazil,6662.432565741829
Hangzhou,China,10138.302607039617
Santo Andre,Brazil,6913.3359808095365
Santiago de Cuba,Cuba,3820.1145552874405
Chongqing,China,14627.977072039075
Bridgetown,Barbados,3601.6775103003156
Garoua,Cameroon,10254.343990845598
Duisburg,Germany,7278.362998505869
Estocolmo,Sweden,8926.385518852785
Chinautla,Guatemala,2245.1738001618323
Moreno Valley,United States,5317.996319725239
Brindisi,Italy,8192.059730211398
Viena,Austria,9051.2192867642
Cary,United States,653.31559275041
Aracaju,Brazil,4559.431213706596
Carrara,Italy,9333.914107686773
Angers,France,6695.969999119449
Ho Chi Minh City,Vietnam,14866.437148141375
Buenos Aires,Argentina,8692.924301283989
Chittagong,Bangladesh,14937.329069177105
Berne,Switzerland,9436.30030242727
Santo Domingo,Dominican Republic,3095.870097114711
Le Chesnay,France,6932.5026637393075
Les Pavillons-sous-Bois,France,8906.825353702661
Menton,France,7348.634411407221
Glasgow,United Kingdom,5415.152082750023
Polatsk,Belarus,9359.180508072965
Hermosillo,Mexico,4675.630140636247
Carrefour,Haiti,2691.7064738814647
Kathmandu,Nepal,12166.256155259618
Valencia,Venezuela,6222.699178257514
Gold Coast,Australia,11489.854888858688
Buenos Aires,Argentina,5909.511375835249
Duisburg,Germany,6602.235686233003
Changsha,China,12852.211299633314
Los Mochis,Mexico,3093.168219947177
San Andres Tuxtla,Mexico,3077.6867900021357
Zhangjiakou,China,10224.15881980072
Sao Goncalo,Brazil,7721.599298413
Progreso,Mexico,2463.826230647733
Antananarivo,Madagascar,13099.08653793265
Mashhad,Iran,12205.793041292316
Nueva Gerona,Cuba,1901.6057645531557
Santo Domingo,Dominican Republic,377.98848218686635
Montevideo,Uruguay,9139.947610927979
Long Beach,United States,5405.041641361785
Cheltenham,United Kingdom,8610.122700455719
Veracruz,Mexico,3192.431636285721
Kismaayo,Somalia,15060.74368049382
Cairo,Egypt,9713.947441860091
Oyonnax,France,9487.153014400237
Colorado Springs,United States,1479.5137463375559
Yalova,Turkey,9154.482235753545
Osasco,Brazil,7617.791656341326
Lyon,France,7130.523415086101
Manaus,Brazil,7323.632335600261
Bangor,United States,670.5433017003905
Santo Domingo,Dominican Republic,2932.324499919303
Buenos Aires,Argentina,9776.142101832716
Rach Gia,Vietnam,16738.30073174138
Pine Bluff,United States,3095.389026492355
Dar es Salaam,Tanzania,11902.414404418523
Modica,Italy,7620.422288237864
Amatitlan,Guatemala,2621.8340278979827
Portici,Italy,7940.084227284946
Yakarta,Indonesia,18465.30012681541
Norwich,United Kingdom,6401.992823511312
Chelyabinsk,Russia,10500.566243989924
Anaheim,United States,5379.677631164024
Monterrey,Mexico,3589.5949447432936
Sao Paulo,Brazil,7775.835106267942
Cassilandia,Brazil,9314.611482568645
Merida,Mexico,2456.4978351200284
Halesowen,United Kingdom,8596.411429428033
Seattle,United States,6021.297640341364
Camaguey,Cuba,1258.1680699944634
Akron,United States,3230.6217992914303
Grajau,Brazil,6937.573862469719
Soweto,South Africa,13522.341704202836
Mar del Plata,Argentina,6295.727295080634
New York City,United States,1963.1006891213003
Lahore,Pakistan,13088.92211109796
Seuol,South Korea,13903.283004737901
Jackson,United States,1640.7308571799051
Wiesbaden,Germany,7378.481177496176
Bekasi,Indonesia,14480.25154960995
Huddersfield,United Kingdom,5407.5565434491355
Sterlitamak,Russia,10334.22849241066
Darwin,Australia,15828.236370523846
Neunkirchen,Germany,6623.023789275468
Cagliari,Italy,7515.285607187214
Leverkusen,Germany,7145.2942648825265
New York City,United States,2596.1970981076083
Kuantan,Malasia,14500.762112018521
Antananarivo,Madagascar,15096.476938982238
Herten,Germany,9135.31395425486
Paulista,Brazil,6754.581118538502
Manukau City,New Zealand,12604.229009567163
Matanzas,Cuba,1670.3603137835432
Juarez,Mexico,1095.6236906369588
Maputo,Mozambique,11750.133937679962
Lowell,United States,587.1744996390381
Mixco,Guatemala,2617.1627691915332
Gold Coast,Australia,15833.244057108543
Cabimas,Venezuela,1026.987213263401
Naples,Italy,7402.098296534581
Beykoz,Turkey,8959.963433485631
Qingdao,China,8098.389866968842
Chongqing,China,14628.778341946736
Saint-Pierre-des-Corps,France,6808.613393349488
Philadelphia,United States,238.78354928933268
Oberhausen,Germany,9121.015986083214
Quixada,Brazil,6709.319009334954
San Jose,United States,4376.990360169656
Bridgetown,Barbados,923.8108258789821
Troisdorf,Germany,7306.700176383685
Dormagen,Germany,7413.014397141674
Braganca Paulista,Brazil,5030.341311139853
Santiago de Cuba,Cuba,1013.3561331757551
Guadalajara,Mexico,3913.514388869351
Bayonne,France,6618.314429450691
Tokio,Japan,13452.831926594077
Newark,United States,938.7125947341848
Viena,Austria,7715.396470376866
Araguaina,Brazil,3452.768433802818
Saint-Denis,France,6949.045345427974
Hasselt,Belgium,6929.92122033611
Rabat,Morocco,7656.991693390829
Fortaleza,Brazil,9182.037155054697
Fort Worth,United States,3483.906981679767
Paris,France,7133.596456702764
Mississauga,Canada,3423.7365531214205
Salzburg,Austria,9672.981200439683
Riyadh,Saudi Arabia,13493.845629654026
Gorakhpur,India,14068.813174098193
Visakhapatnam,India,13834.04230686725
Mexico City,Mexico,3452.5110757119373
Chelyabinsk,Russia,10124.51483205245
Redditch,United Kingdom,8110.228555796436
Shiraz,Iran,12958.907107245217
Glasgow,United Kingdom,7932.130495922562
Daegu,South Korea,11011.056083583617
Celle,Germany,8296.835925537896
Arlington,United States,3493.871841782337
Turin,Italy,7351.49194454623
Verdun,France,9383.508488431597
Pavlodar,Kazakhstan,10899.962779818417
Shahriar,Iran,11936.792306880454
Pulheim,Germany,6088.084833575897
Suzhou,China,14465.115074725936
Toulouse,France,6856.949668269281
Panama City,Panama,3310.818574188907
Guantanamo,Cuba,3884.9745041941014
The Hague,Netherlands,6551.871662469868
Dortmund,Germany,6860.988277757455
Mixco,Guatemala,2847.6983051819043
Manila,Filipinas,13721.108867526962
Nelson,New Zealand,13852.094197197266
Villa Canales,Guatemala,3485.8397219451845
Garoua,Cameroon,12941.170540540583
Bacolod City,Filipinas,16648.031627250308
Artemisa,Cuba,1797.2965315163594
Milan,Italy,6677.1093007925565
Mixco,Guatemala,2617.347794010849
Mumbai,India,13945.600650786053
Lviv,Ukraine,8485.277381747434
Cochabamba,Bolivia,3941.354017228126
Denpasar,Indonesia,18932.45434783395
Chililabombwe,Zambia,10876.740879884466
Milan,Italy,9562.029402846792
Lowestoft,United Kingdom,5744.253582318154
Las Tunas,Cuba,2118.0224730563546
Mixco,Guatemala,1865.6877130202497
Maracaibo,Venezuela,1013.8929520203649
Houston,United States,2117.781210422618
Leon,Nicaragua,2306.9464834564396
Metepec,Mexico,3499.6521988127856
Calamba,Filipinas,14129.178093319113
Santa Cruz de Barahona,Dominican Republic,2582.1220068111716
Iguala,Mexico,3501.1475475009
Benghazi,Libya,8632.022092297599
Caluire-et-Cuire,France,9464.842432374418
Kiel,Germany,8053.019908778604
Sidi Qacem,Morocco,9688.01794527752
New York City,United States,1101.2814217910313
Bottrop,Germany,7287.340216370597
Huddersfield,United Kingdom,8622.485285620094
Soweto,South Africa,11301.557669296853
Aurangabad,India,14066.827446995205
Vinnytsia,Ukraine,7883.081744312495
Antony,France,6103.2687132797555
Widnes,United Kingdom,6158.571450757791
Panama City,Panama,3551.1657138157725
San Cristobal de Las Casas,Mexico,3191.2284926214334
Ilopango,El Salvador,4049.53797583731
Brisbane,Australia,11629.470145104373
Leon,Nicaragua,2305.4245193887145
Dundee,United Kingdom,7167.852069401617
Krefeld,Germany,7501.023893637713
Dublin,Ireland,6425.270340205395
Estocolmo,Sweden,6345.111175922126
Frankfurt,Germany,8476.898958226193
Viena,Austria,7212.333416555803
Sakaka,Saudi Arabia,9723.175105313047
Port Macquarie,Australia,14940.920839548282
Sivas,Turkey,8786.760825715693
Grosseto,Italy,6843.404864445597
Dublin,Ireland,8297.218577958487
Wels,Austria,6863.254993463758
San Miguelito,Panama,3693.113924296162
Chicago,United States,3323.124323197653
Los Angeles,United States,5414.453180036681
Jackson,United States,2054.968236532039
Puertollano,Spain,6345.563177842123
Tegucigalpa,Honduras,2813.932666704365
Brisbane,Australia,11964.86974325029
Les Herbiers,France,9589.60987689979
Taizz,Yemen,12437.44080382134
Merida,Mexico,2455.0926217930105
Limeira,Brazil,7927.051224110378
Sivas,Turkey,9847.396966000673
Garforth,United Kingdom,5876.900967954642
Coudekerque-Branche,France,6970.904087300277
Muzaffarpur,India,14049.053547640871
Sumy,Ukraine,9481.626080872857
Yakarta,Indonesia,18486.129221166055
Innsbruck,Austria,7627.110374534084
Bacoor,Filipinas,13272.503769534798
Groningen,Netherlands,7249.639317968908
Versailles,France,6013.562320307816
Hurghada,Egypt,10065.515160741144
Buenos Aires,Argentina,8348.805535093845
Gujranwala,Pakistan,11434.807583917942
Bandung,Indonesia,16322.0709498067
Cherkasy,Ukraine,9032.90056992389
Qarshi,Uzbekistan,11945.855254634866
Gaziemir,Turkey,10534.736172244886
Mixco,Guatemala,2119.557503338868
Acuna,Mexico,566.8109835787131
Hempstead,United States,2588.1439081902595
Las Tunas,Cuba,2172.222133636929
Manila,Filipinas,11488.552946138341
Buenos Aires,Argentina,8889.51529399284
San Salvador,El Salvador,3342.520353132972
Peterborough,United Kingdom,6803.487982050593
Houston,United States,2538.499640973748
San Francisco,United States,293.0458347258311
Tegucigalpa,Honduras,3245.528233025544
Pickering,Canada,1109.4232441573522
Villa Nueva,Guatemala,2617.8310302308714
Kisumu,Kenya,15312.023750787777
Calgary,Canada,2441.3852499614286
Viena,Austria,9847.238964588018
Houston,United States,1546.1300469840842
Grenoble,France,9467.695081971722
Dublin,Ireland,5289.525256030807
Santiago de Cuba,Cuba,1012.9814238019054
San Francisco de Macoris,Dominican Republic,2634.6717624798143
Cachan,France,8965.314452636063
Northampton,United Kingdom,5325.919237860875
Rotterdam,Netherlands,7119.2358141897685
Biarritz,France,6023.20612318192
Rajkot,India,13551.250954843088
London,United Kingdom,8774.552357819279
Metepec,Mexico,3472.2677278022215
Spanish Town,Jamaica,1120.2974433832333
Mexico City,Mexico,1435.5573095778216
St. Gallen,Switzerland,9050.797746471822
Bezerros,Brazil,6684.678196032911
Pertuis,France,9666.88042039975
Srinagar,India,11287.62867816266
Akron,United States,3295.5785277143136
San Pedro de Macoris,Dominican Republic,332.45142789089095
Wuxi,China,11858.116490242124
Iserlohn,Germany,7282.41419014164
Kuantan,Malasia,13947.7468560166
Kaduna,Nigeria,7958.909395896403
Port Macquarie,Australia,11804.457523833871
Hermosillo,Mexico,892.553970334635
Sokode,Togo,12010.748436185948
Juarez,Mexico,1679.0813576536627
Salem,United States,5987.322005046372
Valparaiso,Chile,8737.727494663162
Santo Domingo,Dominican Republic,5077.895805862052
Guildford,United Kingdom,6764.551603457237
Chinandega,Nicaragua,2320.7621974438807
Cannes,France,9291.001035457572
Houston,United States,1870.0913770166912
Dordrecht,Netherlands,7133.032678061166
Philadelphia,United States,1172.0003548755126
Nha Trang,Vietnam,11669.467679094798
Sonsonate,El Salvador,2540.3971739178955
Ghaziabad,India,12856.845121355007
Bristol,United States,1780.2937660562156
Holguin,Cuba,1611.7344288983938
San Pedro de Macoris,Dominican Republic,4493.203683339829
Hamadan,Iran,10981.371234545832
Jember,Indonesia,16267.393019444513
San Francisco,United States,1710.2601436678349
Miami,United States,1649.0609638008561
Moa,Cuba,2462.3091746389678
Madrid,Spain,7841.005902531199
Toronto,Canada,1705.6046958800348
Greenville,United States,688.3781292906723
Whangarei,New Zealand,14059.452402655219
Saint-Laurent-du-Var,France,7320.088092424629
La Vega,Dominican Republic,2824.361199796193
Southaven,United States,1077.4874445588896
Guangzhou,China,12390.473066972065
Aubervilliers,France,8018.657728316831
Aulnay-sous-Bois,France,6964.359859585627
Timaru,New Zealand,11278.029308444777
Paris,France,6329.184720561903
San Miguelito,Panama,3457.2064969577027
Herne,Germany,7308.296679897458
Cuscatancingo,El Salvador,2274.0601620349084
Philadelphia,United States,3955.404791798068
Manila,Filipinas,13706.994318596475
Monterrey,Mexico,3590.83888461556
Manila,Filipinas,11434.833707661805
San Francisco,United States,3791.352927504509
Depok,Indonesia,17113.39949490243
Friedberg,Germany,9623.399331773071
Nom Pen,Camboya,15030.023842520168
Berlin,Germany,9086.970279357189
Albi,France,7406.39985308392
Calgary,Canada,3801.6734903101737
Granada,Spain,6416.532355065575
Porto,Portugal,5433.819677989269
Les Pennes-Mirabeau,France,8378.66738917345
West Bromwich,United Kingdom,8344.712052265408
Sumare,Brazil,8085.2449679517695
Tianjin,China,10096.205114270917
Ho Chi Minh City,Vietnam,16708.646869933422
Bangkok,Thailand,16168.21257746806
Presidente Dutra,Brazil,6622.115478765535
Santa Clara,Cuba,1394.4124784368264
Dover,United States,3629.034232730975
La Rochelle,France,9178.085853718596
Itu,Brazil,8205.445469269938
Kabul,Afghanistan,12507.355728839491
Tegucigalpa,Honduras,3937.6029728579383
San Francisco,United States,5254.274481055239
Douarnenez,France,6544.031224536505
Fontenay-aux-Roses,France,7296.609767154854
Lucknow,India,12703.672375740734
Albany,Australia,18097.152909761644
Nairobi,Kenya,11956.863865297842
Divinopolis,Brazil,9771.90860617904
Guadalajara,Mexico,3485.447708589403
Dubbo,Australia,15490.366816110232
Montgomery,United States,709.4057895699184
Conflans-Sainte-Honorine,France,6930.414663933764
Newark,United States,952.4216374103152
Resistencia,Argentina,8045.7376557965235
Bayonne,France,6919.265703610521
Pocos de Caldas,Brazil,4930.060006375408
Santo Domingo,Dominican Republic,5082.587987596732
Rivne,Ukraine,8989.606350405893
Choluteca,Honduras,2980.850641931839
Freiburg,Germany,7329.876397276403
Houston,United States,3202.260049930619
Tipitapa,Nicaragua,3456.870862331197
Chicago,United States,1110.3528156625894
Plymouth,United Kingdom,6499.56909365059
Makhachkala,Russia,9217.695854517231
Los Angeles,United States,5411.762012386059
Santiago de Chile,Chile,5736.625987819599
Jinjiang,China,11181.917712076867
Columbus,United States,1678.4997330620442
Lahore,Pakistan,13085.871998170689
Zhengzhou,China,11436.529878838946
Cairo,Egypt,11275.814980928262
Bhiwandi,India,13942.960243781094
Siena,Italy,7878.893015771231
Feira de Santana,Brazil,7109.4017053640555
Columbia,United States,3331.808756352168
New York City,United States,2599.5214921110564
San Luis Obispo,United States,3872.080416250962
Gaziantep,Turkey,9520.545555476881
Villa Nueva,Guatemala,2069.306538392628
David,Panama,4534.493528098394
Soyapango,El Salvador,3771.8328633002666
Rancagua,Chile,5819.883801592929
Philadelphia,United States,2549.460288998107
Bourg-en-Bresse,France,7157.254072233846
Gaya,India,14337.030114305939
Santiago de Chile,Chile,8148.001592482423
Evry,France,5670.425088302647
Puebla,Mexico,3335.278945580787
Bangkok,Thailand,16191.190303796073
Glasgow,United Kingdom,7062.401781980186
Kryvyy Rih,Ukraine,8859.857815655865
Osasco,Brazil,7719.125716956368
Erlangen,Germany,9475.583021202461
Sindelfingen,Germany,7795.92348705986
New York City,United States,3956.9224812006655
Metepec,Mexico,3337.8872668025724
Marseille,France,9620.421136014358
Rubi,Spain,6740.445524851576
Cuajimalpa,Mexico,3467.574728941898
Zaporiyia,Ukraine,9348.39962613053
Igarassu,Brazil,4500.941683550545
Denizli,Turkey,11451.971825674878
Rangoon,Myanmar (Burma),13737.286784544174
Villa Nueva,Guatemala,3689.9134752744276
Yantai,China,11733.22125848355
Visakhapatnam,India,14742.112310760554
Ho Chi Minh City,Vietnam,14321.388955608392
Leeds,United Kingdom,5414.887786360977
K'ut'aisi,Georgia,10145.958311023247
Vadodara,India,13401.593613149458
Ibadan,Nigeria,9282.73892606163
Carrefour,Haiti,4841.485420797874
San Francisco,United States,5851.377653674741
Bandirma,Turkey,9650.63833330825
Acambaro,Mexico,1979.5054477715146
Meknes,Morocco,9689.763231983974
Palembang,Indonesia,15632.175088466141
Berlin,Germany,7881.913981272339
Pitesti,Romania,8693.630066539628
Hermosillo,Mexico,942.4907563154436
Shenzhen,China,15489.448733910682
Dublin,Ireland,6427.279136199863
Lakewood,United States,2643.78481439912
Villahermosa,Mexico,2663.6713018628575
Panama City,Panama,4617.749534976393
Balti,Moldova,8829.868933560332
Zhenjiang,China,14392.656072781283
Arraijan,Panama,1763.3106770647344
San Salvador,El Salvador,2650.5904339409526
Rasht,Iran,10923.10938133875
Lorient,France,7077.761566260099
Springfield,United States,3270.4331430237085
Yakarta,Indonesia,16606.33208059001
Irving,United States,1977.84073740476
Neubrandenburg,Germany,9263.44810985194
Berlin,Germany,7733.103381226449
Mexico City,Mexico,3453.3635848847584
Almelo,Netherlands,7961.550316839319
Viena,Austria,7836.813446328107
Samsun,Turkey,10629.911471814954
Kowloon,Hong Kong,12529.699635133557
Quelimane,Mozambique,13026.041409546515
Seuol,South Korea,13882.991181355426
Antalya,Turkey,8556.949797728925
Tegucigalpa,Honduras,3812.5650778876
Mississauga,Canada,3075.5671426606164
Almaty,Kazakhstan,10482.415573546954
Kiel,Germany,7503.994743114841
Santo Domingo,Dominican Republic,378.21476435357886
Viena,Austria,9834.391432403296
Ufa,Russia,8423.98394537386
Henderson,United States,77.83779177737895
Gronau,Germany,6254.264961976781
Dumai,Indonesia,15145.510598167295
Manila,Filipinas,13770.556327083466
Bethlehem,United States,362.5773829791559
Hyderabad,Pakistan,13138.15615714438
Daejeon,South Korea,11153.11062665107
Bangkok,Thailand,12839.199206235666
Ghent,Belgium,8999.565110598165
Santa Catarina,Mexico,3606.713515213106
Santiago de Compostela,Spain,7514.626110317113
Bissau,Guinea-Bissau,5490.000554939748
Tegucigalpa,Honduras,2273.0327804301182
Quimper,France,6038.0541657613385
Los Angeles,United States,5409.820919234974
Hamburgo,Germany,7495.3391639923275
Cartagena,Colombia,1311.8169763616434
Viransehir,Turkey,8998.092012006291
Grosseto,Italy,9000.410634109672
Moreno Valley,United States,3572.992932816193
Burnley,United Kingdom,5378.857669644089
Narbonne,France,6173.017709135568
Cochabamba,Bolivia,7610.56026544118
Paris,France,9010.420631346511
Manila,Filipinas,11806.03323665164
Hamburgo,Germany,7495.1784938111
Brasilia,Brazil,5947.543173410313
Philadelphia,United States,3468.8390893810993
Port Arthur,United States,1741.3544146663237
Viena,Austria,8560.787038803119
Vannes,France,8571.605512312748
Wetter (Ruhr),Germany,6215.9164505000235
Antalya,Turkey,9892.287787449379
Monrovia,Liberia,11006.753695692752
Sao Miguel dos Campos,Brazil,9919.83522997189
Mathura,India,13640.903329880643
Provo,United States,2371.0368360115017
Jalalabad,Afghanistan,12611.27771789359
San Salvador,El Salvador,2492.0116116812997
Bamako,Mali,6270.96786399526
Dudley,United Kingdom,6682.246492117813
Burnie,Australia,16042.203919270223
Delhi,India,12468.850620594123
Sao Paulo,Brazil,5080.485843460221
Letchworth,United Kingdom,6796.709326769947
Warri,Nigeria,7938.294055791201
Estocolmo,Sweden,8816.783391330522
Riyadh,Saudi Arabia,11294.169671209876
Bottrop,Germany,7136.577199302403
Bochum,Germany,9034.807063458336
Casablanca,Morocco,5824.222748547544
Paris,France,6948.328678334718
Mumbai,India,13948.027530824773
Luanshya,Zambia,10961.211962900728
Basel,Switzerland,9436.457346467849
New York City,United States,2590.762375763696
Wuxi,China,10486.13657900558
Hastings,United Kingdom,6803.0288750169075
Lafayette,United States,2771.522400638693
San Lorenzo,Paraguay,7751.431406390269
Naples,Italy,7931.341548386886
Barquisimeto,Venezuela,5683.893650382827
Tegucigalpa,Honduras,2272.7048430804048
Villefontaine,France,7151.585185039413
Metz,France,9289.695178620806
Diadema,Brazil,8578.30736393642
Misurata,Libya,8166.008858346457
Cherbourg-Octeville,France,6671.26647310761
Bridgeton,United States,2473.810985414382
Istanbul,Turkey,9109.118101541062
Pirapora,Brazil,4564.52311228916
Nice,France,7312.98462790826
Barcelona,Spain,6917.220226657934
Brasilia,Brazil,6294.620599386319
Melbourne,Australia,16280.461165897852
Colon,Panama,3114.610764062375
Douarnenez,France,6051.799964689854
Taboao da Serra,Brazil,5094.126992863464
Manila,Filipinas,13499.712180781928
Leicester,United Kingdom,7515.198819234171
Tokio,Japan,9986.673630755877
Turmero,Venezuela,897.0716887720305
Handa,Japan,13632.491633164474
Bordeaux,France,9113.527288812327
Miramar,Mexico,1094.0670638422514
Toulouse,France,7574.490090916451
Trinidad,Bolivia,6523.156171608481
Benevento,Italy,9563.441551787539
Alexandria,Egypt,9552.574265340698
Roswell,United States,2829.298355244879
Melilla,Spain,6471.613930436675
Guantanamo,Cuba,2298.630205228743
Houston,United States,3199.72724719539
Seattle,United States,5990.26075872948
Santo Domingo,Dominican Republic,413.53570839593544
Votuporanga,Brazil,4636.667662504608
Buenos Aires,Argentina,10866.810493460758
La Ciotat,France,7197.880907217849
Bielefeld,Germany,7399.057324190308
Sogamoso,Colombia,1557.5366339482175
Los Angeles,United States,1074.222333615137
Culiacan,Mexico,411.52331452009474
Depok,Indonesia,15061.491116601948
Los Angeles,United States,80.69940205728047
Little Rock,United States,1669.6054786109437
Ottawa,Canada,3811.9615142821835
Quito,Ecuador,2438.5784466829946
Kayes,Mali,7619.348083517578
Antipolo,Filipinas,16285.2729696381
Udaipur,India,12864.049923068045
Miramar,Mexico,2074.1536707263294
Mecca,Saudi Arabia,13459.795092365746
Los Angeles,United States,3922.2739383521453
Mbandaka,Democratic Republic of the Congo,9447.33051072728
Saint-Laurent-du-Var,France,9111.796276848558
Whangarei,New Zealand,13799.37046205954
Manila,Filipinas,13811.316152796346
Philadelphia,United States,2548.1113882872887
Nagpur,India,12891.485256380158
Jaipur,India,13162.872338800498
Avadi,India,13927.201335200512
Castelldefels,Spain,8292.580937573717
Bedford,United Kingdom,6789.721804279996
Naples,Italy,7080.870064295506
San Antonio,United States,2552.4857674634777
Schiltigheim,France,8445.889479069594
Redditch,United Kingdom,8627.775976506286
San Pedro Sula,Honduras,2150.967474906025
Bangkok,Thailand,13980.963036988158
Kaiyuan,China,15231.907963184713
Broken Hill,Australia,16412.41836170338
Dublin,Ireland,8001.495929208685
Hermosillo,Mexico,3582.791110264675
San Salvador,El Salvador,3676.8646664091075
Pistoia,Italy,6675.108590350291
Santiago de los Caballeros,Dominican Republic,2961.3768687825827
Perth,Australia,18466.319098127922
Mexico City,Mexico,1208.6871860033937
Rome,Italy,10203.236075427789
Guadalajara,Mexico,2624.6985893624574
Barquisimeto,Venezuela,4334.530033560652
Montevideo,Uruguay,7273.185136473759
Ho Chi Minh City,Vietnam,16696.71349561869
Irapuato,Mexico,3676.215681904505
Odense,Denmark,7525.074717412671
Braga,Portugal,6549.764008334856
Villa Nueva,Guatemala,2664.7739077519805
Gonaives,Haiti,2371.130756425947
Hoover,United States,2638.497079072326
Henderson,United States,3324.229527622581
Shenzhen,China,12633.361177701225
Esteli,Nicaragua,3169.8088115659257
Mixco,Guatemala,3959.097922071353
Cassilandia,Brazil,6331.70111842914
Berlin,Germany,7474.9573561634
Vitry-sur-Seine,France,7421.119977224254
Ho Chi Minh City,Vietnam,13031.289967323295
Apodaca,Mexico,2123.5798335880086
Chicago,United States,3295.5409419662956
Maisons-Laffitte,France,7917.785336564969
Mombasa,Kenya,13512.872673721478
Metepec,Mexico,2861.249588933176
Haifa,Israel,9917.590770484507
Atlanta,United States,2567.1467023567475
Ibadan,Nigeria,7682.255139374249
Kalyan,India,13952.831946819631
Mumbai,India,13352.28946065021
Mumbai,India,13949.009661968266
Doha,Qatar,12592.62883903543
Yakarta,Indonesia,16440.068617555276
La Romana,Dominican Republic,308.60249915612604
Fort-de-France,Martinica,3376.7715823697613
New York City,United States,2597.49246827121
Cape Town,South Africa,16347.174762019336
Viena,Austria,8693.310548655354
Bellary,India,15032.761713526048
Tegucigalpa,Honduras,2308.694012321142
Lismore,Australia,13520.983658388666
Tegucigalpa,Honduras,2273.7748997619638
Esteli,Nicaragua,3197.4879738597897
Parker,United States,3525.254356328362
Bradford,United Kingdom,6727.845759503278
Franklin,United States,3315.1995197106394
Fremont,United States,638.2977933466491
San Miguelito,Panama,3611.598804301108
Dortmund,Germany,6526.042598639968
Araguaina,Brazil,3447.6914494249795
Surakarta,Indonesia,18777.79185850743
Irapuato,Mexico,2011.8266348741479
Cienfuegos,Cuba,2132.008523368559
Charleroi,Belgium,8426.51092618379
Muret,France,6851.480973050494
San Jose,United States,3343.535861025036
Jining,China,12986.112978316789
Turgutlu,Turkey,9113.311578875586
Brasilia,Brazil,3473.4819889072396
New York City,United States,2590.391588420575
Vitoria,Spain,7546.460640769052
Avon,France,9133.540344153393
Sao Paulo,Brazil,5081.261858658038
Ankara,Turkey,10416.299634147566
Rustenburg,South Africa,11223.282868789425
Tigard,United States,5976.545121496071
Soyapango,El Salvador,2487.5697361620137
Bekasi,Indonesia,15791.341098926678
Milan,Italy,7649.258020540121
Philadelphia,United States,3843.003256680766
Durg,India,12624.629702241235
Los Angeles,United States,3930.382038765641
Sao Luis,Brazil,3337.828783698511
Mutare,Zimbabwe,14082.343591163148
Draguignan,France,6390.908174939924
Thane,India,14101.332053408374
Silao,Mexico,1841.7462212951996
Bekasi,Indonesia,16252.334421629923
San Salvador,El Salvador,2492.2377896342405
Khomeynishahr,Iran,11336.252516228029
Loum,Cameroon,12993.331023547753
Ibadan,Nigeria,7682.298726911615
San Miguelito,Panama,1746.663376964299
Kota Kinabalu,Malasia,14514.56704123281
Ploemeur,France,5495.3502282366435
Florence,Italy,7648.28658595262
Brisbane,Australia,15880.82462523863
Ankara,Turkey,9829.591428508093
Orlando,United States,1499.4986169877031
Seuol,South Korea,9799.177374827561
San Francisco,United States,5825.149393397125
Changchun,China,9247.108564462516
Yichun,China,14844.932630124955
Kasugai,Japan,8940.909884202958
Kota Kinabalu,Malasia,17306.866844458786
Lakeville,United States,3850.0190671228183
Zhengzhou,China,9481.695079056255
Bendigo,Australia,8588.797944617734
Kochi,India,15149.187530218685
Mixco,Guatemala,2884.8501108538044
Santo Domingo,Dominican Republic,378.6456518818273
Burlington,United States,3997.7888461707767
Arraijan,Panama,1972.3067203544272
Rach Gia,Vietnam,16737.14223787878
Kremenchuk,Ukraine,9160.44033220918
Kampala,Uganda,14481.983235662876
Alice Springs,Australia,12937.787698711743
Hamburgo,Germany,7495.223508579363
Viena,Austria,7988.455817649617
Jackson,United States,681.2642148352842
Petapa,Guatemala,2615.1266402635106
Mixco,Guatemala,3318.825935940628
Bandundu,Democratic Republic of the Congo,11075.394113579903
Kayseri,Turkey,11408.292829482352
Algiers,Argelia,10135.382233862432
Guayaquil,Ecuador,2723.497940227386
Palermo,Italy,8102.698068092088
Jacksonville,United States,2074.9331497050794
Bolton,United Kingdom,6134.251531033162
La Madeleine,France,6702.344900443815
Bogor,Indonesia,16151.026091280002
Al Hillah,Iraq,10781.446845526165
Viena,Austria,7959.363735955833
Shimoga,India,14501.245072853699
Pistoia,Italy,6681.686706822324
Ufa,Russia,9590.006053665858
Bremen,Germany,8929.416861409693
San Pedro Sula,Honduras,2849.805695803102
Schiltigheim,France,7343.940752463858
Goiania,Brazil,7100.021959958479
Nice,France,7324.40401652661
Morelia,Mexico,3672.0933649434323
Cotonou,Benin,9440.308266200565
Gold Coast,Australia,11476.804815671145
Cainta,Filipinas,16279.548172453344
San Salvador,El Salvador,3171.229478380808
La Teste-de-Buch,France,8990.423408475926
San Francisco de Macoris,Dominican Republic,2508.675309575447
Bakersfield,United States,3974.572648426575
Sao Paulo,Brazil,7430.977684194483
New York City,United States,2285.0385883936874
Saint-Germain-en-Laye,France,8862.284135601712
Dortmund,Germany,7300.428087688994
Yicheng,China,11906.099696550373
Florence,Italy,7646.292143264248
Camaguey,Cuba,1258.8393952308027
Tepic,Mexico,4039.555309587974
Sterlitamak,Russia,10333.03235201393
Matanzas,Cuba,2176.639243337465
Medan,Indonesia,17076.977230679568
Mansfield,United Kingdom,6760.4451232360825
Berlin,Germany,8040.33132942531
Hamburgo,Germany,6853.028027604991
Ho Chi Minh City,Vietnam,13240.808565863414
Liverpool,United Kingdom,6892.1521238834
Novara,Italy,7421.675979255582
Jamshedpur,India,13204.552801291642
Jeddah,Saudi Arabia,12728.775076636102
Viersen,Germany,8907.64464224159
Silao,Mexico,2433.6451623945613
Mezitli,Turkey,9745.120197151946
Grenoble,France,8347.442513298549
Kingswood,United Kingdom,6610.864438712914
Tulsa,United States,826.5347208640896
Sheffield,United Kingdom,6493.521785741974
Uithoorn,Netherlands,8319.812300012194
Edinburg,United States,1973.8489845528418
Manila,Filipinas,16286.850144718257
Madrid,Spain,6418.624028829651
Mexico City,Mexico,2726.7214541070466
San Salvador,El Salvador,3865.9727163937264
Santa Rosa,Brazil,5249.330324706529
Pelotas,Brazil,5731.206328589009
Andijon,Uzbekistan,12211.110960042777
Lake Forest,United States,987.4726706280203
K'ut'aisi,Georgia,9738.499098845301
Newcastle,South Africa,14237.550357735912
Chandigarh,India,13315.105995180405
Bisceglie,Italy,8108.119122941358
Oakville,Canada,2288.5395051657674
Bogota,Colombia,5543.080103520132
Troy,United States,3939.5067660879013
Hobart,Australia,15759.540208206514
Pimpri,India,12634.009516584265
Manila,Filipinas,11842.185104155877
Marano di Napoli,Italy,7366.888620778362
Choloma,Honduras,3099.693594557548
Cremona,Italy,7470.420663450521
Yamoussoukro,Marfil Coast,7407.256539695792
Valencia,Venezuela,3270.071760258072
Massa,Italy,9757.036800201075
Dublin,Ireland,6420.595739288323
Buenos Aires,Argentina,9051.983951448732
Montesson,France,6384.039116909063
Bielefeld,Germany,7397.096995374007
Bakersfield,United States,216.23041664784782
Jember,Indonesia,18884.430927072754
Tegucigalpa,Honduras,3096.4572685453886
San Diego,United States,5301.033616038912
Brasilia,Brazil,5886.791879914368
Canakkale,Turkey,8467.359537927716
Abakaliki,Nigeria,9001.583823625155
Oxford,United Kingdom,6727.204458665696
East Kilbride,United Kingdom,6431.248643661328
Wuchang,China,11779.514193071573
San Francisco,United States,5826.463659107152
Sao Bernardo do Campo,Brazil,10156.464681065936
Worms,Germany,7366.143106595846
Lismore,Australia,14879.917797883432
Masaya,Nicaragua,2228.0849795852077
Reus,Spain,7827.358941895628
Pila,Poland,7737.838424302826
Argenteuil,France,7283.979655299762
Berlin,Germany,9312.39618166764
Santo Domingo,Dominican Republic,378.2660225182351
Las Pinas,Filipinas,14195.165410986232
Mardin,Turkey,9852.804903095182
Seattle,United States,3735.111423338751
Drammen,Norway,7433.369122667175
Apeldoorn,Netherlands,7205.826994868876
Turin,Italy,9666.341652441562
Melbourne,Australia,12714.365591647676
Mbuji-mayi,Democratic Republic of the Congo,10224.986348146846
Dublin,Ireland,7563.230369620057
Masaya,Nicaragua,4086.9552686890834
Mbandaka,Democratic Republic of the Congo,13860.827692517578
Panama City,Panama,2397.99383890956
Garland,United States,1480.036346924828
Saltillo,Mexico,3654.492850978747
Chimbote,Peru,5521.701010513355
Rochefort,France,6669.54650768003
Crewe,United Kingdom,6673.340870425428
Viena,Austria,7988.70769435419
Saint-Cyr-sur-Loire,France,6500.748106144444
Poltava,Ukraine,9182.461450663935
New York City,United States,2593.2330060716345
Cotonou,Benin,7559.115700086126
Barreiras,Brazil,6430.495970062354
Cartagena,Colombia,1313.6554167324355
Louisville,United States,2910.2055649356507
Montes Claros,Brazil,7305.832884281448
Seremban,Malasia,17365.486416058342
Tegucigalpa,Honduras,3784.759783855124
Managua,Nicaragua,3283.839658879088
Nzerekore,Guinea,6301.929906378274
Seattle,United States,3564.484585127586
Velletri,Italy,7322.833628793638
Wigan,United Kingdom,6662.664090595259
Villahermosa,Mexico,2809.1837191254463
Colombo,Brazil,8227.265585114339
Columbia,United States,927.2468849315309
Gronau,Germany,6328.252754362378
Surabaya,Indonesia,14152.599331435424
Dubbo,Australia,16027.822394494886
Ninghai,China,11044.23687161272
Dublin,Ireland,6422.400661116569
Doha,Qatar,11755.411831390702
Kayseri,Turkey,8768.457490119346
Huehuetenango,Guatemala,2938.3042252346895
Zamora,Spain,9074.130307219448
Sialkot,Pakistan,13021.290072844742
Townsville,Australia,15490.98232599193
Herat,Afghanistan,11033.125640806538
Los Angeles,United States,5413.065593027429
Medan,Indonesia,14995.621793557562
Marbella,Spain,9398.890128619538
Leuven,Belgium,5476.097895734826
Barnsley,United Kingdom,6752.724498753952
Launceston,Australia,15930.901132379253
Viena,Austria,9849.651167362805
Saint Charles,United States,3260.35771091826
Preston,United Kingdom,6880.588483813313
Santo Domingo,Dominican Republic,378.56763805712734
Lome,Togo,12229.38525590409
Hoover,United States,909.0268933178877
Changchun,China,10308.07982642906
Manzanillo,Cuba,1153.1282732308794
Seattle,United States,2745.322282046624
San Luis Potosi,Mexico,3619.129293790366
Santa Cruz do Sul,Brazil,5517.543673827214
Prague,Czech Republic,7821.979236684069
Tunisia,Tunisia,8357.368865735329
Marseille,France,7111.391062526395
Wolverhampton,United Kingdom,8591.399326602994
Solihull,United Kingdom,6074.470267246373
Basildon,United Kingdom,5557.65170129253
La Ceiba,Honduras,2166.075857314014
Burnie,Australia,16062.127528327273
Fontenay-aux-Roses,France,9080.709620342874
New York City,United States,4118.315927740202
Troy,United States,2802.1462758888924
Santo Domingo,Dominican Republic,378.7216189701305
Glendale,United States,3.7583032062209694
Managua,Nicaragua,3294.4083697977885
Grand Rapids,United States,1004.0955263554229
Kenosha,United States,2815.2988687882216
Berlin,Germany,7738.963578554088
Bur Sudan,Sudan,10701.631420264775
Elazig,Turkey,10723.502743771764
Djougou,Benin,11803.0533422637
Bogota,Colombia,1720.7694258009644
Fortaleza,Brazil,9217.13497527644
Mbuji-mayi,Democratic Republic of the Congo,11698.11365458838
Chittagong,Bangladesh,13821.375351125915
Kasugai,Japan,9116.950190454976
Berlin,Germany,9338.357875917496
Poltava,Ukraine,8318.537130833089
Agadir,Morocco,6031.179131197868
Roanne,France,9192.520819904654
Prato,Italy,7635.651210542411
Santa Fe,Argentina,7250.993781908629
Tegucigalpa,Honduras,3794.2467774652496
Amarillo,United States,1758.6727036821885
Dundee,United Kingdom,6701.929043777781
Vantaa,Finland,8913.050481377662
Beaumont,United States,3093.709231302224
Nicolas Romero,Mexico,3357.1850832317673
Oviedo,Spain,5994.537838883793
Panama City,Panama,3773.985891158166
Seattle,United States,3350.758496640148
Wollongong,Australia,11972.103730299437
Managua,Nicaragua,2012.420692378068
St. Catharines,Canada,2013.9932614363747
Lagos,Nigeria,9276.726423599679
Bethlehem,United States,2627.5388774407693
San Salvador,El Salvador,2492.724881832762
Auckland,New Zealand,13753.285429194033
Villemomble,France,6963.930684983685
Pucallpa,Peru,3080.2131699411475
Santo Domingo,Dominican Republic,378.13727745285246
Bokaro,India,14485.260321981023
Cleveland,United States,2962.582166785295
Hamburgo,Germany,7501.753504646452
Riverside,United States,749.1290639780102
Sarkand,Kazakhstan,12180.933884175793
Joinville,Brazil,5285.480855429583
Cairo,Egypt,12179.259848141646
Medan,Indonesia,15607.097893577735
Nanning,China,15424.374649294741
Umuarama,Brazil,4861.646897070693
Lome,Togo,7403.571919333694
Cuernavaca,Mexico,2646.702507036453
Taipei,Taiwan,12182.089413611262
Jining,China,11493.68783528198
Maiduguri,Nigeria,9003.396222841167
San Juan de la Maguana,Dominican Republic,4960.7683475696695
Wallasey,United Kingdom,8483.589963223878
Bangkok,Thailand,13606.445790542935
Villa Nueva,Guatemala,2618.0309772185597
Tongchuan,China,12025.667627884768
Leon,Nicaragua,3921.3463521452236
Dortmund,Germany,7494.72057283562
Aoba-ku,Japan,10011.771409992718
Murrieta,United States,2671.237451099574
Leon,Nicaragua,2305.350608737704
Bandundu,Democratic Republic of the Congo,14216.317967475386
Casablanca,Morocco,5802.74342684249
Buenos Aires,Argentina,8875.196781355755
Southampton,United Kingdom,6706.97714232807
Qom,Iran,10340.995726650133
New York City,United States,6.465652174465286
Masaya,Nicaragua,3974.291064825543
Gandia,Spain,9653.963391562362
Florence,Italy,7852.772196750942
Gdansk,Poland,8055.477622768427
Cleveland,United States,164.8160893025966
Brighton,United Kingdom,6791.457294436567
Berlin,Germany,7268.351955592093
Los Angeles,United States,5411.580926959957
Porto-Novo,Benin,11546.202728507598
Paris,France,6951.262323891496
Craiova,Romania,8484.031061879876
Wheeling,United States,61.33601020528988
Shimonoseki,Japan,8537.162831354668
Colima,Mexico,3644.9365994275827
Pantin,France,6588.993390364308
Gold Coast,Australia,15833.280645653316
La Mesa,United States,5207.621483454288
Marseille,France,8686.444313303036
Korba,India,14382.120937041478
Mbandaka,Democratic Republic of the Congo,11520.51896774321
Ankara,Turkey,9456.469840552701
Derbent,Russia,9599.251093132736
Marseille,France,7900.204865663878
Owensboro,United States,971.1494722850055
San Salvador,El Salvador,3682.7083261763382
Phoenix,United States,3582.771966169218
Maracaibo,Venezuela,3492.1575797190326
Offenburg,Germany,7360.062107773679
Geneva,Switzerland,9556.29796988101
Vincennes,France,6373.064370070199
Wuchang,China,11604.666754552694
Santo Domingo,Dominican Republic,378.5368877973455
La Ceiba,Honduras,4096.588098010445
Tengzhou,China,11222.153329929697
Lancaster,United States,3562.2903265213527
Chicago,United States,1184.3610884206028
Dakar,Senegal,6391.798239476958
Miramas,France,7142.156621970178
Jeddah,Saudi Arabia,10800.741346698675
Toronto,Canada,3071.938227173566
Sidi Bel Abbes,Argelia,6707.058375477448
Jonesboro,United States,1359.0051942942162
Nelson,New Zealand,13848.42650493995
Carrollton,United States,2332.392919059915
Bunbury,Australia,18319.510042117603
Arauca,Colombia,1380.4262366320938
Registro,Brazil,8820.872427993801
Indaial,Brazil,8918.18122324752
Sao Paulo,Brazil,7798.001069303488
Vitoria,Spain,6521.545638548948
Lahore,Pakistan,13086.057876000827
Radom,Poland,8271.494465786249
Castanhal,Brazil,8284.993984080804
Guacara,Venezuela,3707.039066211395
Paris,France,8931.104903144638
Al Mahallah al Kubra,Egypt,11052.854518384938
San Miguelito,Panama,4828.552300297485
Tehuacan,Mexico,3168.13997859005
Lakewood,United States,2111.84202333131
Koshigaya,Japan,12341.75125277116
Antananarivo,Madagascar,14604.80490740298
Wolverhampton,United Kingdom,6010.214979661523
Poza Rica de Hidalgo,Mexico,2564.8936145067496
San Salvador,El Salvador,2766.206072909065
Naples,Italy,10072.690597579398
Dos Quebradas,Colombia,3850.733987789405
Neunkirchen,Germany,9125.143337999934
Boulogne-Billancourt,France,6036.095069801183
San Francisco de Macoris,Dominican Republic,4918.609109193746
Feira de Santana,Brazil,10204.102277269358
Cape Town,South Africa,10661.750708529342
Jerusalem,Israel,9026.155109469164
Wetzlar,Germany,6253.3254374230055
Florence,Italy,7677.544924448067
Boulogne-Billancourt,France,6940.775639600028
New York City,United States,3889.8042043551045
Tegucigalpa,Honduras,2527.688522900751
Seattle,United States,3643.855793083545
Viena,Austria,7987.015333880655
Rach Gia,Vietnam,14248.688549671073
Dudley,United Kingdom,6651.057738725341
Guelma,Argelia,8544.275572489538
Garoua,Cameroon,9117.398619597354
San Luis Potosi,Mexico,3586.519931371879
Lyon,France,9478.74283238512
Cairo,Egypt,11917.146081522524
Ninghai,China,11421.365278328965
Seattle,United States,1787.0783391191821
Vassouras,Brazil,10069.10793688756
Palembang,Indonesia,16042.247892190951
Seattle,United States,5992.656548086651
Las Tunas,Cuba,3656.424464548613
Santo Domingo,Dominican Republic,378.0067855649135
Columbia,United States,2275.6217305952805
Saint-Michel-sur-Orge,France,8920.961712811582
Bisceglie,Italy,8303.664034828847
Brisbane,Australia,15879.72956150882
Athens,United States,3315.881788668753
Mixco,Guatemala,2617.146543498875
Villa Canales,Guatemala,3285.0476151786816
Pearland,United States,3189.534094520412
Bisceglie,Italy,8111.147449421235
San Salvador,El Salvador,3190.8409721537437
Osasco,Brazil,7781.024384529195
Colmar,France,8224.931166552333
Bendigo,Australia,16386.991637797317
Turin,Italy,6983.868905649898
Casablanca,Morocco,6042.801927636081
Dublin,Ireland,5768.00876553161
Leon,Nicaragua,2307.033899329076
Bishkek,Kyrgyzstan,11159.889078800219
Irkutsk,Russia,9687.770709727725
Kaunas,Lithuania,6885.132931763068
Porto,Portugal,9041.2966319323
Resende,Brazil,5092.8208182932
Reynosa,Mexico,3392.810709165927
Lugansk,Ukraine,10352.831498745862
Amsterdam,Netherlands,6765.128522753885
Arlington Heights,United States,3342.5309755665435
Kinshasa,Democratic Republic of the Congo,12302.890120850585
Nakhon Ratchasima,Thailand,13621.027953222514
Orsay,France,6166.617872432578
San Francisco,United States,425.1602626129375
Johannesburg,South Africa,11317.88562205919
San Francisco,United States,3487.4890839244686
Chicago,United States,1482.6681725450655
Auckland,New Zealand,10493.88589253217
Willich,Germany,9196.358177719105
Nottingham,United Kingdom,8585.412458373505
Pocos de Caldas,Brazil,4926.86798794756
Hamburgo,Germany,6592.487116747751
Mombasa,Kenya,15659.625970686848
Algiers,Argelia,10096.361660723842
Los Angeles,United States,3086.4661337538514
Dublin,Ireland,6345.81521487315
Itu,Brazil,9270.154799276117
Milan,Italy,7467.660635522573
Rome,Italy,9077.385266653606
Chandigarh,India,13310.451951796738
Tourcoing,France,6421.915733607047
Rome,Italy,7028.568131319238
Odense,Denmark,7521.362598229258
Istres,France,7146.044691414823
Tijuana,Mexico,1796.9974564414576
Kinshasa,Democratic Republic of the Congo,9289.939735026814
Dallas,United States,155.1720801743241
Dallas,United States,3439.0265016289336
Balikesir,Turkey,10648.0179973799
Orlando,United States,1644.9349598169058
Frontera,Mexico,3069.3598312279055
Viena,Austria,7985.3987640909545
Anapolis,Brazil,4273.1742882793915
Ho Chi Minh City,Vietnam,14113.642473916281
Araguaina,Brazil,3453.3655030861355
Oklahoma City,United States,3613.8785321264922
Guilin,China,13110.668079413568
New York City,United States,1918.6961010827806
Ankara,Turkey,11101.981463040569
Trento,Italy,7618.221627549094
Newcastle,South Africa,14248.42558085668
Portmore,Jamaica,2085.1635196615534
Tlaquepaque,Mexico,2320.896026853982
Barranquilla,Colombia,1209.2641825849873
Skokie,United States,3342.4570650034193
Vassouras,Brazil,7943.861048181699
Saint-Germain-en-Laye,France,8958.69230934613
Escuintla,Guatemala,3351.953357636893
Viena,Austria,7632.8239510799185
Sivas,Turkey,9844.749250120463
Potchefstroom,South Africa,12999.564629178736
La Paz,Bolivia,8058.196183878071
Mixco,Guatemala,3374.449234857959
Matanzas,Cuba,1787.0921138372516
Katowice,Poland,9886.50169820772
Toulon,France,6581.160090746305
Acu,Brazil,7346.04480917068
Brampton,Canada,3085.50864017748
Khouribga,Morocco,6113.104978785073
Mixco,Guatemala,1943.565489025534
East Orange,United States,2606.012694081249
Garforth,United Kingdom,6746.337638941287
Jeddah,Saudi Arabia,11549.676787479784
Sao Paulo,Brazil,8221.22935689073
Mainz,Germany,7382.312065577787
Huambo,Angola,9640.565597668201
Mejicanos,El Salvador,4185.285836126955
Istanbul,Turkey,9136.664919686416
Franklin,United States,1846.8790604408084
Madrid,Spain,7958.244075586222
Modena,Italy,9891.101270571306
Kinshasa,Democratic Republic of the Congo,11408.672429021719
Fortaleza,Brazil,3875.6631014098593
Berlin,Germany,6876.092571270624
Guantanamo,Cuba,4511.2127576676585
Suzhou,China,14470.502619945968
Bacolod City,Filipinas,16648.33422876144
San Francisco,United States,5825.730768087009
Pomezia,Italy,7737.940422343317
Chester,United States,700.76613251946
Valenciennes,France,7022.448371491699
Tegucigalpa,Honduras,2272.777609530146
Villa Canales,Guatemala,2612.2964121953205
Elx,Spain,6672.976257149731
Fort-de-France,Martinica,692.7415626166071
Messina,Italy,8552.88189486721
Venlo,Netherlands,7233.4621429920435
Richmond,United States,2393.4587978660265
Tucson,United States,4712.520498956613
Turin,Italy,9619.363003926335
Sabadell,Spain,6952.571980260488
Paris,France,5932.049403686458
San Jose,United States,1112.7278057108151
Apodaca,Mexico,3577.9478342969533
Neuilly-sur-Marne,France,6039.318996474858
Manila,Filipinas,14955.747755131786
Mbandaka,Democratic Republic of the Congo,10705.470972218525
Arles,France,8373.227866689436
Tekirdag,Turkey,9007.451059331035
La Teste-de-Buch,France,5888.635422855965
Zahedan,Iran,12273.903539483954
Santa Cruz de Barahona,Dominican Republic,500.35387793677353
Treviso,Italy,7011.659483069457
Viena,Austria,7989.112496388387
Philadelphia,United States,3985.7077205380974
Turin,Italy,8872.391068251298
Crewe,United Kingdom,6648.376945211608
Taytay,Filipinas,13636.431712696578
Utrecht,Netherlands,7175.081088719164
Santo Domingo,Dominican Republic,5076.337408228558
Angers,France,5700.340909134296
Glendale,United States,4594.997381105362
Santo Andre,Brazil,7924.3127125991305
Managua,Nicaragua,3841.048122675881
Dublin,Ireland,5131.934205422479
London,United Kingdom,6742.873280221323
San Salvador,El Salvador,3703.893359207939
Charleroi,Belgium,8249.15149806112
Gold Coast,Australia,15399.162398144941
Richmond,United States,910.1958991955497
Santiago de Cuba,Cuba,2683.612265417678
Panama City,Panama,2890.2135081822885
Turin,Italy,7354.67792918643
San Pedro Sula,Honduras,2916.1376209702826
Brindisi,Italy,9498.942424425244
Thiruvananthapuram,India,15027.479675348144
Guaymas,Mexico,1725.0328906117406
Elx,Spain,6785.3935754202175
Philadelphia,United States,2546.5576525826687
Sheboygan,United States,1108.8923640060095
Chengdu,China,14499.558940355726
Issy-les-Moulineaux,France,6920.831639988586
Ivano-Frankivs'k,Ukraine,7378.637960405733
Viena,Austria,9003.961493389485
Santiago de Cuba,Cuba,1013.5411208548556
Villa Canales,Guatemala,3897.0039267647344
San Juan de la Maguana,Dominican Republic,2160.5637649793002
Santo Domingo,Dominican Republic,378.0121183748732
Artemisa,Cuba,1989.8114165810944
Maiduguri,Nigeria,8919.795456907157
Saida,Argelia,7647.882205279957
Chittagong,Bangladesh,13339.80362645902
Ulaanbaatar,Mongolia,10169.937773327687
Fes,Morocco,6821.061533789755
Santa Catarina,Mexico,2405.2340848054805
Delhi,India,11774.7110103916
Wakefield,United Kingdom,7356.4188580049
Yamoussoukro,Marfil Coast,7407.256539695792
San Pedro Sula,Honduras,1915.6506665590837
Siegen,Germany,7362.196305028062
Ibague,Colombia,3640.396232489253
Manila,Filipinas,13248.698770185556
Colchester,United Kingdom,8642.18867267724
Le Bouscat,France,8898.917939792116
Bogota,Colombia,1724.0885186872813
Villa Canales,Guatemala,7141.224291669595
San Sebastian,Spain,9237.200230631333
Philadelphia,United States,1249.1576521892703
Cainta,Filipinas,16283.563808131288
Gebze,Turkey,9178.00748371118
Alexandria,Egypt,12054.896115355565
Benevento,Italy,7308.144575392748
San Juan de la Maguana,Dominican Republic,4240.021017061482
Houston,United States,1505.1226861081325
Weifang,China,13892.931894547872
Basra,Iraq,11381.64721797362
Florence,Italy,7263.978558155148
Fortaleza,Brazil,3902.247081022348
Managua,Nicaragua,4103.46850327406
Mosquera,Colombia,5403.861189025797
Concepcion del Uruguay,Argentina,10038.730179759654
Tegucigalpa,Honduras,2955.063614760419
Stoke-on-Trent,United Kingdom,6686.774743782001
Shenzhen,China,12936.616246464711
Hamburgo,Germany,6153.2994259838815
Vinnytsia,Ukraine,10308.071854062198
Philadelphia,United States,2553.0559238859905
Hamburgo,Germany,7497.231988892043
Wollongong,Australia,15414.392720953068
Dundee,United Kingdom,6627.679046310939
Sao Bernardo do Campo,Brazil,8172.502227175123
Mixco,Guatemala,2617.0459676373284
Ho Chi Minh City,Vietnam,14286.959038203522
Kerman,Iran,12642.775829220454
Istanbul,Turkey,7607.560110130045
Shulan,China,10639.066770939324
New York City,United States,2590.9202005832963
Toledo,United States,507.4884840919118
Lanester,France,8876.663920874556
Uskudar,Turkey,9135.183177599085
Elx,Spain,6128.818899101729
Palmerston,Australia,16058.132214745592
Tirupati,India,13731.478728422533
Beirut,Lebanon,9944.843826060172
Atlanta,United States,1057.6310059977702
Villa Nueva,Guatemala,2726.9202123464697
San Luis Potosi,Mexico,1784.4918514778426
Santo Domingo,Dominican Republic,378.317498851644
Manila,Filipinas,14072.50987307419
Mococa,Brazil,4874.640673941954
Brisbane,Australia,14207.833644009143
Mumbai,India,14239.64170652632
Lippstadt,Germany,7390.372218598537
Weihai,China,13770.10250647099
Glasgow,United Kingdom,7042.998352759241
Juarez,Mexico,1941.2954532738593
Echuca,Australia,12696.79158096253
Navegantes,Brazil,9140.585442265718
Bento Goncalves,Brazil,9859.489033190897
Mumbai,India,14006.792239113936
Newcastle,South Africa,11541.634133441723
Bath,United Kingdom,6626.140901791543
Lowestoft,United Kingdom,8810.40291621721
Bryansk,Russia,9089.169347739706
New York City,United States,2597.4883833545123
Dzhezkazgan,Kazakhstan,11388.446310658994
Chinandega,Nicaragua,3794.3064096645835
Madrid,Spain,5941.359421067587
Luoyang,China,11640.270213141708
Rome,Italy,6951.8345724436285
Sorocaba,Brazil,10852.39963882809
Sioux Falls,United States,1907.0045685313928
Royal Oak,United States,3117.6867143847517
San Francisco,United States,2247.8548694177707
San Diego,United States,3901.133570381804
Lowestoft,United Kingdom,7663.349002054763
Baotou,China,10401.168444117962
Santo Domingo de los Colorados,Ecuador,2720.5104059980654
Mesa,United States,2226.1289843120403
Oakville,Canada,3060.52026909371
Yonkers,United States,1970.9508568047597
Antony,France,6948.330079790863
Sari,Iran,10402.719353124885
Houston,United States,2282.842443471533
Noisy-le-Sec,France,7068.991442672534
Sandnes,Norway,8486.461543912737
San Miguelito,Panama,1742.315778695472
Bochum,Germany,6304.25687028722
Vitrolles,France,7217.3596506874455
Kettering,United Kingdom,6345.222103688019
Contramaestre,Cuba,1617.2123446351625
Emden,Germany,7309.847831641432
Milan,Italy,6621.924606253162
Santo Domingo,Dominican Republic,4450.887352526929
Smyrna,United States,2499.664959268607
Portmore,Jamaica,1088.5230706063458
Lome,Togo,9187.125144435684
Simoes Filho,Brazil,4604.1216499988805
Utrecht,Netherlands,5946.6446699003545
Liaocheng,China,13947.745414816689
Kumasi,Ghana,10675.387893636504
Columbus,United States,2886.2073557835433
Barranquilla,Colombia,1212.6241257553888
Hamburgo,Germany,9108.416062460781
Esteli,Nicaragua,3318.0931014868756
Grenoble,France,6864.3030782966625
Santo Domingo,Dominican Republic,378.0134172791441
Kano,Nigeria,8028.164998654798
Tlalnepantla,Mexico,3437.5321199154964
Urganch,Uzbekistan,11434.355718673653
Shenzhen,China,15481.588083474393
Cuenca,Ecuador,4812.4490161889125
Cuneo,Italy,7347.613009295601
Misurata,Libya,8881.071684922508
Siegen,Germany,7131.819547870714
Tegucigalpa,Honduras,3004.557699584034
Guasave,Mexico,1286.4172297750054
Ankara,Turkey,9458.568429413875
Evry,France,6958.069325711402
Hayange,France,9254.78990873092
Limoeiro do Norte,Brazil,6059.09618667751
Apodaca,Mexico,3612.444487368572
Huehuetenango,Guatemala,3825.1551883987854
Manila,Filipinas,11908.134870830942
Xi'an,China,14168.728978744139
Wuppertal,Germany,7307.420339363721
Blagoveshchensk,Russia,9698.026195401506
Houston,United States,3231.236590827754
New Plymouth,New Zealand,13618.015919814881
Lucknow,India,12757.95337021353
Izmir,Turkey,9062.946055945726
Casablanca,Morocco,6045.315247503659
Mohammedia,Morocco,6066.991346204444
Parker,United States,1330.7430967463572
Bihar Sharif,India,12424.087587735883
Illkirch-Graffenstaden,France,6419.159994622323
Shushtar,Iran,11160.31467055351
Torcy,France,9003.201227189957
Shanghai,China,11934.144809103444
New York City,United States,3719.071583303148
Sao Paulo,Brazil,8747.726612887582
Banjarmasin,Indonesia,15762.199955572509
Ibaraki,Japan,12974.565468817114
Berlin,Germany,6522.6449934779375
Malatya,Turkey,9527.34698830489
Caloocan,Filipinas,14285.63733876134
Monroe,United States,753.8915441021645
Givors,France,7124.791983887743
Beijing,China,10067.448597174813
Lansing,United States,3212.228196741895
Wuhan,China,12651.26955595876
Botosani,Romania,8166.5505600501365
Naples,Italy,9317.247715699434
Vitoria,Spain,5788.7846937149825
Cortama,Spain,6523.042374336221
Jackson,United States,2088.6798857024514
Nouakchott,Mauritania,5286.920692283688
Donets'k,Ukraine,10047.007411339073
Himeji,Japan,13734.397833531653
Santa Clara,Cuba,1493.4310841996885
Paterson,United States,1886.6147057671276
Panama City,Panama,1751.4278933299381
Montrouge,France,7046.834165526489
Livry-Gargan,France,8524.323674546402
Tlalnepantla,Mexico,3437.5676484608985
Bekasi,Indonesia,15286.932296647614
Hermosillo,Mexico,2742.963607080707
Coyoacan,Mexico,2975.9520861741084
Tegucigalpa,Honduras,2947.2764346497474
New York City,United States,2599.451120396032
Hermosillo,Mexico,2298.408176253702
Jackson,United States,1374.992247715041
Juarez,Mexico,4287.777009041843
Galati,Romania,8925.063340837452
Mixco,Guatemala,2139.3626852333514
Apodaca,Mexico,2444.1554851934397
Sheffield,United Kingdom,6734.389148536776
Qiqihar,China,9435.291973679527
Carrefour,Haiti,639.0836840227139
Santiago de Compostela,Spain,6315.138380365693
Avellaneda,Argentina,9346.156609571135
Bremen,Germany,9135.321785891289
Peoria,United States,3356.6442625759205
Copenhagen,Denmark,9045.27302928754
Gujranwala,Pakistan,11456.56624225341
Turin,Italy,7232.005840588452
Franklin,United States,1851.7210781956746
Villa Nueva,Guatemala,2359.9427091974476
Barcelona,Spain,6888.447548481597
Mexico City,Mexico,3488.22510697597
Valencia,Venezuela,3424.803037942958
Carrefour,Haiti,674.2396808818885
Araguaina,Brazil,3453.3660884389333
Islamabad,Pakistan,12065.897816098011
La Ceiba,Honduras,2189.965513815891
Newcastle,South Africa,11540.691723800368
Lakeville,United States,3845.290701212873
Watford,United Kingdom,6207.801567568761
Oyonnax,France,7190.762644794943
Independence,United States,896.2133657908618
Gold Coast,Australia,16193.43811321955
San Jose de las Lajas,Cuba,1723.1442734710733
Newark,United States,2605.8654664252776
Visakhapatnam,India,13200.227611764474
Romeoville,United States,3315.9309822609034
Istanbul,Turkey,10968.849581516135
Yichun,China,10352.398312121419
Puebla,Mexico,3335.1029250496917
Durgapur,India,14557.322123569522
Sialkot,Pakistan,13316.292008655802
Gateshead,United Kingdom,6012.495571088898
Neuilly-Plaisance,France,6961.46766130988
Livry-Gargan,France,6966.311428555566
Huehuetenango,Guatemala,3258.895485956705
Ponferrada,Spain,6196.711175965986
Stoke-on-Trent,United Kingdom,5781.082160458962
Uberlandia,Brazil,9967.04387361395
Glendale,United States,5411.33024489079
San Francisco,United States,3866.6188016519322
Schiltigheim,France,9301.433082061414
Bacolod City,Filipinas,13425.652971890459
Tegucigalpa,Honduras,3747.7754208742604
Laguna Niguel,United States,5388.023293239121
Muskogee,United States,3447.6306937501968
Guadalajara,Mexico,3883.585733099779
San Miguelito,Panama,3534.9943344008143
Palermo,Italy,7900.585162240855
Bahia Blanca,Argentina,6323.6010908777835
Leon,Nicaragua,2928.7577921602256
K'ut'aisi,Georgia,11318.711159873872
Wenzhou,China,10353.898083177062
Santiago de Chile,Chile,5733.4424366800495
Cuscatancingo,El Salvador,2490.972011968888
Augsburg,Germany,7577.8915741593855
Messaad,Argelia,10051.525369868557
Leicester,United Kingdom,6586.772474261658
Ankara,Turkey,13456.125559579816
Escuintla,Guatemala,3082.3951347164057
Houston,United States,2247.6825603302127
Oyama,Japan,13371.930017268694
Villejuif,France,6926.547237978689
Liverpool,United Kingdom,6620.593566874238
Qitaihe,China,12702.867867532732
Haifa,Israel,9243.685135031865
Chengdu,China,11877.819969744722
Bolton,United Kingdom,5882.233496518225
Mersin,Turkey,9979.383133804336
Angarsk,Russia,10668.768984476465
Los Angeles,United States,5410.1082155627055
Pembroke Pines,United States,3180.0642538545235
Chittagong,Bangladesh,14928.99619042567
Lafayette,United States,1363.349977385319
Riverside,United States,5329.72028869865
Taizz,Yemen,14481.201732326177
Argenteuil,France,6225.447278491376
Hardenberg,Netherlands,6674.060717227769
Semarang,Indonesia,18709.67751355387
Turin,Italy,7354.525927158242
Santa Ana,El Salvador,3682.8663214865383
Ruda Slaska,Poland,9179.917537309733
Chenzhou,China,15135.316834406485
Tapachula,Mexico,3191.191611518347
Luoyang,China,14146.366809378243
Dordrecht,Netherlands,9992.95985132519
Toulouse,France,6859.375136411926
Corrientes,Argentina,8019.234731464202
Chillan,Chile,6101.019498434079
Manzanillo,Cuba,2269.464500608776
Xiamen,China,12337.905378459316
Velbert,Germany,7296.782064795583
Nanyang,China,10835.749873810651
Zinder,Niger,9043.518323179609
Wuhan,China,14598.9032888899
Maisons-Alfort,France,6955.854589981707
Guyana,Venezuela,2189.894135568651
Leon,Nicaragua,4135.452205134982
Port Harcourt,Nigeria,16248.503418719518
Oran,Argelia,9929.9545225085
Artemisa,Cuba,1798.7006253741056
Salvador,Brazil,7063.340914411958
Los Angeles,United States,465.7188381479201
Bangkok,Thailand,16190.929158704343
Brest,France,6985.897101781323
Malang,Indonesia,16325.179207805697
Vassouras,Brazil,10362.271013551113
Monterrey,Mexico,2911.88891506405
Zapopan,Mexico,3887.8119571024386
San Francisco,United States,3878.34739444856
Sakaka,Saudi Arabia,10326.943947732832
Mexico City,Mexico,3453.304781137721
Santo Domingo,Dominican Republic,2061.2027210351066
Adelaide,Australia,16962.312587437096
Wilmington,United States,2542.1954894939104
Buenos Aires,Argentina,12002.18490228258
Santo Domingo,Dominican Republic,2459.2280410085527
Swindon,United Kingdom,6684.882810773714
Balikpapan,Indonesia,12457.130228343754
Bossier City,United States,1399.5899895643013
Cruzeiro,Brazil,8242.697564826365
Tangshan,China,13577.034406610865
Manila,Filipinas,12337.815636478803
David,Panama,2080.2181827334093
Viena,Austria,6310.53418192448
Paisley,United Kingdom,8301.895404976593
La Romana,Dominican Republic,5757.398782243559
Stockport,United Kingdom,6693.257388129753
Tegucigalpa,Honduras,2298.477389857387
Nancy,France,7234.362253497574
Nicoya,Costa Rica,3596.4029207147623
Aix-en-Provence,France,7179.483845872342
Versailles,France,6293.120600334391
Saint-Pierre-des-Corps,France,6822.772608898482
Benevento,Italy,7960.423916557421
Vanves,France,9116.824615571197
Raleigh,United States,2286.6330373979695
Kinshasa,Democratic Republic of the Congo,11719.172258483086
Thiruvananthapuram,India,14149.781919551913
Gateshead,United Kingdom,5313.756284363862
Dewsbury,United Kingdom,10881.767721382128
Shimonoseki,Japan,11339.930929433418
Muret,France,9087.565279421624
Padang,Indonesia,17612.63070049572
Birmingham,United Kingdom,6213.444814000849
Frontera,Mexico,3022.641731224079
Swansea,United Kingdom,5315.749945327045
Masaya,Nicaragua,3292.799217921201
Itapetininga,Brazil,8661.10793925763
Escuintla,Guatemala,2671.674458267946
Rancagua,Chile,5820.91698537554
Manila,Filipinas,11437.821575085216
Quetzaltenango,Guatemala,3306.837697992884
Lagos,Nigeria,7658.727361631884
Chongqing,China,13074.087483900155
Zwolle,Netherlands,7906.206125382925
Montevideo,Uruguay,8800.885946608538
Holguin,Cuba,2863.7207978426604
Plantation,United States,1672.5293318700635
Maroua,Cameroon,8680.41142649075
Baoding,China,6869.7491304491095
Ravenna,Italy,8669.101198314702
New Castle,United States,562.0278438295654
San Francisco,United States,5823.64357368318
Juarez,Mexico,4318.374213886905
Sao Pedro da Aldeia,Brazil,7876.906983170458
Marseille,France,9610.89991947748
El Limon,Venezuela,6083.135479237571
Wuchang,China,11066.595228711234
Mechelen,Belgium,7119.881124511187
Santo Domingo,Dominican Republic,2830.5829042735277
Preston,United Kingdom,6665.096480207559
Botshabelo,South Africa,16732.85252450946
Puebla,Mexico,2734.458498975414
Coyoacan,Mexico,3453.7682304953696
Minna,Nigeria,7892.599001903897
Bandung,Indonesia,16669.359886714825
Amsterdam,Netherlands,6232.414594801416
Ararangua,Brazil,5512.238139300486
Kitchener,Canada,3489.9465517453873
Granada,Spain,7164.561969542055
Baruta,Venezuela,3489.7564821820642
Tegucigalpa,Honduras,1701.3232803702938
Manukau City,New Zealand,14186.280919863108
Offenbach,Germany,9661.089117277597
Weifang,China,13770.911064674097
Camaguey,Cuba,2135.936275317016
Genk,Belgium,6322.495546009177
Chicago,United States,1875.1543803670793
San Juan de la Maguana,Dominican Republic,3237.005094907432
Salzburg,Austria,7747.070959497563
Glasgow,United Kingdom,6617.684299177479
Sindelfingen,Germany,7437.759993446245
Sheffield,United Kingdom,6714.087655157133
Houston,United States,1633.8451391627125
Fatehpur,India,12754.83888255179
Itu,Brazil,8121.068122717873
Longview,United States,2189.5167116805087
Nuremberg,Germany,7585.916898571593
Redditch,United Kingdom,6073.341403454492
Guangzhou,China,12754.732832606249
Barddhaman,India,13666.960874499644
Dabrowa Gornicza,Poland,9167.7563483292
Saint-Malo,France,6053.358321974245
Mamak,Turkey,9486.35373167962
Antalya,Turkey,9191.28613402475
Meerut,India,12673.256136779788
Santo Andre,Brazil,5115.400743622308
Sheffield,United Kingdom,7487.042221013667
Viena,Austria,7978.032463741715
Lanzhou,China,11725.936768472362
Tegucigalpa,Honduras,3195.5450024060738
Fortaleza,Brazil,3877.5978572134823
San Juan,Argentina,8583.275819407194
Singapore,Singapore,17590.080259940332
New York City,United States,919.2671232525664
Bihar Sharif,India,12438.024936838628
Arlington,United States,3462.0766323056555
Castres,France,6287.702490779635
San Miguelito,Panama,3711.8659860841058
Boa Esperanca,Brazil,4906.184118297542
Basra,Iraq,11153.486107315523
Dorsten,Germany,7287.618959579379
Acireale,Italy,8888.250688150916
San Salvador,El Salvador,3567.2768540130123
Caloocan,Filipinas,13813.742280647773
Tegucigalpa,Honduras,2273.670888515988
Nom Pen,Camboya,14083.309900049071
Santo Domingo,Dominican Republic,1706.763969789989
Rosario,Argentina,10002.648423967834
Laval,France,6716.54472301232
Kathmandu,Nepal,14083.17489797513
Beira,Mozambique,16878.32662109765
Shangqiu,China,14172.353074487673
Bangkok,Thailand,10714.834564042776
Leon,Nicaragua,3372.58151006961
Uvarovo,Russia,8050.042182223163
Bangkok,Thailand,13784.782340629541
Mixco,Guatemala,2617.1102004882264
San Francisco,United States,4145.543488434398
Villa Nueva,Guatemala,3236.0525387020994
Seattle,United States,2289.2007586840214
Bordeaux,France,9267.689079327803
Philadelphia,United States,2546.475269260115
Nuevo Laredo,Mexico,842.6032096873151
Avadi,India,13805.45134833554
Itu,Brazil,5043.376835128721
Whangarei,New Zealand,13801.798469527943
Bhopal,India,13971.29573227341
Mesa,United States,4814.447508604306
Lanester,France,6521.23357071353
Singapore,Singapore,17593.695234841303
Kure,Japan,12342.190893213992
Queretaro,Mexico,3450.77604579739
Qom,Iran,11178.595518779386
Buenos Aires,Argentina,5912.131506182722
Civitavecchia,Italy,9973.749138293253
Rennes,France,6985.3356026590245
Barcelona,Spain,8722.112879440621
Baotou,China,10922.79914591721
Gothenburg,Sweden,6221.224938229664
Joinville,Brazil,10079.312438715255
New York City,United States,3946.851938257395
Tegucigalpa,Honduras,3850.7099888192915
Brive-la-Gaillarde,France,9225.039153267246
Meizhou,China,13123.979233568556
Manizales,Colombia,5446.246721257943
Paris,France,6927.899435386712
Valenzuela,Filipinas,16279.176320326516
Buenos Aires,Argentina,5904.440862192158
Oceanside,United States,5321.5192989234
Manukau City,New Zealand,13745.567613823054
Guaymas,Mexico,3113.300919885039
Guelma,Argelia,7370.101482237644
New Plymouth,New Zealand,13790.434242968427
New York City,United States,3692.900960421825
Yakarta,Indonesia,16478.79701647961
Darwin,Australia,18084.1135763482
Milan,Italy,8158.552586598268
Brumado,Brazil,7052.90084503399
Athens,United States,2422.5987632974043
San Juan,Argentina,5428.113284115944
New Bedford,United States,263.78817408662485
Waitakere,New Zealand,13812.863063343375
Dresden,Germany,6500.051216289067
Santiago de Cuba,Cuba,1012.9925930754425
Bishkek,Kyrgyzstan,11220.407829580747
Cadereyta,Mexico,3866.942698738401
Jalalabad,Afghanistan,12830.854477248668
Bogor,Indonesia,18509.868257858845
Baltimore,United States,2145.817810494595
Kozan,Turkey,11637.403731796068
Soweto,South Africa,13356.156088799802
Merida,Mexico,2454.688172459497
Augsburg,Germany,7579.227681314667
Al Hillah,Iraq,12455.816065203304
Colchester,United Kingdom,6879.253659016075
Nantes,France,8957.337738894017
Riyadh,Saudi Arabia,12477.49919368625
Soyapango,El Salvador,3560.5313363820055
Phoenix,United States,47.435417020328174
Acuna,Mexico,3712.591888987239
Caxias do Sul,Brazil,8147.5653766167425
Las Piedras,Uruguay,8201.267640653878
Auburn,United States,689.5892037160278
Montpellier,France,7051.982989039362
Graz,Austria,8395.407623654573
Juarez,Mexico,3014.282053686367
Versailles,France,5841.244943215431
Hyderabad,Pakistan,13141.523855820495
Bhiwandi,India,14187.209139068045
Mexico City,Mexico,2073.0820188074777
Maisons-Laffitte,France,9049.842366672945
Bezerros,Brazil,6660.914606777195
New York City,United States,8.6571064177744
Yaounde,Cameroon,13099.877805586986
Bangkok,Thailand,16182.77865155121
Zapopan,Mexico,1894.7747453623533
Yakarta,Indonesia,18483.320665949268
Sikasso,Mali,6420.624028862538
Caldwell,United States,3412.238333955519
Sao Paulo,Brazil,7552.74616503253
Enschede,Netherlands,8054.572145726637
Gomez Palacio,Mexico,3907.995065735413
Torreon,Mexico,1558.1500831452265
Paterson,United States,760.6399860716517
Coral Springs,United States,3638.628745788323
Manukau City,New Zealand,13236.977733151658
La Ceiba,Honduras,2972.33038428351
Apodaca,Mexico,3579.6836938003908
Miramar,Mexico,3316.346107088132
Trento,Italy,7611.396790939724
Lucknow,India,13902.768244654751
Mejicanos,El Salvador,3077.824567644091
Bangkok,Thailand,16183.11888629204
Bochum,Germany,7309.952008602914
Houston,United States,3201.914900545662
Izmir,Turkey,10732.382863090033
Kaspiysk,Russia,10471.604199576399
Ilopango,El Salvador,2478.0725209543502
Presidencia Roque Saenz Pena,Argentina,9079.626577205818
San Salvador,El Salvador,2903.5876564932187
Metepec,Mexico,3015.3139131171774
Palu,Indonesia,14985.942016633735
Hangzhou,China,12347.089528823015
Albury,Australia,15442.395414574497
Manila,Filipinas,16286.377628347453
Mouscron,Belgium,5861.53687998423
Chico,United States,2746.2453453473195
Buenos Aires,Argentina,9224.386729200121
Sivas,Turkey,9815.109584562104
Tigard,United States,5979.494586578395
Colorado Springs,United States,657.513334073226
Paris,France,5945.262309619792
Mexico City,Mexico,3452.8392593419844
Toowoomba,Australia,15980.890038256395
Presidente Prudente,Brazil,4738.62197018056
Sakaka,Saudi Arabia,12569.644564137116
Buenos Aires,Argentina,5907.927980871093
Bene Beraq,Israel,7407.256539695792
Morelia,Mexico,3671.5392716051865
New York City,United States,3926.256051562019
Brest,France,6555.057528965471
Metepec,Mexico,3534.6299228448283
Saqqez,Iran,10006.928400393985
Taverny,France,9058.222525224952
Thies Nones,Senegal,10091.10037465028
Singapore,Singapore,14142.299713513747
Keren,Eritrea,13971.424638686398
Hanoi,Vietnam,15575.075825744832
Cassilandia,Brazil,5409.559668751618
Widnes,United Kingdom,6837.835958386019
Limoeiro do Norte,Brazil,4040.03674593375
Cologne,Germany,8373.818507069316
Ajmer,India,13521.368427516332
Halmstad,Sweden,6676.453487937439
Seattle,United States,3790.8461604270055
Vassouras,Brazil,5134.83429951769
Itapecuru Mirim,Brazil,8633.325530462607
Sao Paulo,Brazil,8236.484771257954
Houston,United States,3202.5725424348607
Estocolmo,Sweden,6666.82550026011
Battipaglia,Italy,7965.28360617074
Knoxville,United States,2615.164822452677
Martigues,France,7206.877882230239
Groningen,Netherlands,9010.17575380004
New York City,United States,644.559304886504
Tegucigalpa,Honduras,1850.103390502726
Huddersfield,United Kingdom,5534.599747692513
Managua,Nicaragua,3395.3693303128953
New Rochelle,United States,2611.0093272830613
Jieshou,China,11664.770491492907
New York City,United States,646.599369902346
Brisbane,Australia,15877.183084306469
Yakarta,Indonesia,17680.499365343578
Seattle,United States,3113.6062292161696
Glasgow,United Kingdom,8054.004121624326
San Francisco,United States,2344.844669597504
Salvador,Brazil,10363.371818354459
Manchester,United Kingdom,6685.429354064721
Toulouse,France,7113.097264834353
Nancy,France,7110.777041025806
Mohammedia,Morocco,6069.05480987584
Bar-le-Duc,France,7190.092016379377
Mainz,Germany,7381.723320629398
Tlaquepaque,Mexico,3268.72146204765
Muret,France,7710.576730253103
Bergamo,Italy,7243.035355609497
Port Elizabeth,South Africa,11302.79221607352
Ludhiana,India,12568.12827425041
Redditch,United Kingdom,6688.188688340996
Santa Catarina,Mexico,2408.8864990494158
Cork,Ireland,5496.589459408067
North Las Vegas,United States,2598.1857268762265
Managua,Nicaragua,3087.829496021511
Nelson,New Zealand,13848.915683466757
Borujerd,Iran,10246.7503456302
Sakaka,Saudi Arabia,10520.008950152065
Sao Luis,Brazil,3338.8491060632145
Vassouras,Brazil,7650.112543029214
Tegucigalpa,Honduras,3948.1478115186505
San Salvador,El Salvador,3711.855609289163
Lahore,Pakistan,11531.025159241135
Cannes,France,8310.061760166025
Panama City,Panama,1755.6296981065834
Hanover,Germany,7483.856776734714
Perth,Australia,15006.702174295444
Milwaukee,United States,1791.0328435711747
Elx,Spain,6268.679091523824
San Nicolas de los Arroyos,Argentina,8515.943810533581
Bouake,Marfil Coast,7407.256539695792
Indianapolis,United States,3055.1049224501758
Holguin,Cuba,4741.893570911551
Pontoise,France,6896.628644928753
Dortmund,Germany,8586.076662913543
Leon,Nicaragua,2306.59216977018
Casablanca,Morocco,6045.0528352018155
Turmero,Venezuela,900.5884384767339
Adelaide,Australia,16570.882961215488
Budapest,Hungary,8199.38714647515
Tegucigalpa,Honduras,3702.239841405547
Kano,Nigeria,8028.5940067707625
Villenave-d'Ornon,France,5188.160400202455
Middletown,United States,2661.2311678357087
Augsburg,Germany,6361.4844770892205
Seattle,United States,5994.524432264763
Wagga Wagga,Australia,16210.455215210895
Sydney,Australia,15916.66514768117
Culiacan,Mexico,4294.490275174829
Torre del Greco,Italy,7942.828253902693
Mixco,Guatemala,2616.7127701840313
San Pedro Sula,Honduras,2325.6030850075044
Zamora,Spain,6172.500009131464
Canberra,Australia,14943.976744957832
Chinautla,Guatemala,3087.8058612244954
Chilpancingo,Mexico,413.3309149690422
Crotone,Italy,10662.541753344518
Chimoio,Mozambique,11627.087564756028
Buenos Aires,Argentina,8969.933740294344
Abidjan,Marfil Coast,7407.256539695792
Aguas Lindas de Goias,Brazil,9224.441340682624
Lugo,Spain,8191.094954046692
Pistoia,Italy,8813.658040674942
Bangkok,Thailand,13868.709208499195
Seattle,United States,5993.199898983513
Kermanshah,Iran,10832.561244415601
Philadelphia,United States,1666.5253379862488
Poltava,Ukraine,9179.11637073993
Toulouse,France,9335.750565097682
Eskisehir,Turkey,9302.628477495482
Niteroi,Brazil,5202.7417229551165
Lagos,Nigeria,12362.22603869642
Bayamo,Cuba,4615.194119213462
Perth,Australia,16710.89574090943
Toledo,United States,3063.692603468627
Santo Domingo,Dominican Republic,378.3927145805288
Rajkot,India,13549.350891539756
Valencia,Venezuela,911.9635946324977
Burlington,United States,2972.340610554319
Castrop-Rauxel,Germany,8495.309226432217
Chengdu,China,14501.23208973935
Portmore,Jamaica,1131.752781792644
Mexico City,Mexico,3216.4093991999707
Paris,France,9087.080195436294
Ribeirao Preto,Brazil,4807.234318421801
Eskisehir,Turkey,8263.288626768284
Bucheon,South Korea,11857.367395587196
Dewas,India,13088.691274276387
Reims,France,5863.379409081092
Bangkok,Thailand,14981.410879481395
Progreso,Mexico,2631.142810576017
Manila,Filipinas,16289.84691325026
Halmstad,Sweden,6329.822750761218
Botosani,Romania,10270.95890230196
Panama City,Panama,4805.886666473956
Apopa,El Salvador,3113.587376638579
Santo Domingo,Dominican Republic,378.5799267253013
Rimini,Italy,7757.262342274984
Cotonou,Benin,12278.572285199936
Soyapango,El Salvador,2488.3218832030007
Hanover,Germany,7483.992618408918
Novo Cruzeiro,Brazil,9768.354909682133
Cairo,Egypt,12250.845009321623
Magdeburg,Germany,7026.303166010864
Hamm,Germany,6159.678138313105
San Luis Obispo,United States,1416.920886881962
Paris,France,6946.660494940259
Santo Domingo,Dominican Republic,3608.4469254847136
Rouen,France,8947.222023875413
Kenosha,United States,3372.6504087037497
Nakuru,Kenya,11341.438013177862
Gold Coast,Australia,15501.674259232223
Zapopan,Mexico,3888.228165481113
Escuintla,Guatemala,2671.732423680515
Lunel,France,9342.161136756047
Holyoke,United States,1300.6555697205886
London,United Kingdom,6802.528829779994
Cottbus,Germany,9054.626764690323
Thiruvananthapuram,India,15028.471377009162
Grenoble,France,7197.259956836412
Seuol,South Korea,9680.446554642114
Camaguey,Cuba,1258.2991319282764
Leon,Nicaragua,2305.099886107434
Apopa,El Salvador,3526.7169937664326
Manila,Filipinas,13321.875639742993
Nottingham,United Kingdom,7252.296177680456
Oberhausen,Germany,9890.954358717905
Akron,United States,2647.4462577308923
Caracas,Venezuela,853.7138517772106
Montauban,France,6774.588208649789
Brandenburg,Germany,7721.407935173479
New York City,United States,2590.8357417590128
Hamburgo,Germany,8922.177926413755
Fairfield,United States,2853.2850879140974
Santo Domingo,Dominican Republic,378.05484899873585
Langen,Germany,7415.033311534721
Siauliai,Lithuania,8323.78858164547
Santo Domingo,Dominican Republic,2919.9809226258853
Alice Springs,Australia,17843.843269748475
Athis-Mons,France,9105.610405830546
Viena,Austria,7984.147680536161
Petapa,Guatemala,3435.1708672345417
Miami,United States,1655.4190626277104
Anaheim,United States,171.9461105355161
Pertuis,France,7155.901650902971
Helsinki,Finland,8331.53012068759
Gothenburg,Sweden,8629.835746874794
Panama City,Panama,3777.412693289501
Lanxi,China,10664.160000313635
Curitiba,Brazil,7649.837501780762
Boulogne-sur-Mer,France,8923.800549926895
Groningen,Netherlands,6031.795096921973
Leon,Nicaragua,2305.934481768167
Bergen,Norway,7050.780340386424
Calgary,Canada,5539.104769901064
Tijuana,Mexico,5282.961551557886
Mbuji-mayi,Democratic Republic of the Congo,15024.797155215725
Whyalla,Australia,17578.852511587902
San Francisco,United States,3728.3472162398734
Mbandaka,Democratic Republic of the Congo,10510.6137014513
Foumban,Cameroon,13034.206705418275
Mantes-la-Jolie,France,6902.909120696829
Wollongong,Australia,13395.312896559692
Louisville,United States,2910.6153991868005
Marseille,France,7176.175516703541
Perth,Australia,18469.58028944807
San Cristobal de Las Casas,Mexico,2792.4290629856478
Brisbane,Australia,11627.379109633444
Draguignan,France,5827.376581576446
Acuna,Mexico,3742.4464944531765
East Orange,United States,2604.5957961153736
Bremen,Germany,7665.006029702919
Helmond,Netherlands,7199.8931426300915
Xiamen,China,12708.82698458357
Registro,Brazil,9736.133774799946
Fresnillo de Gonzalez Echeverria,Mexico,7407.256539695792
Meknes,Morocco,6243.466530375644
Chongqing,China,14627.709338943643
Antipolo,Filipinas,11879.12840129152
Managua,Nicaragua,3952.3668600971837
Gold Coast,Australia,11559.777826778278
Maisons-Alfort,France,6673.200748792845
Canberra,Australia,16415.930470282103
Bridgetown,Barbados,3405.7612446615176
Weimar,Germany,6471.588273642062
Santa Cruz do Sul,Brazil,5514.999928913913
San Miguelito,Panama,1745.59393355621
Shantou,China,11429.326974161368
Montigny-le-Bretonneux,France,8992.912297334715
Woodland,United States,4033.67701845442
Fortaleza,Brazil,8752.106221946893
Solingen,Germany,7297.15939269451
Gold Coast,Australia,13592.488820212708
Jeddah,Saudi Arabia,10802.66523069842
Izmir,Turkey,9065.36297314746
Grasse,France,7301.195720172205
Rivne,Ukraine,8646.561617238069
Varanasi,India,12870.461299797737
Huehuetenango,Guatemala,3811.893311755038
Philadelphia,United States,136.33101144249397
Ankara,Turkey,8389.852229756973
Toowoomba,Australia,15980.877812047127
Mons-en-Baroeul,France,7018.292269383287
Fort-de-France,Martinica,665.6529150970753
Concord,United States,1067.6350649112949
Hangzhou,China,11165.650108422988
Zaanstad,Netherlands,7148.80046401833
Mexico City,Mexico,3257.801990775302
Bastia,France,8274.312477058735
Dallas,United States,3192.9825725776673
Viterbo,Italy,7594.32655538274
Philadelphia,United States,2545.0464002495037
Tembisa,South Africa,16106.874085107222
Kozan,Turkey,9800.440798358763
Dorsten,Germany,7288.92160978619
Cirebon,Indonesia,18617.214660490125
Capua,Italy,6894.034578189329
Valladolid,Spain,6802.887973169106
Doha,Qatar,12136.744437576863
Apodaca,Mexico,2838.2777759161977
Roissy-en-Brie,France,7535.39437422941
Ipoh,Malasia,15070.672902779123
Bacolod City,Filipinas,12914.298632064401
Zhuzhou,China,12107.804356491146
Caucaia,Brazil,3893.317143821507
Trento,Italy,9783.962944950074
Ugep,Nigeria,12871.207452149178
Annaba,Argelia,7428.076534227367
Noisy-le-Sec,France,6956.7025076994905
Yakarta,Indonesia,16170.93873749471
Santo Domingo,Dominican Republic,4683.988119934839
Medan,Indonesia,15617.111880699124
Mexicali,Mexico,5140.7750623988095
Bangkok,Thailand,15356.877397379523
Porirua,New Zealand,13337.03001735215
Guantanamo,Cuba,942.3709939919673
Manchester,United Kingdom,6686.3656271967675
Dar es Salaam,Tanzania,12713.55408811569
Ulm,Germany,9276.779062288113
Fushun,China,13255.82975288076
Tokio,Japan,13432.604937044905
Belgaum,India,14302.677364939284
Ravenna,Italy,7676.6178249423565
Bundaberg,Australia,14079.872447146945
Santo Domingo,Dominican Republic,378.40062493921823
Tallahassee,United States,1436.6032724620923
Baia Mare,Romania,8900.803102993137
New York City,United States,2596.404106915978
Meriden,United States,2653.7859177997407
Avellino,Italy,7628.140614112963
Manila,Filipinas,13220.785699309663
Milwaukee,United States,3405.123784716304
Quincy,United States,4181.836430716725
Dallas,United States,1987.3609324578401
Baku,Azerbaijan,11713.213267952044
Milwaukee,United States,2510.2938363645058
Denizli,Turkey,9264.941647981937
Lisbon,Portugal,6110.755871399503
Bar-le-Duc,France,7039.0921045952455
Tegucigalpa,Honduras,3251.9657186427507
Baden-Baden,Germany,9408.846994777083
Bangkok,Thailand,14077.121738633594
Donets'k,Ukraine,9954.206821547583
Casablanca,Morocco,6046.162167423008
Durgapur,India,14036.469222959018
Qom,Iran,11112.46355423653
Lorena,Brazil,9556.947684502138
Cesena,Italy,7920.6682204595545
Munich,Germany,7635.290396318167
Lowestoft,United Kingdom,8753.865684480299
Bikaner,India,12320.549056422506
Bordeaux,France,5513.150168634587
Valencia,Venezuela,4038.4366627629233
Bundaberg,Australia,15969.369767602959
Algiers,Argelia,10064.582188567145
Buenos Aires,Argentina,8938.770921041883
San Diego,United States,274.936309761833
Melbourne,Australia,15516.764518999738
Jinan,China,13916.84332734335
Granada,Spain,6190.308406359073
Divinopolis,Brazil,4851.878641833781
Irving,United States,1006.5484900720145
Poltava,Ukraine,9301.329627582869
Quevedo,Ecuador,2590.592976681776
Rouen,France,7927.927479978087
Huehuetenango,Guatemala,3271.461808168477
Istres,France,7145.844376933394
Sao Miguel dos Campos,Brazil,7248.176153351073
Cassilandia,Brazil,7469.768494513566
Arbil,Iraq,9588.758538392856
Lakewood,United States,4411.213726246781
Leon,Nicaragua,2307.361463749691
Akhisar,Turkey,9089.69302409524
Agde,France,6600.855301436311
Hermosillo,Mexico,4677.060943907518
Chimoio,Mozambique,13054.201608439165
Estepona,Spain,6244.578161195573
Gomez Palacio,Mexico,2833.445606222206
Consolacion del Sur,Cuba,1848.8525729225607
Lagos,Nigeria,9494.16434945677
Le Blanc-Mesnil,France,6957.935123001798
Bagamoyo,Tanzania,11850.636035783913
Salzburg,Austria,7742.827208541455
Quetzaltenango,Guatemala,2708.250334882813
Rosarito,Mexico,4585.785001292553
Chaoyang,China,13339.599525224328
Villeurbanne,France,7133.847548373499
Pembroke Pines,United States,2520.567197732267
Mont-de-Marsan,France,9153.47322946963
Aberdeen,United Kingdom,6775.656012719541
Nom Pen,Camboya,14115.130616091168
Loughborough,United Kingdom,6743.526090159024
Bouake,Marfil Coast,7407.256539695792
Bangkok,Thailand,14647.833941985316
Managua,Nicaragua,4907.166740460945
Brest,France,6442.186241655496
Alicante,Spain,6496.656103305525
Laval,France,10622.573114451578
Perth,Australia,17455.23280485628
Los Angeles,United States,5412.418086237961
Huainan,China,14367.18263407669
Temixco,Mexico,3466.4997245720774
Nysa,Poland,8021.654662178806
Lucca,Italy,8382.1009490998
Sittard,Netherlands,7210.504542167658
Linyi,China,11072.031818841426
Widnes,United Kingdom,7695.461091244149
Santo Domingo,Dominican Republic,378.2240346736317
Colomiers,France,7108.232590970673
Amiens,France,6211.2866744595085
Santo Domingo,Dominican Republic,5035.563884854055
Zapopan,Mexico,2061.935724794356
Jhansi,India,13877.180595327136
Columbia,United States,3698.1762831492033
Dormagen,Germany,6898.31892196662
Santiago de los Caballeros,Dominican Republic,475.14993172385476
Hamburgo,Germany,8995.872483945546
Mogadishu,Somalia,12366.704932628898
Bangkok,Thailand,14107.661226223956
Recife,Brazil,7047.575290909492
Bangui,Central African Republic,9334.120846471254
Basingstoke,United Kingdom,8773.496584987368
Oklahoma City,United States,3611.3760139547953
Fort Lauderdale,United States,446.45001640636195
Viena,Austria,9056.087383413082
Deuil-la-Barre,France,6953.042157536334
New Plymouth,New Zealand,13451.489299240971
Ankara,Turkey,11122.124798162495
Port Macquarie,Australia,15822.804018872235
Los Angeles,United States,206.02920855470853
Roanne,France,6093.59898312229
Panama City,Panama,3549.3263342004684
Tawau,Malasia,14517.77417375438
Manila,Filipinas,16308.827249601884
Bordeaux,France,5792.385612969649
Louviers,France,6432.1100377190305
Indore,India,13713.275718147492
New York City,United States,292.80922793289074
Ribeirao Preto,Brazil,4807.938801263109
Nicosia,Cyprus,9711.662121690415
Freeport,United States,2661.8574069231677
Hattiesburg,United States,2342.735715274648
Gorakhpur,India,11925.343122709182
Sancti Spiritus,Cuba,1780.986258858344
Bouake,Marfil Coast,7407.256539695792
Mishawaka,United States,2962.105795086228
Palma de Mallorca,Spain,6959.557632716076
Choluteca,Honduras,2280.252267781886
Manila,Filipinas,16285.651071425977
Oshawa,Canada,2257.6668761578485
Draguignan,France,6575.077332085292
Prague,Czech Republic,6586.044322585401
Cannes,France,7306.229680244505
Leshan,China,14642.998678036745
Kermanshah,Iran,12287.497497754817
Akron,United States,2913.14665269635
Leicester,United Kingdom,8339.455724581981
Guelma,Argelia,7399.872035760503
Atlanta,United States,2481.036946755538
Jalna,India,13872.466046757694
Islamabad,Pakistan,12472.556378786732
Mexicali,Mexico,2626.2533007644192
Laval,France,9043.904053734006
Santa Ana,El Salvador,2522.452682825857
Lome,Togo,9276.30680825876
Los Angeles,United States,3566.8892002790312
Kanpur,India,13872.786939125965
Cleveland,United States,1741.5747241156198
Lahore,Pakistan,11792.347998096311
Draguignan,France,8764.645052585476
Nouakchott,Mauritania,5314.694098537833
Lorain,United States,166.9483654485448
Botshabelo,South Africa,13016.137834927069
Montgeron,France,6954.902172097998
Indaial,Brazil,8541.709686616767
Sokoto,Nigeria,9136.955937750068
Toulouse,France,6855.445949784463
Kuala Lumpur,Malasia,15207.401375615027
Port Harcourt,Nigeria,8097.587225034897
Columbia,United States,3324.5357135385943
Mexicali,Mexico,3781.7026416970857
Lannion,France,7980.804982244611
San Pedro Sula,Honduras,3079.327701093398
Marseille,France,7172.380749350895
Chelyabinsk,Russia,10740.392335902194
Wels,Austria,7790.26107225896
San Salvador,El Salvador,2181.3349170858123
Baguio City,Filipinas,16096.299937100257
Araguaina,Brazil,3450.9301612652525
Betim,Brazil,7827.258191122294
Hamburgo,Germany,8028.556917420385
Morelia,Mexico,3671.21907845721
Depok,Indonesia,15840.509923874028
Juarez,Mexico,2324.6489128204644
San Diego,United States,4160.846145758047
Santo Domingo,Dominican Republic,3620.021041404758
Santander,Spain,6429.589843682381
Soyapango,El Salvador,2488.028752876555
Napier,New Zealand,13557.621411109336
Lagos,Nigeria,12834.442156301528
Munster,Germany,6104.293128752119
Emmen,Netherlands,8933.37079525678
Bangkok,Thailand,13866.003273554175
Westminster,United States,1584.0789763740847
Arbil,Iraq,9571.061267776493
Duisburg,Germany,8886.254983377697
Draguignan,France,7266.187932180271
Dublin,Ireland,6425.1427043123595
Mazyr,Belarus,8766.016421155764
Fremont,United States,5784.747905667419
Huddersfield,United Kingdom,6045.711544980251
Panama City,Panama,1756.8026943597274
Santo Domingo,Dominican Republic,2678.278826818833
Geelong,Australia,16310.693664520919
Tijuana,Mexico,2816.1173474074235
Oviedo,Spain,9048.255261463275
Seattle,United States,6019.894681641779
Durango,Mexico,4037.8265220497624
Kampala,Uganda,10922.820791483868
Gold Coast,Australia,11559.026979546054
Kalisz,Poland,6697.545805285633
Ankara,Turkey,8634.22880836977
Lucknow,India,12247.973346084376
Mesa,United States,565.7256879850145
Tipitapa,Nicaragua,2967.455350064693
Buffalo Grove,United States,2767.270431951781
Nice,France,9123.580995218075
Leverkusen,Germany,6062.458017274208
Kayes,Mali,6007.083218921182
Brasilia,Brazil,3474.6401766656086
Carrefour,Haiti,638.8879884892204
Berlin,Germany,6805.658414764182
Garforth,United Kingdom,6749.255898174505
New York City,United States,2593.589499721445
Kinshasa,Democratic Republic of the Congo,10801.832126435904
Estocolmo,Sweden,7965.120014651642
Westland,United States,3120.226932434548
Mackay,Australia,16297.98223695268
Santo Domingo,Dominican Republic,5438.531123403568
Bangkok,Thailand,13700.402888130733
Tegucigalpa,Honduras,3533.6597107071116
Detroit,United States,3102.3270437955057
Balneario Camboriu,Brazil,8450.142871913526
Kaduna,Nigeria,9678.249573776464
Santo Andre,Brazil,9031.209329662051
Singapore,Singapore,16193.139446011577
Cienfuegos,Cuba,1532.3814049951136
San Pedro Sula,Honduras,2749.4631317010158
Viena,Austria,6291.728394138644
Jodhpur,India,12633.767697779005
Puebla,Mexico,3335.9645385005765
Delft,Netherlands,7114.3548652541585
Leeds,United Kingdom,6264.246576913024
Nagasaki,Japan,14086.479502610002
Ponte Nova,Brazil,7498.612725447673
Groningen,Netherlands,6834.827877030077
Goiania,Brazil,9225.586334759624
Dar es Salaam,Tanzania,13443.919423103907
New York City,United States,2603.0028188260644
Xichang,China,14761.687593763456
Curitiba,Brazil,5178.4431386622155
Uvira,Democratic Republic of the Congo,11580.31262781452
Granollers,Spain,9673.31989539241
Duisburg,Germany,7273.068404954405
Villa Nueva,Guatemala,3128.8726690522753
Bari,Italy,10540.407106723327
Shanwei,China,12201.784057375542
Brasilia,Brazil,6815.655851220445
Neuilly-Plaisance,France,6960.938558624062
Palembang,Indonesia,18067.088084154886
Ruda Slaska,Poland,8090.53747018673
Portici,Italy,7938.756796404502
Guangzhou,China,12260.266590427138
Duisburg,Germany,9056.141634003077
Hampton,United States,2116.9318157185494
Pereira,Colombia,4332.46333204298
San Francisco,United States,1368.9383308419108
Aligarh,India,12104.816604035957
Seremban,Malasia,15081.150552427644
Manzanillo,Cuba,1153.9324140229423
Huehuetenango,Guatemala,3092.0622370115984
Santo Domingo,Dominican Republic,2776.610990129335
Prato,Italy,7631.335710667718
Coyoacan,Mexico,2135.763525000513
Givors,France,9523.114737718555
Crato,Brazil,7477.161022051432
Barretos,Brazil,8058.436750265245
Cartagena,Colombia,4947.224215357885
Issy-les-Moulineaux,France,6945.137922811467
Villa Nueva,Guatemala,3852.9623342775903
Morelia,Mexico,1173.5503028985713
Berlin,Germany,9086.773920761398
Cuautitlan,Mexico,2134.568314771719
Battipaglia,Italy,10406.002442609846
Seremban,Malasia,15278.146484050563
Guntur,India,13329.44148752915
Antananarivo,Madagascar,13595.66275298246
Foggia,Italy,8017.881333030628
Kozhikode,India,14876.743646629213
Austin,United States,1558.2560929463057
Al Hillah,Iraq,12370.34239984401
Albuquerque,United States,4412.8823957189
Edogawa-ku,Japan,13426.538060167557
Viena,Austria,7414.975505360238
Puebla,Mexico,2617.977789696
San Pedro de Macoris,Dominican Republic,331.7574992478827
San Pedro Sula,Honduras,2325.6267987392
Guantanamo,Cuba,941.3731215936257
Little Rock,United States,2546.841318201857
Philadelphia,United States,137.18109409570164
Perth Amboy,United States,2578.669353062785
Saltillo,Mexico,2036.956666378376
Madrid,Spain,9404.859104607023
Kerpen,Germany,9061.367741419832
Hargeysa,Somalia,11797.746697391103
Caloundra,Australia,15874.705219419786
San Francisco,United States,5825.6792025316845
Paris,France,6947.261949142544
Sabadell,Spain,6908.312195066828
Gorakhpur,India,14067.073653956022
Zaporiyia,Ukraine,8377.325323524568
Podgorica,Montenegro,9357.89209428798
Trier,Germany,7014.408494858735
East Orange,United States,612.5637372389847
Frankfurt,Germany,7056.163443520052
Los Angeles,United States,3410.7892698332557
Agde,France,7022.380210205065
Borazjan,Iran,12946.529355415572
Visalia,United States,3246.3520644200976
Duisburg,Germany,7258.175444766465
Columbus,United States,2890.9941132241624
Chicago,United States,1801.9482303261932
Ankara,Turkey,8925.937157598144
Walsall,United Kingdom,7474.531513197321
Saint-Michel-sur-Orge,France,6949.302391385422
Adelaide,Australia,14144.86900619933
Kupang,Indonesia,18621.035444130917
San Francisco,United States,2351.152544270406
Dublin,Ireland,5702.192802569645
Preston,United Kingdom,6663.924812550933
Neubrandenburg,Germany,9243.359270585508
Las Tunas,Cuba,3339.355141647514
Lorain,United States,630.0454515202983
New York City,United States,807.0823090118229
Zhuhai,China,11714.865163278606
Bhiwandi,India,13959.88095825527
Mianyang,China,14426.849188049178
Salvador,Brazil,6971.812096653983
Antananarivo,Madagascar,17110.116224123933
Mentor,United States,1821.642156655359
Boa Vista,Brazil,3257.429585727917
Los Angeles,United States,5410.844523537577
Elx,Spain,6671.0920251155285
Benin City,Nigeria,12631.062989809097
Meriden,United States,813.4271794569652
Evry,France,7222.790117559966
Ujjain,India,13502.621895408356
Den Helder,Netherlands,5785.6389197819435
Delgado,El Salvador,3577.097882722782
Sheffield,United Kingdom,8516.227314897364
Colon,Panama,1759.1755090865524
Parma,Italy,7543.5807293294565
Zunyi,China,12427.633800313608
Tegucigalpa,Honduras,2944.214851338666
Wagga Wagga,Australia,15245.5459946902
Los Angeles,United States,5441.907072905544
Mecca,Saudi Arabia,10867.759554841641
Loubomo,Republic of the Congo,11385.65422298923
Reynosa,Mexico,3394.132950850818
Shanghai,China,11484.614728758226
Holguin,Cuba,4434.9475919567385
Salvador,Brazil,7863.213270635484
Kano,Nigeria,8028.89368715157
San Luis Potosi,Mexico,2018.6052553531138
Darbhanga,India,13215.108808448138
Chongqing,China,14626.775911294826
Langen,Germany,7414.399514959416
San Miguelito,Panama,4735.962926012752
Pune,India,14062.055805109663
Spanish Town,Jamaica,2432.983873919733
Tongling,China,11714.558117532999
New Plymouth,New Zealand,14360.301888675429
Sheffield,United Kingdom,6712.678536136102
Mashhad,Iran,11728.878248109851
Villeneuve-la-Garenne,France,8195.833636767207
Commerce City,United States,1352.8726801634125
Porto,Portugal,5869.599339676298
Buenos Aires,Argentina,9333.956407333386
Ibadan,Nigeria,9226.690910359763
Pontault-Combault,France,6966.505165611108
New York City,United States,2591.6706895260822
Sao Paulo,Brazil,5095.23735505153
St. Catharines,Canada,322.9790491731612
Chongqing,China,12242.788279807985
Hanoi,Vietnam,13050.858206134133
Frontera,Mexico,2932.0670763272014
Rome,Italy,7766.754115023861
Holguin,Cuba,4740.08723400069
Rockhampton,Australia,16161.67473851805
Santa Cruz do Sul,Brazil,10328.124313763565
Cipolletti,Argentina,8884.559914568339
Iasi,Romania,8397.236919587227
Gothenburg,Sweden,8528.097933457011
Shashi,China,12422.85704802699
Santo Domingo,Dominican Republic,5073.625671204161
Paris,France,6519.924672109435
Mount Gambier,Australia,16603.098152745242
Los Mochis,Mexico,4491.427484822324
Dar es Salaam,Tanzania,13397.174737835412
Yangjiang,China,15538.560553645464
Sincan,Turkey,9459.348612148282
Preston,United Kingdom,6667.245989269375
Carrara,Italy,8767.982354598358
Logan,United States,1313.4069499124314
Dar es Salaam,Tanzania,12425.896673551564
Berlin,Germany,7730.90962678446
Cuajimalpa,Mexico,3467.7371061436224
Ingolstadt,Germany,7616.653224151746
Jiutai,China,10325.80346339244
Sindelfingen,Germany,6303.561467983856
Sivas,Turkey,9952.027003079018
Visakhapatnam,India,14422.740819138146
Wollongong,Australia,12107.846176850375
Dallas,United States,3466.893888355894
Saint-Michel-sur-Orge,France,5855.885692040991
Amiens,France,6951.593089385383
Panama City,Panama,3266.354710085354
Almelo,Netherlands,8988.685982409763
Shuangyashan,China,9818.793974098844
Budyonnovsk,Russia,10123.6106892255
Paulista,Brazil,4514.964294716468
Groningen,Netherlands,7273.365667275792
Riverside,United States,3587.0833771988223
San Pedro Sula,Honduras,2773.013875353668
Managua,Nicaragua,2240.561776436567
New York City,United States,4103.400604355888
Santa Cruz do Sul,Brazil,5516.1112807300005
Salzburg,Austria,7522.696714145769
Bucaramanga,Colombia,3533.4235921444633
Viena,Austria,8210.909873977616
Manila,Filipinas,16283.520483167904
Hanoi,Vietnam,11905.885586045097
San Pedro Sula,Honduras,3157.26103407588
Jambi,Indonesia,17825.294504675498
Jacksonville,United States,2042.1152255103498
Tegucigalpa,Honduras,2273.773599741196
Dublin,Ireland,6026.609723754062
Paris,France,6666.117759393269
Springdale,United States,1107.249595720402
Toluca,Mexico,2420.6095539971047
Kayes,Mali,6795.766120431904
Masaya,Nicaragua,3283.855082723111
Masterton,New Zealand,10751.62951015635
Quetzaltenango,Guatemala,3270.540368287597
London,United Kingdom,6779.133166197587
Leon,Nicaragua,1542.9481584916773
Upplands Vasby,Sweden,6884.57548222644
Coatzacoalcos,Mexico,1982.986734443137
Iranshahr,Iran,12988.165759317057
Viena,Austria,7988.57911064425
Cotonou,Benin,7559.082463094205
Turkmenabat,Turkmenistan,10451.750235387537
Gold Coast,Australia,14767.468367075558
Yogyakarta,Indonesia,18794.87800459832
Alexandria,Egypt,9906.641676143137
Bulawayo,Zimbabwe,13352.240627246083
Bath,United Kingdom,6648.574300965833
Varna,Bulgaria,8281.295985412316
Viena,Austria,7987.353647346804
Lowestoft,United Kingdom,6937.919680973976
Fontenay-aux-Roses,France,9037.046009916572
Paris,France,6932.6470018892605
Biarritz,France,6615.120912039345
Nancy,France,9107.83155365913
Posadas,Argentina,5167.225311564598
Kolhapur,India,12860.772462831683
Philadelphia,United States,1055.6554821727846
Mecca,Saudi Arabia,11284.553644875918
Pontianak,Indonesia,13823.812449839925
Mentor,United States,630.1680893867975
Bogota,Colombia,1723.8696394356678
Tottori,Japan,13704.140345682137
Letchworth,United Kingdom,6799.071244912696
Gdansk,Poland,8061.860372903431
Saint-Michel-sur-Orge,France,7370.009214995586
Creil,France,6961.173703502588
Nom Pen,Camboya,16575.125931802635
Guildford,United Kingdom,5701.142862846815
Roswell,United States,4147.516956938642
Owerri,Nigeria,12803.069742026679
Arusha,Tanzania,11513.870859084998
Viena,Austria,6811.345403575236
Orizaba,Mexico,3241.6352189073223
Apucarana,Brazil,4897.502938250034
Valenzuela,Filipinas,13218.92219999379
Philadelphia,United States,2549.190303739707
Charlotte,United States,1475.833259479388
Berlin,Germany,7731.134209635441
Houston,United States,3233.634404831799
Viena,Austria,8853.62122969184
Ternopil,Ukraine,7994.13900218889
Hiratsuka,Japan,10710.524662789074
Puebla,Mexico,3144.1934410504314
Thornton,United States,1383.9233526574726
Bangkok,Thailand,13280.344144087267
Mont-Saint-Aignan,France,7404.858127216846
Cairo,Egypt,9719.367576500623
Copenhagen,Denmark,8592.0545705936
Denpasar,Indonesia,16241.226356973191
Uvinza,Tanzania,11593.285891498268
Hangzhou,China,14593.208669670583
Bhubaneswar,India,13477.25395471981
Santo Domingo,Dominican Republic,378.5173379028012
Portici,Italy,10010.341773796274
Paris,France,6951.143847197097
Kozhikode,India,14770.080999880214
Coyoacan,Mexico,3454.3289020117422
Carrefour,Haiti,4846.972777006399
Denver,United States,1284.0601773901144
Charlotte,United States,1352.6694679743803
Augsburg,Germany,6561.569637328662
Indore,India,12428.47894816304
Wollongong,Australia,14733.370340974645
Houston,United States,755.1066640808335
Dire Dawa,Ethiopia,14464.70176567251
Cuernavaca,Mexico,3467.3703545333174
Tampa,United States,3503.7155888658663
Bondy,France,9087.003880488419
Agadir,Morocco,6897.410663106719
Bekasi,Indonesia,16564.930490949908
Montreuil,France,6988.329726066091
Gold Coast,Australia,11348.75880733656
Mezitli,Turkey,11748.440331499221
Wad Madani,Sudan,13856.952914249601
San Miguelito,Panama,5091.4398565956535
Nagercoil,India,15091.483052285781
Limoges,France,7218.364708519155
Vinnytsia,Ukraine,8944.722475537152
Roissy-en-Brie,France,6970.772540233178
Los Angeles,United States,5413.564770362292
Brasilia,Brazil,6303.102178009496
Paris,France,6995.730042262694
Singapore,Singapore,14062.97731096637
Licheng,China,12858.821087139802
Burlington,United States,4022.2000942111263
Kisangani,Democratic Republic of the Congo,11476.50807362786
San Bernardino,United States,1490.0070941490314
Kahramanmaras,Turkey,9891.463549427199
Taiping,Malasia,17092.74437293805
Adiyaman,Turkey,11627.453958156364
Medan,Indonesia,14396.90751352018
Fort-de-France,Martinica,694.4795992907401
Skokie,United States,38.152627393745206
Noisy-le-Sec,France,6961.804934711809
Saint-Germain-en-Laye,France,6092.65477801214
New York City,United States,2583.4243856543617
Taipei,Taiwan,11048.03061544684
Qazvin,Iran,10151.745447321973
Fukuyama,Japan,13804.427041840305
Newport News,United States,2293.8292930662774
Buenos Aires,Argentina,5905.745717730829
Leeds,United Kingdom,6719.305066020786
Las Rozas de Madrid,Spain,6402.903803568736
Brasilia,Brazil,6188.668848432615
Fort Portal,Uganda,14412.282938527056
Xinzhou,China,11260.077444779223
Istanbul,Turkey,9134.55225934769
North Las Vegas,United States,5189.755026331257
New York City,United States,2592.7217907340582
Contramaestre,Cuba,1062.7827306218442
Munster,Germany,7340.642577941551
Montgomery,United States,1437.8317079498324
Shijiazhuang,China,13776.294483980602
Holguin,Cuba,2028.5734916033978
San Francisco de Macoris,Dominican Republic,4962.764017629881
Hampton,United States,679.7168988228212
Chelyabinsk,Russia,9708.095796392761
Guyana,Venezuela,6036.449268868867
Puebla,Mexico,2579.857470991121
Rostock,Germany,7636.963103870633
Riyadh,Saudi Arabia,11270.469584627479
Arak,Iran,11112.931631128396
Chelyabinsk,Russia,9936.27372100614
Les Ulis,France,6938.01537768721
Tallinn,Estonia,7874.336306635237
Guangzhou,China,11152.538921495809
Feira de Santana,Brazil,4525.772931913971
Cordoba,Mexico,3223.6836011394453
Sakai,Japan,11372.141885095543
Lanzhou,China,13858.447486945935
Hobart,Australia,15831.302496474655
Neuilly-Plaisance,France,5869.474624334878
Mexico City,Mexico,3050.0861997496495
Noisy-le-Sec,France,7493.786295294962
Schwerin,Germany,7590.812644339563
Kremenchuk,Ukraine,10386.324072290965
Vannes,France,6050.946356880339
Basildon,United Kingdom,6296.548109868204
Santa Ana,El Salvador,2361.7112252376046
Guacara,Venezuela,5427.665946855032
Basra,Iraq,12684.316620143878
Delhi,India,11201.741854486774
Zhoukou,China,14240.629384509408
Cork,Ireland,8270.897416909045
San Pedro de Macoris,Dominican Republic,922.9838316865408
Zabrze,Poland,8463.385022296123
Paris,France,6950.250625786258
Yakarta,Indonesia,16443.9239557455
Palermo,Italy,7710.065788911263
Nom Pen,Camboya,16575.883278440648
Vassouras,Brazil,9499.100728775467
Villa Nueva,Guatemala,3006.195440673776
Viena,Austria,9687.19476338062
Carrara,Italy,7550.636959794661
Catia La Mar,Venezuela,2218.4540451522425
Manila,Filipinas,13700.377062496937
Port Moresby,Papua New Guinea,14633.651454589166
Itapevi,Brazil,8368.377266156762
San Miguelito,Panama,3844.987475626769
Apucarana,Brazil,7057.056065014542
Perth,Australia,15184.116739375157
Dover,United States,1338.3879044285175
Kowloon,Hong Kong,15519.428917498893
Bahia Blanca,Argentina,8982.161670798563
North Las Vegas,United States,2969.7992726880634
Panama City,Panama,5022.652149503632
Santo Domingo,Dominican Republic,5371.190269596742
Managua,Nicaragua,2415.159590963329
San Diego,United States,5299.626346846236
Hamilton,New Zealand,13704.43574858068
Mamak,Turkey,9466.095151024227
Apopa,El Salvador,2487.9397493414294
Southampton,United Kingdom,8759.625456357926
Naples,Italy,7119.810893659697
Aprilia,Italy,7758.07508879617
Vinnytsia,Ukraine,10027.465157477263
Anapolis,Brazil,4277.091202229257
Pucallpa,Peru,3080.806367414351
Kaduna,Nigeria,9786.816561578367
Bialystok,Poland,8094.698739127322
Luanda,Angola,9411.720290936935
Helsinki,Finland,8331.755991218592
Sonsonate,El Salvador,2540.8636862597873
Trier,Germany,6844.177219676354
Nicolas Romero,Mexico,2301.3678073012907
Barcelona,Spain,6880.91111561321
Norwich,United Kingdom,6915.058839015102
Nanterre,France,6652.052073628459
Marikina,Filipinas,16282.262535752589
Hirakata,Japan,9355.796212999769
Pierrefitte-sur-Seine,France,9080.45869775173
Monclova,Mexico,2973.1318940315928
Valencia,Venezuela,910.7379073122044
Capannori,Italy,7591.780375511179
Dourados,Brazil,4648.803508714346
Wagga Wagga,Australia,16205.588677656337
Manila,Filipinas,12044.293013050006
Van,Turkey,9783.323205880874
Cairo,Egypt,9717.835091046949
Spanish Town,Jamaica,1120.2664550366067
Lima,Peru,3555.446307392155
Huancayo,Peru,6133.6171427996
Jos,Nigeria,8975.280918919127
Kankan,Guinea,6186.6115888378845
Freeport,United States,1287.567413636767
San Luis Potosi,Mexico,2180.1092819429064
Maringa,Brazil,7448.081677227069
Lowestoft,United Kingdom,6428.8868079786125
Nom Pen,Camboya,14162.504484273553
Portici,Italy,9355.617711068151
Pekanbaru,Indonesia,14252.683313390684
Stavanger,Norway,7264.308796715232
Tianjin,China,13617.72575996796
Cosenza,Italy,9835.772570277557
Chelmsford,United Kingdom,6037.712019814779
Bokaro,India,13023.47429997277
Granollers,Spain,6459.196935021103
Santo Domingo,Dominican Republic,2511.901948234402
Daqing,China,7950.105483945336
Bourges,France,6945.793720337835
Qiqihar,China,12611.821153283923
Bhubaneswar,India,13319.935548793512
Huehuetenango,Guatemala,2154.0587130468857
Oceanside,United States,5321.622707651169
Venice,Italy,7713.715574127252
Emden,Germany,8866.815716840922
Zhuhai,China,13383.03070246701
Santo Domingo,Dominican Republic,412.8413450857181
Naples,Italy,7933.447209021594
Pozzuoli,Italy,7978.463248953242
Paris,France,6921.9562323668015
Stuttgart,Germany,7454.065052043415
Santo Domingo,Dominican Republic,2522.251198275538
Choloma,Honduras,1522.475698018055
Huehuetenango,Guatemala,3531.5961718922085
Champaign,United States,2283.9287967457008
Jeddah,Saudi Arabia,11562.602759705329
Hyderabad,Pakistan,11724.70545737103
Cork,Ireland,8043.279198005872
Jieyang,China,13853.318422472925
Vigo,Spain,6001.659283433889
Cuajimalpa,Mexico,2170.4982552272295
Cuernavaca,Mexico,2530.9912215990244
Bulawayo,Zimbabwe,12475.398052407687
Villahermosa,Mexico,2809.2087589052057
San Francisco,United States,5825.875948944591
Mufulira,Zambia,10925.52142602058
New York City,United States,2594.7104228428816
Quetzaltenango,Guatemala,2708.172418076547
Istanbul,Turkey,9136.740674175715
Noisy-le-Sec,France,6713.071520931635
Cassilandia,Brazil,4433.00149934286
Cankaya,Turkey,9463.236951283105
Townsville,Australia,14360.102151811867
Brisbane,Australia,15880.16206204981
Wuhan,China,14602.467931716932
Utrecht,Netherlands,8202.503972369985
Shenzhen,China,15487.047130731504
Lahore,Pakistan,11580.731910396691
Sao Paulo,Brazil,5094.536896046821
Irun,Spain,6811.072611056138
San Salvador,El Salvador,2492.2453258760893
Philadelphia,United States,2547.9168853192527
Portmore,Jamaica,4389.100398253494
Barnsley,United Kingdom,7831.345231524524
Wellington,New Zealand,13724.449409280485
Brescia,Italy,7007.554404223959
Eindhoven,Netherlands,8813.963809165609
Hamburgo,Germany,6146.424216052716
Apodaca,Mexico,3579.266318919095
Yakarta,Indonesia,18484.731913050273
The Hague,Netherlands,7107.409073738917
Juarez,Mexico,4285.680458567603
Madrid,Spain,9387.714802990018
Matehuala,Mexico,3601.68479999107
Nuremberg,Germany,7587.145672858752
San Salvador,El Salvador,3156.4774281150844
Lakeland,United States,2912.592909165636
Navegantes,Brazil,5345.198458710505
Lakeland,United States,1923.7984276794562
Stockport,United Kingdom,6673.4556037422535
Columbus,United States,670.3942433256764
Murcia,Spain,6429.431582309621
Burbank,United States,5416.800935823862
Berlin,Germany,9004.816529678183
Makhachkala,Russia,11345.95835550585
Passaic,United States,2643.0821108701925
Adelaide,Australia,14826.254442601568
Annecy,France,7227.83041365479
Navegantes,Brazil,5349.622658088629
Cainta,Filipinas,16285.164030609312
Capannori,Italy,7594.009845954701
Santiago de Cuba,Cuba,3652.484251379137
Apopa,El Salvador,3205.8108445186604
Sao Paulo,Brazil,10425.676615402119
Lebanon,United States,2782.819493067349
Viena,Austria,7131.361447505395
Carrefour,Haiti,2954.8496792853657
Boca Raton,United States,1671.712253709834
Athens,United States,2426.652334935738
Recife,Brazil,7701.348878621293
Pekalongan,Indonesia,18683.964435693717
Vadodara,India,12117.771595503566
Lafayette,United States,1310.2281654493408
Brescia,Italy,9801.282218891103
Jember,Indonesia,15257.141979434718
Namibe,Angola,9429.17192000005
Franca,Brazil,7523.9115990599
Woking,United Kingdom,6767.890187113116
Salem,United States,1373.2266092749185
Mogi das Cruzes,Brazil,5118.126926796376
Klagenfurt,Austria,7851.166644679757
Basildon,United Kingdom,11139.06142972569
Newark,United States,2605.310733797025
La Ceiba,Honduras,1782.1641662844977
Roanne,France,9424.35664836102
Basel,Switzerland,7314.024985708491
Arkhangelsk,Russia,8394.380649486662
Gujranwala,Pakistan,11629.368901796934
Agadir,Morocco,6882.310659211814
Lyon,France,7127.47160313804
Torremolinos,Spain,9621.292382310656
Birmingham,United Kingdom,7441.079298944091
Faches-Thumesnil,France,7350.776663070966
Algiers,Argelia,6428.421224936034
Montmorency,France,9043.94984392769
Sevran,France,9087.495726038094
Albertville,France,9582.010053251319
Auckland,New Zealand,10463.50155043635
La Teste-de-Buch,France,7935.766047463157
Leon,Nicaragua,3147.031242832903
Mont-de-Marsan,France,5857.133038896248
Santo Domingo,Dominican Republic,2925.569003485507
Manila,Filipinas,16292.343344738978
Taiping,Malasia,14923.0324803033
Bogota,Colombia,3878.8242065072554
Bremen,Germany,9056.03788750248
Mangalore,India,13516.039594696333
Tabuk,Saudi Arabia,9629.87217632927
Noisy-le-Sec,France,6959.150174189212
New York City,United States,1091.6841593454633
Manila,Filipinas,13840.734689166937
Kayes,Mali,9654.634441918752
Elx,Spain,9709.990458099575
Asiut,Egypt,12507.688605820862
Moers,Germany,6531.052874779772
New York City,United States,2597.043622397988
Luanshya,Zambia,14200.692401848146
Aracatuba,Brazil,9594.637215080102
Soyapango,El Salvador,3698.0395647827067
Panama City,Panama,3073.4997898990723
Bruges,Belgium,8954.802194035154
Bukavu,Democratic Republic of the Congo,10621.208344631812
Wetter (Ruhr),Germany,6201.660136026579
Jalna,India,14119.652276718874
Franconville,France,8262.24559765383
Dos Quebradas,Colombia,1649.4493073469473
Mons-en-Baroeul,France,7015.750874423756
La Romana,Dominican Republic,2285.82556146629
Sagunto,Spain,6708.713393503591
Aurangabad,India,13503.0632745467
Houston,United States,2604.3818011036046
Nanning,China,15423.21036937417
Benin City,Nigeria,9377.759174451623
Westminster,United States,1159.3797437082521
New York City,United States,2591.767555353537
Thane,India,13948.792426201639
Wagga Wagga,Australia,15245.064768135744
Palembang,Indonesia,18043.48275036553
Solihull,United Kingdom,7993.267427037114
Oceanside,United States,5325.77005859561
Brescia,Italy,8355.493279406179
Alicante,Spain,6693.146280818653
Espoo,Finland,8315.860430706773
Cholula,Mexico,2391.8462650058614
Lafayette,United States,2910.7896095487586
Presidencia Roque Saenz Pena,Argentina,7725.736885818138
Paris,France,7978.912632400545
Wollongong,Australia,15925.166253084413
Brisbane,Australia,12674.543048411042
Kabul,Afghanistan,12518.880523205553
Garforth,United Kingdom,6752.559117401631
Tours,France,6470.410133629494
Sakaka,Saudi Arabia,10524.911322566904
Whyalla,Australia,14014.62337828879
Santo Andre,Brazil,7179.664877118876
Puebla,Mexico,3335.5613411409267
Houston,United States,1348.2826337551712
Aylesbury,United Kingdom,6754.955708632716
Dar es Salaam,Tanzania,12487.772514566754
Piedras Negras,Mexico,2260.3231480585805
Monterrey,Mexico,1437.6327867082853
Tallaght,Ireland,7229.278142531738
Aix-en-Provence,France,6753.535174082223
Cucuta,Colombia,1319.4585140545064
Hamburgo,Germany,7190.443096129533
Camaguey,Cuba,2826.9651110329055
Gummersbach,Germany,9189.516945541061
Palermo,Italy,10342.813981894673
Kharkiv,Ukraine,10009.466298632842
Springfield,United States,2430.879579108026
Nanning,China,12000.974646778399
Belgorod,Russia,9341.43744682067
Tuscaloosa,United States,856.3347607147956
Milan,Italy,6178.447560040502
Seattle,United States,2899.920742888217
Huainan,China,14368.95336751384
Cardenas,Cuba,1631.947580391237
Bucaramanga,Colombia,1430.8648892132617
Cormeilles-en-Parisis,France,8421.623093375356
San Pedro Sula,Honduras,3511.9608881275267
Duque de Caxias,Brazil,5183.081606590013
Edmonton,Canada,2132.296189752181
Ezhou,China,10956.283283787921
Tlaquepaque,Mexico,2743.643566729286
Beijing,China,10705.120183014162
Arbil,Iraq,10549.642242939588
New York City,United States,4110.719331153685
Derby,United Kingdom,7893.70406566704
San Francisco,United States,2193.333138088535
Santo Domingo,Dominican Republic,5375.679919634084
Charleroi,Belgium,9103.40356127215
Villejuif,France,6949.349558427799
San Francisco,United States,862.686023526923
Santo Domingo,Dominican Republic,5117.833972326923
Lahore,Pakistan,12079.038051204345
Elx,Spain,8643.557414544035
Namur,Belgium,5992.3154165122805
Kampala,Uganda,12149.086320617242
Istanbul,Turkey,11050.6122229848
Mexico City,Mexico,3452.9485580380474
Los Angeles,United States,3238.76560880219
Sao Paulo,Brazil,10064.44177777737
Suzhou,China,14465.989127332427
Antwerp,Belgium,7120.217413395088
Cleveland,United States,1435.9457550021996
Budapest,Hungary,8194.16595252131
Hangzhou,China,14593.646630226614
Tremblay-en-France,France,6779.03195592491
Hailin,China,12831.64646172941
Noisy-le-Sec,France,9106.641089863475
Mianyang,China,12095.008348696285
Kryvyy Rih,Ukraine,9223.08601338976
Nuevo Laredo,Mexico,2433.455706642372
Puertollano,Spain,6377.1235277643855
Kalundborg,Denmark,6553.4263200380665
Antiguo Cuscatlan,El Salvador,3889.791032883518
Argentan,France,6773.766054043861
Plantation,United States,1670.187247228827
Hanoi,Vietnam,12910.153651157749
Aba,Nigeria,12856.295645626707
Vitry-sur-Seine,France,9125.813265807445
Perth,Australia,18016.744721736468
New York City,United States,3397.3167585902047
Santiago de los Caballeros,Dominican Republic,2404.911085324699
Metepec,Mexico,2390.463439661752
Winnipeg,Canada,1326.2785421446758
Carcassonne,France,6931.762791240064
Tongi,Bangladesh,14287.004628580744
Limoeiro do Norte,Brazil,4043.4944600318654
Novo Gama,Brazil,4289.542534925524
Gilbert,United States,2702.896786072793
Patrocinio,Brazil,7752.986027074293
Domont,France,6951.564751847215
Bari,Italy,9689.410028910908
Holon,Israel,9919.557458133433
Graz,Austria,7548.2353772614215
Managua,Nicaragua,3161.5054862965094
Westminster,United States,1762.6122564993104
Lakeville,United States,2441.5595763671067
Altamira,Brazil,5498.766996221992
Ipoh,Malasia,17132.517918306352
Los Angeles,United States,5411.651413085831
Duisburg,Germany,7257.009924939032
Gdansk,Poland,7292.90100517677
Barranquilla,Colombia,1214.6592678500353
Queretaro,Mexico,2020.5809428808009
Manresa,Spain,6889.447671149738
Dreux,France,6876.158071083262
Meerut,India,13710.098444131116
Vanves,France,6949.4618435433795
Barnsley,United Kingdom,5426.787980856994
Wheeling,United States,677.4998959384727
Santa Clara,Cuba,1680.6038821604259
Kanpur,India,11489.546173925772
Draguignan,France,7263.615777308248
Kayes,Mali,7974.047244982964
Rovigo,Italy,7715.632932031214
Krefeld,Germany,8425.92495156446
Bangalore,India,14739.961263709338
Nijmegen,Netherlands,5961.445389892161
Tlalnepantla,Mexico,3436.7007211635237
Borujerd,Iran,12398.86867913313
Ciego de Avila,Cuba,2118.4835724078775
Gold Coast,Australia,15462.41061301309
Coimbra,Portugal,6423.957575522566
Casablanca,Morocco,8568.79745044496
La Ceiba,Honduras,4052.7174604007564
Loubomo,Republic of the Congo,13919.14802173331
Antalya,Turkey,9419.387864711704
Puebla,Mexico,3469.730472168196
Denver,United States,1328.5278302748245
Toledo,United States,3068.95596521189
San Pedro Sula,Honduras,2325.6359123731336
Taranto,Italy,10551.977563660357
San Jose,United States,5776.715591336065
Leeds,United Kingdom,6009.4762019499385
Cassilandia,Brazil,8853.67208886475
Langen,Germany,6832.806683116128
Invercargill,New Zealand,14149.311865197991
Merida,Mexico,1301.2093364917937
Berlin,Germany,6777.294363789333
Jodhpur,India,13539.146001220632
Cormeilles-en-Parisis,France,6463.626104667599
Sao Paulo,Brazil,5092.3248648555855
Roswell,United States,1534.4416272065612
Apodaca,Mexico,2932.297977959381
Velbert,Germany,6564.346599670025
La Vega,Dominican Republic,468.66421125029615
Velletri,Italy,7793.196763584672
Arlington,United States,3460.764267656942
Bangkok,Thailand,16177.254312798525
Highland Park,United States,2929.3114483077525
San Salvador,El Salvador,2492.9259979171748
Bochum,Germany,7312.519023765606
New York City,United States,766.4507574009939
Santo Domingo,Dominican Republic,3434.91292632759
Vaughan,Canada,403.4122673835222
Gold Coast,Australia,15867.653287100093
Trinidad,Bolivia,3660.9484916533347
Barra Mansa,Brazil,5112.971639348825
Metepec,Mexico,2463.267202484432
Saint-Louis,France,7997.8803718494555
Colorado Springs,United States,1073.2636719901982
Padang,Indonesia,17615.87109659893
San Pedro Sula,Honduras,3005.378522588049
Panama City,Panama,2680.7725576660096
Darwin,Australia,18078.704891330457
Redmond,United States,3863.822748517995
Chaville,France,8272.726636491043
Henderson,United States,3327.532365096714
Vitoria,Spain,6540.989927269101
Qiqihar,China,9457.591773026677
Ocana,Colombia,5581.470615111441
Mangalore,India,14544.998073189216
Jinan,China,11525.239307070971
Saint-Michel-sur-Orge,France,6947.073649346492
Panama City,Panama,4466.3351326016655
Wheeling,United States,3316.821908798107
Yakarta,Indonesia,18485.334807768624
Coral Springs,United States,1852.253121916149
Columbus,United States,621.5486955640107
Porto-Novo,Benin,9187.919583684805
Taizz,Yemen,11620.132431998854
Juarez,Mexico,837.9444916325618
Braga,Portugal,9000.805648822095
Jackson,United States,2846.8436076622493
Coslada,Spain,7217.395736697241
Chengdu,China,14494.257280012336
Dublin,Ireland,5900.7927448690725
Utrecht,Netherlands,6802.500839939826
Caloundra,Australia,13870.458377587138
Panama City,Panama,3692.3469978849193
Huehuetenango,Guatemala,2705.8003441032815
Bento Goncalves,Brazil,7242.020488874442
Fremont,United States,5783.045942201637
Mumbai,India,13532.04525328057
Lublin,Poland,7242.239956373076
San Francisco,United States,4302.8069194704685
Los Mochis,Mexico,1802.9072395879186
Newcastle upon Tyne,United Kingdom,6266.1937539513365
Nakuru,Kenya,11341.12109527633
Tegucigalpa,Honduras,2272.6627179643738
Velletri,Italy,6868.116186959895
Nacka,Sweden,8553.655144628317
Swansea,United Kingdom,8224.279453085863
Gonaives,Haiti,2761.9342833329297
Bishkek,Kyrgyzstan,12152.99952485931
Venice,Italy,9887.348618122156
Redditch,United Kingdom,8574.54218693556
Naples,Italy,10057.5753685208
Mahajanga,Madagascar,12900.248234205226
Valenciennes,France,8775.319760235052
Bari,Italy,7538.380274663702
Paterson,United States,31.649605006205068
Sidi Qacem,Morocco,9662.676751881656
Leipzig,Germany,6850.3030508410375
Tehuacan,Mexico,2547.910620035118
Parma,Italy,9745.347365616806
Upsala,Sweden,8938.68631912046
Mixco,Guatemala,2519.7576676911403
Choloma,Honduras,2315.746869984031
Puebla,Mexico,2547.6400715317363
Wuchuan,China,13836.481721759073
Farnborough,United Kingdom,5883.188536195442
Viena,Austria,7983.826337012852
Ituiutaba,Brazil,4510.29349886421
Queanbeyan,Australia,13845.278940143975
Espoo,Finland,8307.0545350647
Caloundra,Australia,14774.071470680821
Christchurch,New Zealand,14098.35665339872
Pearland,United States,3186.7088479487734
Irkutsk,Russia,9504.920371082348
San Antonio,United States,2614.1567302335325
Sialkot,Pakistan,13023.09325245044
Lyon,France,6922.359695247969
Rasht,Iran,11526.254636724509
Benghazi,Libya,11465.026376790607
Balikpapan,Indonesia,18093.303630568862
Los Angeles,United States,73.06116841876748
Brisbane,Australia,11447.20047368178
Miami,United States,4329.892611398029
Porto-Novo,Benin,10882.52637036381
San Pedro de Macoris,Dominican Republic,2921.4487091291107
Port Macquarie,Australia,15823.629628087505
Chicago,United States,959.6236213345774
Covington,United States,286.0134199056508
Lagos,Nigeria,10567.586574281186
Colon,Panama,4073.2840737049755
Shenzhen,China,15486.207949495969
Chaville,France,6939.444514646864
Calgary,Canada,3082.341491747605
Mesa,United States,3443.553704983659
Lunel,France,9545.318471038929
Dreux,France,9068.111674697528
Badalona,Spain,6924.01913556974
Buenos Aires,Argentina,5907.836242370564
Esteli,Nicaragua,2216.0167685386496
Xuzhou,China,14183.799021120365
Aurora,United States,1206.5389823078356
Glasgow,United Kingdom,6616.434427404767
Benghazi,Libya,11484.964078121984
San Salvador,El Salvador,2492.2121256257974
Saint Cloud,United States,2305.074519328075
Cassilandia,Brazil,4415.745883084949
Mexico City,Mexico,3453.48328859115
London,United Kingdom,6804.115429666762
Uvira,Democratic Republic of the Congo,10733.232340367207
Herten,Germany,7300.463082844031
Bundaberg,Australia,15969.243294607166
Metepec,Mexico,2481.7181754555027
Veracruz,Mexico,3227.180275501046
Lisbon,Portugal,5940.621231781001
Thiruvananthapuram,India,15048.161038386259
Chelyabinsk,Russia,8712.916515560995
Barranquilla,Colombia,1215.4739970180372
Kokshetau,Kazakhstan,11017.602640250183
Vigo,Spain,6015.263469025312
Chicago,United States,3307.111727469817
Multan,Pakistan,11713.108308793224
Monterrey,Mexico,2937.390078668354
Tegal,Indonesia,16288.01147446488
Magdeburg,Germany,7591.925567272069
Afyon,Turkey,9350.469354433306
Wels,Austria,7810.290174805294
Buenos Aires,Argentina,8621.59233704071
Kendari,Indonesia,14770.384910817449
Bangkok,Thailand,14051.981582657614
Grand Prairie,United States,1088.5672627541844
Ceuta,Spain,5848.46210789839
Xiamen,China,11124.847746560532
Santo Domingo,Dominican Republic,2471.471732269511
Tegucigalpa,Honduras,4067.7960739703108
Casablanca,Morocco,7165.978130167676
Breda,Netherlands,6842.184876783695
Chongqing,China,12171.786523600465
Gold Coast,Australia,15836.153716404771
Gold Coast,Australia,11396.762037095816
Mount Gambier,Australia,16598.402163055507
Merida,Mexico,2456.1497543679684
Tegucigalpa,Honduras,2272.611472967455
Kukatpalli,India,14496.431950999593
San Salvador,El Salvador,3580.1376498091954
Anaheim,United States,1964.1561819684264
Villa Canales,Guatemala,3526.794799999276
Brumado,Brazil,4499.378790243055
Ahvaz,Iran,11179.525288657695
Cuernavaca,Mexico,2732.329135803545
Riyadh,Saudi Arabia,12088.155726641704
Marsala,Italy,7827.426657229757
Soyapango,El Salvador,2487.25990951827
Los Angeles,United States,5414.258181851882
Rome,Italy,7707.882344742933
Saint-Michel-sur-Orge,France,9167.54896183619
Zahedan,Iran,12592.408003287164
Bremen,Germany,7090.885739332599
Firozabad,India,13675.214008591844
Mechelen,Belgium,7088.84624624851
Tegucigalpa,Honduras,2272.9549226287463
Santa Fe,Argentina,5406.231359872012
Ludhiana,India,13238.540511405266
Philadelphia,United States,1161.8107107805636
Martigues,France,9690.251823408753
Wuhan,China,11540.056948922493
Melbourne,Australia,15652.392305500549
Shkoder,Albania,8341.263126345508
Silao,Mexico,3682.5763943819998
Wigan,United Kingdom,8241.634707301024
Paris,France,6950.554676254805
Tegucigalpa,Honduras,2272.9978602258725
Zamora,Spain,6243.168092931735
Seuol,South Korea,11578.37251892227
Mendoza,Argentina,5979.484068824818
San Francisco de Macoris,Dominican Republic,2688.3628422409834
Quchan,Iran,11596.7079889672
Livry-Gargan,France,6456.924877489609
Antwerp,Belgium,6085.8498287411685
Porirua,New Zealand,13760.888097382576
Missouri City,United States,1879.2655525402774
Philadelphia,United States,720.9746427860854
Kartal,Turkey,10023.324625339377
Berlin,Germany,7729.5583304285465
Takasaki,Japan,8651.079739499193
Hayange,France,6067.309223105466
Viena,Austria,9545.165870581624
Venice,Italy,6701.167039164268
Trieste,Italy,7826.292566354173
San Francisco,United States,3159.14872402436
Choloma,Honduras,2913.2990539685507
Nice,France,7303.293096692823
Chicago,United States,3305.7718499333814
Los Angeles,United States,5412.5808904561245
Newcastle,South Africa,13774.614554391255
Cluses,France,8733.798452854242
Omaha,United States,647.3386655326528
Vitoria da Conquista,Brazil,8229.17504413747
Bremen,Germany,7419.111411494011
Ponte Nova,Brazil,7814.676877326507
Fatehpur,India,13984.863197471424
Brentwood,United States,4473.209793672238
Colchester,United Kingdom,5704.940016131067
Santo Domingo,Dominican Republic,3510.139897176445
Darmstadt,Germany,7433.1199111048945
Los Angeles,United States,18.861713246770304
Hyderabad,Pakistan,11715.76639815958
Mexico City,Mexico,2690.7553597532687
Pulheim,Germany,6402.743342829099
Jonesboro,United States,3083.8715746174635
Dortmund,Germany,7325.663839857828
Fatehpur,India,12312.219169745038
Berlin,Germany,7729.701474014893
Caracas,Venezuela,5830.8429427862875
David,Panama,2048.7583156304167
Ho Chi Minh City,Vietnam,13987.601997114009
New York City,United States,2468.5224688380995
Mutare,Zimbabwe,11576.665384124526
Olivet,France,8841.495635987585
New York City,United States,2595.2701128450453
Benxi,China,10244.578235900464
Semarang,Indonesia,16752.720843615636
La Ceiba,Honduras,1858.9892801416331
Naples,Italy,10525.355850122989
Agde,France,7330.239391288437
Dublin,Ireland,5475.103439659874
Maringa,Brazil,4868.084606351907
Viena,Austria,7987.812394568253
Camaguey,Cuba,1256.5898619620725
Brisbane,Australia,15879.352799956027
Changwon,South Korea,13881.981111215224
Mexico City,Mexico,2397.498221236086
La Baule-Escoublac,France,6586.284027237884
Panama City,Panama,3420.196743497959
Lewiston,United States,512.3077413022942
Valenciennes,France,6399.278516586743
Nicosia,Cyprus,10381.428228768911
Yaounde,Cameroon,8603.998562984112
Cuxhaven,Germany,7414.95868527672
Tegucigalpa,Honduras,2273.124317447841
Puerto Padre,Cuba,2250.253390982643
Luoyang,China,14148.720877209413
Perpignan,France,6974.2110878075655
Athens,United States,2428.0442072479723
Mackay,Australia,12783.331426609691
Senhor do Bonfim,Brazil,8378.618648024323
Puebla,Mexico,3423.7693254958067
Jixi,China,12679.079713590656
Wollongong,Australia,15158.439566873503
Lusaka,Zambia,15540.126980093739
Holguin,Cuba,2289.6315417478913
Gummersbach,Germany,7336.4436942795965
Patna,India,13544.479754480826
San Francisco de Macoris,Dominican Republic,3491.133983603922
Crotone,Italy,8180.376931962295
Clamart,France,6596.031877376218
Doncaster,United Kingdom,5536.240246430983
Avon,France,6750.877022585693
Juarez,Mexico,935.8427973698492
Tegucigalpa,Honduras,2273.020994181576
Waterbury,United States,4009.7115203417125
Castellammare di Stabia,Italy,9219.016946834938
Cairo,Egypt,12303.722368301052
Poole,United Kingdom,8691.66849637822
Puebla,Mexico,2161.655453432702
San Pedro Sula,Honduras,3712.9291004040456
Firminy,France,6391.6142301878635
Ulaanbaatar,Mongolia,10376.278753610926
Tallaght,Ireland,6415.385170659451
Rangoon,Myanmar (Burma),13532.267549195647
Leon,Nicaragua,3719.1654241335036
Cuscatancingo,El Salvador,3142.5091181581474
Gold Coast,Australia,15833.89111461961
Turin,Italy,7075.452706599753
Mashhad,Iran,10376.444778258721
Cuajimalpa,Mexico,3502.79761711722
Neu-Ulm,Germany,7511.981798041647
Villa Nueva,Guatemala,2618.109007993888
Cannes,France,7310.481874291869
Santa Cruz de la Sierra,Bolivia,6344.867097916125
Augsburg,Germany,8251.134196954614
West Palm Beach,United States,1956.6970344857373
Brentwood,United States,5762.186598169532
Poltava,Ukraine,9547.919643992598
Paris,France,7527.274355368243
Manila,Filipinas,14084.907565940783
Le Havre,France,6791.1835009642455
Brest,France,5614.543502181645
Manila,Filipinas,14043.987864375655
Satu Mare,Romania,7698.061231260422
Akron,United States,2916.5390388601777
Las Rozas de Madrid,Spain,6405.635015591047
Naples,Italy,9959.353250201253
Bulawayo,Zimbabwe,12242.115696713052
Huehuetenango,Guatemala,2389.865796259705
Pretoria,South Africa,11317.572164277992
Istanbul,Turkey,9508.883945381873
Mbeya,Tanzania,16002.053279585927
Progreso,Mexico,2464.2757700669767
Orsay,France,9121.402675535297
Dublin,Ireland,6426.932080222599
Bayonne,France,6619.753686901729
New York City,United States,1910.4530182038518
Coyoacan,Mexico,3453.342858697863
Monterrey,Mexico,3591.456985521502
Mexico City,Mexico,1490.1309497739153
New York City,United States,2591.940340213544
Matehuala,Mexico,3131.243513616471
Cuiaba,Brazil,3900.285064873798
Vannes,France,5623.922348669066
Esteli,Nicaragua,3741.265449777072
Ahvaz,Iran,11179.379384520806
Sheffield,United Kingdom,6968.124534800591
Pinar del Rio,Cuba,1920.909878337933
Milan,Italy,7940.320736689872
San Juan de la Maguana,Dominican Republic,8562.50378391607
Navegantes,Brazil,7640.0804435820055
Pavlodar,Kazakhstan,10560.579372828863
Izmir,Turkey,9064.122586303698
Soyapango,El Salvador,2488.34947675611
San Cristobal de Las Casas,Mexico,2792.440347291069
Redditch,United Kingdom,6687.7138102697245
Brest,France,8745.555940186518
Mulhouse,France,7054.352309819274
Port Moresby,Papua New Guinea,16288.20808896313
Tallaght,Ireland,4994.707942224352
Surabaya,Indonesia,16049.81920599011
Shihezi,China,12533.735924484512
Grosseto,Italy,7660.590772818305
Chinandega,Nicaragua,3908.6231634054134
Canberra,Australia,16054.001448876867
Lille,France,5972.283117973485
Purwokerto,Indonesia,18715.367568354315
Lubumbashi,Democratic Republic of the Congo,13894.66210902479
Lyon,France,7610.024502477679
Mangalore,India,14699.331864131556
Lakeland,United States,1923.8131938822503
Caloocan,Filipinas,13386.105806702975
Qom,Iran,10747.50199802316
Kanpur,India,13022.317310763427
Petapa,Guatemala,3334.6156618475025
Tegucigalpa,Honduras,2145.934200585911
Houston,United States,2166.1274107902127
Mixco,Guatemala,3850.3899705089693
Muzaffarpur,India,14227.828314830682
Ardebil,Iran,10733.435821666795
Fatehpur,India,12866.217898036813
Kenosha,United States,1329.604887407761
Suwon,South Korea,9692.596422657125
Springfield,United States,1282.9931774201884
Los Angeles,United States,1796.5752247721855
Albury,Australia,15337.374128844012
Mackay,Australia,12552.185854267123
Benin City,Nigeria,9219.800630026277
Panama City,Panama,3375.5993881060836
Toul,France,9280.909498277106
Maracaibo,Venezuela,1015.3027842313994
Lugo,Spain,8799.52795210496
Sunderland,United Kingdom,7078.361793723866
Marietta,United States,1043.068025580759
Kryvyy Rih,Ukraine,9227.806880725735
Indaiatuba,Brazil,5022.126297946901
Stockport,United Kingdom,8548.962806714413
Vesoul,France,7226.6746579654355
Hobart,Australia,16102.311725041038
Jieyang,China,15365.820733176453
Viena,Austria,7382.12322840913
Panama City,Panama,1754.6737967135698
Atlixco,Mexico,2254.257870633654
Auburn,United States,1374.1636288577306
Riyadh,Saudi Arabia,11294.607084488363
Nice,France,7325.076441179994
Wolfsburg,Germany,8871.025824757442
Malayer,Iran,11034.623245729397
Springfield,United States,3274.09671647709
Mantes-la-Jolie,France,6904.344278434035
San Pedro Sula,Honduras,3093.882993641465
Sancti Spiritus,Cuba,1438.950364584431
Redlands,United States,2974.232785926815
Fontenay-aux-Roses,France,8481.825640091165
Gyor,Hungary,8084.8009928335505
Berlin,Germany,7727.447368747265
Nom Pen,Camboya,16570.502432236543
Bremen,Germany,9088.883279415875
Mixco,Guatemala,2616.6412724796
Warangal,India,13897.811407878216
Coulommiers,France,8890.954617185093
Qena,Egypt,10057.704698399557
Kanpur,India,13899.728408986968
Hermosillo,Mexico,2953.570149742159
Goulburn,Australia,16020.915859059029
Norderstedt,Germany,6936.214335920989
Kahramanmaras,Turkey,8799.429164207166
Bendigo,Australia,12861.436953322922
Saint-Malo,France,8882.34675152911
Arauca,Colombia,1379.6496529382991
Canberra,Australia,16051.875126982806
Paris,France,6179.717526434745
Choloma,Honduras,3637.704752662593
San Salvador,El Salvador,3582.4815725929766
Rome,Italy,10260.712652196926
Montpellier,France,7053.66922585443
New York City,United States,241.43421767518632
Magdeburg,Germany,6518.530699111694
Bangkok,Thailand,13854.570143252145
Garforth,United Kingdom,8079.177238750025
Resende,Brazil,5099.849202074024
Siauliai,Lithuania,8330.52293482848
Cuyahoga Falls,United States,117.96728874785643
San Francisco,United States,5826.798660380763
Plantation,United States,3688.1936343147795
Mexico City,Mexico,3453.1053704785695
Apodaca,Mexico,2015.2514766649713
Stoke-on-Trent,United Kingdom,6681.871690738803
Rouen,France,7599.705064112154
Sheffield,United Kingdom,8490.736704655745
Guangzhou,China,15431.334053718405
Palembang,Indonesia,15773.310826327894
San Francisco,United States,5827.750442167254
Panama City,Panama,4850.7939439072325
Winnipeg,Canada,4454.864862361811
Sydney,Australia,14857.731328946778
Bacolod City,Filipinas,11872.082552158905
Jieyang,China,12796.894748490187
Taboao da Serra,Brazil,7893.600755131627
Santo Domingo,Dominican Republic,1674.6166900481323
Reims,France,5980.788203468592
Santa Ana,El Salvador,3227.519841877002
Sorriso,Brazil,3605.698134140097
Stafford,United Kingdom,6598.9708392982275
Riyadh,Saudi Arabia,11124.370949974518
Nampula,Mozambique,16865.577421136124
Akron,United States,1975.4884655272244
San Pedro Sula,Honduras,3108.0827102126145
Seattle,United States,3341.951743365156
Kurashiki,Japan,13779.954071561497
Sheffield,United Kingdom,6015.453092786884
Jequie,Brazil,8611.329339036918
Karlsruhe,Germany,9382.122694802854
Alexandria,Egypt,11824.045209797334
Milan,Italy,8798.27190570092
Ilorin,Nigeria,7716.007070686201
Santa Rosa,Brazil,8450.299360703366
Brindisi,Italy,8220.488640580263
Trinidad,Bolivia,7895.287375238452
Fairfield,United States,564.497645173858
Bremen,Germany,6809.1461475562855
Ujjain,India,13011.559181895836
Durgapur,India,13772.20451538008
Brisbane,Australia,11551.633627526528
Santiago de los Caballeros,Dominican Republic,4944.10032604252
San Pedro de Macoris,Dominican Republic,2344.019472080879
Huyton,United Kingdom,6650.830506339597
Santo Andre,Brazil,5116.210333488159
Thornton,United States,3924.156036198783
San Francisco,United States,579.5786706579725
Port Elizabeth,South Africa,13613.195038349824
Houston,United States,3202.707423080958
Soyapango,El Salvador,3332.4970564843347
Poznan,Poland,7950.7018686331585
Toulouse,France,9585.754407702685
Depok,Indonesia,16540.58648065029
Porto Alegre,Brazil,10089.613800620966
Kerman,Iran,11962.722766314937
Korce,Albania,7024.467108870227
Tiflis,Georgia,11175.764629431256
Jonesboro,United States,831.2876768670426
Jacksonville,United States,1295.865804863458
Hangzhou,China,10163.618816638182
Duisburg,Germany,7274.195733450778
Tarbes,France,6769.551203862099
Gold Coast,Australia,15096.27965332306
Atlanta,United States,556.5691067977551
Arezzo,Italy,7692.668702165539
Ahvaz,Iran,12351.833163487543
Panama City,Panama,2772.2427748253
Esteli,Nicaragua,2214.9604685808367
Pretoria,South Africa,13966.350535455425
Karlsruhe,Germany,7392.340039705191
David,Panama,1546.7837599224617
Farnborough,United Kingdom,6754.019344937285
Arak,Iran,10065.980235078909
Cedar Hill,United States,1919.5234037156795
Zabol,Iran,12826.266837380483
La Romana,Dominican Republic,2712.535017852702
Farnborough,United Kingdom,8510.41563178166
Kerman,Iran,11989.33186463993
Amadora,Portugal,5930.480952242592
Marseille,France,7839.372430446246
Ankara,Turkey,8959.10569429129
Cardenas,Cuba,4163.869873947427
Cape Town,South Africa,10663.966373678115
Manila,Filipinas,11810.924348201137
Curitiba,Brazil,8397.694522686625
Marseille,France,9694.440603610437
Cuyahoga Falls,United States,875.9938933865825
Nelson,New Zealand,13286.273217417778
Yakarta,Indonesia,14385.063064200434
Chennai,India,14179.625413357931
Mexico City,Mexico,3453.126411702705
Wellington,New Zealand,13757.052019095776
Bekasi,Indonesia,18502.743199432545
Seattle,United States,3202.7726198798114
Helmond,Netherlands,6386.405207618937
Rasht,Iran,9642.71071781114
Mumbai,India,13641.28485163
Mesa,United States,1193.3571802980236
Rajkot,India,13548.990615138431
Managua,Nicaragua,3423.760913432173
Bekasi,Indonesia,18502.215416016923
Mulhouse,France,9490.898451385407
Franklin,United States,2115.875859904185
Strasbourg,France,8852.020442008941
Leon,Nicaragua,4012.4442096684766
Moron,Cuba,1348.2769493175633
Ilopango,El Salvador,2477.6455719858445
Tlalpan,Mexico,2743.9064203482576
Manila,Filipinas,16281.839860905051
Nottingham,United Kingdom,6749.582009445339
Francisco Beltrao,Brazil,8099.637063519189
Philadelphia,United States,559.7834166221922
Bangkok,Thailand,14832.008989248243
Norwich,United Kingdom,6284.2278074856495
Ipoh,Malasia,15040.65475276987
Torrevieja,Spain,9693.16230063715
Marseille,France,9402.971867667502
Guiyang,China,11910.424291398283
Portmore,Jamaica,4431.915529659327
Newark,United States,2594.1004311382503
Bari,Italy,7253.740535049768
Ajmer,India,11962.138205833158
Bacolod City,Filipinas,16648.83714249136
Perth,Australia,16910.04183479139
Port Harcourt,Nigeria,10877.081212090827
Pamplona,Spain,6577.134603434555
Amol,Iran,11185.136344601005
Wuxi,China,11812.491508578989
Morelia,Mexico,2715.732048565227
Depok,Indonesia,16679.320974491875
Buenos Aires,Argentina,8783.841329554243
Bochum,Germany,9146.644419168819
Petapa,Guatemala,2196.8892225710347
Villefontaine,France,6120.944705116473
Anshun,China,15008.706256732654
Sucre,Bolivia,4131.2667665684985
Quincy,United States,2700.3126057516424
Canberra,Australia,16236.395920217823
Rome,Italy,7510.045330209691
Chingola,Zambia,15925.319970918066
Torre del Greco,Italy,9894.078565359461
Fes,Morocco,6285.517261992984
Tipitapa,Nicaragua,3275.8542919491956
Oldham,United Kingdom,6697.67165739173
Lens,France,5864.908057103987
Agra,India,13690.005589312295
Dubbo,Australia,16342.77331175013
Brisbane,Australia,11565.352174943968
Venice,Italy,9906.058612857292
San Lorenzo,Paraguay,6992.539296147814
Tirupati,India,14870.783120189939
Atakpame,Togo,9346.965474618957
Dundee,United Kingdom,6062.279432300705
Lviv,Ukraine,9039.218350816822
Riverside,United States,5332.690603440316
Cancun,Mexico,2482.140764256505
La Romana,Dominican Republic,274.77118722657707
Detroit,United States,3101.0037117114052
Aberdeen,United Kingdom,7148.858970949758
Troy,United States,2797.9608482018507
Ji-Parana,Brazil,7075.8763699229485
Buenos Aires,Argentina,5905.298207540034
San Salvador,El Salvador,7321.944848310265
Mixco,Guatemala,4437.54704826279
Houston,United States,613.6051254486156
Naumburg,Germany,9381.392736775657
Stoke-on-Trent,United Kingdom,6684.071267332659
Bezerros,Brazil,6619.64724450183
Mahajanga,Madagascar,17446.784741668827
Elda,Spain,7014.3240730513835
Hamburgo,Germany,7498.706896184148
Feira,Portugal,4799.410421921263
Bari,Italy,8145.239046399258
Oceanside,United States,238.49922530223824
Soledad,Colombia,1215.8519990246568
Schwerin,Germany,6683.997435512842
Philadelphia,United States,2552.1321981015794
New York City,United States,2598.4419564736045
Fresnillo de Gonzalez Echeverria,Mexico,7407.256539695792
Strasbourg,France,6842.095903624556
Medan,Indonesia,17093.849166046057
Nantes,France,9044.185341819939
Zapopan,Mexico,2657.381985551977
Astana,Kazakhstan,9795.919193810303
Escuintla,Guatemala,2673.350013580944
Anantapur,India,14160.290825645583
Limoges,France,6359.357183421564
Cuautitlan,Mexico,3452.648573261579
Los Angeles,United States,5411.931152583545
Solapur,India,14159.051144578996
Saint-Louis,France,7305.364953393791
Buenos Aires,Argentina,8225.679942136523
Soweto,South Africa,13940.732238267821
Panama City,Panama,3651.3973681351
West Allis,United States,225.65211083647793
Marl,Germany,7303.740445596208
Valencia,Venezuela,3243.3364928549486
Hamme,Belgium,8845.172534518983
Waynesboro,United States,2514.463647173011
Eggenstein-Leopoldshafen,Germany,7394.070011259281
Pirapora,Brazil,4580.747216497772
Cape Town,South Africa,13322.641802118014
Mentor,United States,2960.37011043793
Himeji,Japan,11004.767004439258
Mahajanga,Madagascar,12869.786899207384
Choloma,Honduras,2316.025427291688
Monterrey,Mexico,1962.060749430853
Juiz de Fora,Brazil,10056.307051635416
Rach Gia,Vietnam,14391.333397243145
Arles,France,7114.911806129265
San Pedro Sula,Honduras,4025.0748752056215
Huehuetenango,Guatemala,2998.30586120575
Serra,Brazil,5113.217971485213
Houston,United States,3199.425633439753
Yichun,China,14845.04184627757
Mashhad,Iran,11732.996365043302
Santo Domingo,Dominican Republic,2623.470545708928
Tijuana,Mexico,2729.579214119963
Wuhan,China,10980.559947073836
Whangarei,New Zealand,13800.03395250573
Brisbane,Australia,11484.948451482856
Sao Paulo,Brazil,5097.078355513672
Genk,Belgium,7185.294959200164
Votuporanga,Brazil,9301.600947522556
Santo Domingo,Dominican Republic,378.1464552368861
Cordoba,Mexico,3223.5671518312274
Marano di Napoli,Italy,10171.29102500295
Arkhangelsk,Russia,7354.142600117713
Clichy,France,5842.081667163943
Qidong,China,12187.49094986537
Marseille,France,7939.190304112361
Esteli,Nicaragua,2216.4589989446445
Kryvyy Rih,Ukraine,7857.639970637034
Copenhagen,Denmark,7662.0807502031885
Granollers,Spain,6928.173453153196
Kiel,Germany,6317.068685803014
Gold Coast,Australia,15833.989023417962
San Francisco,United States,126.38353188535521
Manukau City,New Zealand,13745.424188385276
Puebla,Mexico,1034.6937336819085
Lisichansk,Ukraine,8467.460029521928
Gold Coast,Australia,15832.563067856396
San Luis Obispo,United States,2594.8727388832012
Helmond,Netherlands,7177.602433408321
Ibadan,Nigeria,12366.000817023141
Gold Coast,Australia,12051.41370476498
Bani,Dominican Republic,418.89262779425457
Mansfield,United Kingdom,6754.76998743222
San Salvador,El Salvador,2069.241206239444
Atlixco,Mexico,2603.272963613234
Auburn,United States,2490.1152995726306
Bradford,United Kingdom,5310.241147452356
Santo Domingo,Dominican Republic,2168.9622908693946
Cuajimalpa,Mexico,3468.2627265133256
Wellington,New Zealand,13728.067876765754
San Miguelito,Panama,3798.887055229336
Helsinki,Finland,8319.881719939094
Tegucigalpa,Honduras,2272.817399932903
Philadelphia,United States,3836.2875675332925
Fort-de-France,Martinica,3432.089269541492
Reggio nell'Emilia,Italy,7495.369562827855
Emmen,Netherlands,6506.7529693409115
Puebla,Mexico,2752.305164097797
Esteli,Nicaragua,3617.748440873137
Osh,Kyrgyzstan,12318.532940933848
Strasbourg,France,9400.98576674092
San Salvador,El Salvador,2454.304641625632
Borujerd,Iran,11051.092675001642
San Salvador,El Salvador,2492.9127381845465
West Bromwich,United Kingdom,6687.05704368903
Murcia,Spain,7380.414047702654
Bangkok,Thailand,13913.286995977634
Caracas,Venezuela,863.251276380477
Surat,India,13789.420069106227
Quincy,United States,2697.378507362717
Zhuhai,China,15521.528860194085
Nice,France,8565.322853882637
Los Angeles,United States,5443.867703458834
Budapest,Hungary,10036.097663646278
Colorado Springs,United States,1984.3512205212412
Lakewood,United States,4409.554133309878
Misurata,Libya,11249.813302745226
Raipur,India,14032.656888045596
Pucallpa,Peru,3079.275519812173
Cirebon,Indonesia,15524.183585019337
Mesa,United States,3030.23211210197
San Luis Potosi,Mexico,2842.139577491118
Tlalnepantla,Mexico,3473.2451103989624
Inglewood,United States,5420.186721264912
Capannori,Italy,9908.823368980717
Vassouras,Brazil,10596.341557535094
Morgan Hill,United States,530.6271421795384
Acu,Brazil,7333.287598950051
Sylhet,Bangladesh,12766.068549380161
Rangoon,Myanmar (Burma),12201.489314739974
Nuremberg,Germany,11254.407941898502
Bogota,Colombia,1719.4727703384146
Philadelphia,United States,427.5714766658719
Metz,France,6069.835863896869
Ufa,Russia,8697.815874134161
Basra,Iraq,11153.007656854516
Lowestoft,United Kingdom,5693.337579241164
Huehuetenango,Guatemala,2851.301332649051
Heilbronn,Germany,7822.06258575619
Duisburg,Germany,8419.063573551684
Francisco Beltrao,Brazil,5277.653676090804
Edmonds,United States,3856.396670509429
Ponferrada,Spain,6299.920219449781
Carrefour,Haiti,2461.4018595637854
Guntur,India,13265.047682460441
Grand Prairie,United States,2176.431332790835
Stuttgart,Germany,8715.095362070353
Gap,France,6542.284999177329
Rosarito,Mexico,5288.047320394716
Kuito,Angola,10992.064763336988
Klagenfurt,Austria,7556.280501381263
Gorgan,Iran,9991.246133405337
Passo Fundo,Brazil,9759.206456213658
Iasi,Romania,10116.685642321183
New York City,United States,2593.9135571861552
Poza Rica de Hidalgo,Mexico,3269.6002947180536
Santa Ana,El Salvador,3083.4693323890597
Hamburgo,Germany,7499.974802751236
Seropedica,Brazil,9929.982687475078
Castres,France,6279.60039137661
Turku,Finland,8187.236571432145
Bangkok,Thailand,16188.585169706332
Ulhasnagar,India,12536.447400720315
Hubli,India,13366.04309819737
Huehuetenango,Guatemala,1911.782706841112
Mount Gambier,Australia,13180.533767663725
Santo Domingo,Dominican Republic,842.7920716508116
Brescia,Italy,7560.955371189991
Bridgetown,Barbados,3036.30271450479
Dormagen,Germany,9041.86746248875
Choluteca,Honduras,3021.296798177071
Trinidad,Bolivia,4829.44129887893
Pematangsiantar,Indonesia,15082.234377273524
Kinshasa,Democratic Republic of the Congo,9255.430403011767
Melbourne,Australia,13270.121823017469
Maceio,Brazil,4563.2182555809795
Sao Paulo,Brazil,5093.7907007871545
Grenoble,France,8746.85498163555
Bani,Dominican Republic,418.85399026063715
Wagga Wagga,Australia,16209.475432388934
Zhuhai,China,15520.186942553773
Panama City,Panama,1752.4376189795078
Santiago de Cuba,Cuba,2614.523076571103
Buenos Aires,Argentina,5912.762782501569
Meknes,Morocco,9729.710822836216
Fushun,China,8936.637131814907
Leon,Nicaragua,2307.1983736723564
Catania,Italy,10748.359740821545
Lome,Togo,11949.59233410765
Warri,Nigeria,7903.708854092938
Los Angeles,United States,5413.1539790001325
San Juan,Argentina,7832.583482291687
Sao Miguel dos Campos,Brazil,4519.485137346032
Stockton-on-Tees,United Kingdom,6766.961779768002
Heyuan,China,11810.025601396317
Durango,Mexico,1652.1690701824318
Tangier,Morocco,8246.655775604195
Elx,Spain,6674.6870259458
Strasbourg,France,7344.296400820486
New York City,United States,2593.9163592907544
Izmir,Turkey,9142.810356818352
Manaus,Brazil,4449.535228784206
Morelia,Mexico,2293.1124719618497
Tampa,United States,1594.8486619132218
Arezzo,Italy,9586.607869569063
Puerto Padre,Cuba,1530.3917495235105
Vallauris,France,6327.096069868756
Bangkok,Thailand,13315.329908050971
Jacksonville,United States,3545.161399102183
Brindisi,Italy,8218.531543074465
Kayes,Mali,7733.00458363718
Toulouse,France,9359.61360572078
Viena,Austria,6890.105900978942
Bezerros,Brazil,6705.45204609801
New York City,United States,2592.852258956393
Santo Domingo,Dominican Republic,5040.136057270989
Milpa Alta,Mexico,2500.3822952618552
Erlangen,Germany,7909.788961964097
Edmonds,United States,1568.3761548136229
Fort Lauderdale,United States,1675.7622340699288
El Ejido,Spain,6793.53800835178
Malayer,Iran,11770.627954208974
Canberra,Australia,12157.346678423784
Le Mans,France,6787.915020368186
Itapeva,Brazil,5043.680527311279
Melbourne,Australia,16280.505114195159
Manila,Filipinas,16288.086747338231
Bajos de Haina,Dominican Republic,387.7823354878565
Chengdu,China,12530.687959959872
Lima,Peru,7141.776594916307
Managua,Nicaragua,4265.878139044623
Mixco,Guatemala,2745.5300202807757
Riyadh,Saudi Arabia,11295.803451246486
New York City,United States,2594.411732089344
Dijon,France,6545.621288276217
Toluca,Mexico,3506.3776502104156
Yazd,Iran,11629.559956806166
Sivas,Turkey,11359.589946947539
Vaughan,Canada,1632.5406454994518
Escuintla,Guatemala,3050.63357314961
Philadelphia,United States,2548.3917665432887
Rome,Italy,7768.706277017442
Villa Nueva,Guatemala,2617.870201218256
Trinidad,Bolivia,3674.9630606102596
San Miguelito,Panama,2754.9493466061404
Saltillo,Mexico,3654.954539269153
Lyon,France,7127.110002999499
Cotonou,Benin,8767.860432570547
Buenos Aires,Argentina,8521.840847118923
Girona,Spain,6574.227305223074
Managua,Nicaragua,1604.7802109889249
Aix-en-Provence,France,9033.367925339828
Managua,Nicaragua,2275.6848781202093
Ermont,France,6919.575044011008
Santo Domingo,Dominican Republic,3296.0150407822157
Paris,France,6947.864984455612
Remscheid,Germany,9065.687526582715
Kowloon,Hong Kong,10546.097718700428
Wasquehal,France,7022.631960493621
Bottrop,Germany,6035.466189094125
Guayaquil,Ecuador,2723.015015233805
Santo Domingo,Dominican Republic,3472.9751527552153
Halmstad,Sweden,7676.40998489347
Hanover,Germany,7480.677015846373
Managua,Nicaragua,3432.144107016682
Houston,United States,2530.215246062385
Nanning,China,12945.982709760074
Berlin,Germany,8388.3477148462
Managua,Nicaragua,3637.425134704405
San Pedro Sula,Honduras,2325.421423416024
Mar del Plata,Argentina,6292.494150993841
Peterborough,United Kingdom,6808.180589841321
Bangkok,Thailand,13991.19200688837
San Salvador,El Salvador,3424.784775224503
Wigan,United Kingdom,6669.587292630549
Kolhapur,India,14209.413641203997
Ghent,Belgium,6644.592423185838
Valenzuela,Filipinas,16269.977263631243
Mexico City,Mexico,3453.571757223519
Harrow,United Kingdom,6777.826818485086
Brisbane,Australia,11549.401052200323
Ankara,Turkey,9484.540961134986
Belgaum,India,14311.06607733227
Logan,United States,3280.6996182856174
New York City,United States,883.9802063118245
Brisbane,Australia,15879.979634248504
Odense,Denmark,8865.202775081982
Coyoacan,Mexico,3453.2749498575176
Conflans-Sainte-Honorine,France,6931.0615326074
Zamora,Spain,6240.221713010729
London,United Kingdom,6127.71262345302
Panama City,Panama,1456.3685526910283
Massa,Italy,7115.084969351389
Sydney,Australia,11936.873315732268
Huehuetenango,Guatemala,1716.140643807226
Colorado Springs,United States,1303.2827924112698
Managua,Nicaragua,2240.7800683114456
Bekasi,Indonesia,16230.56781611909
Montrouge,France,6951.730347604571
Ardebil,Iran,11841.379959978332
Iranshahr,Iran,12963.564822762937
Houston,United States,1196.7566850425635
Itapeva,Brazil,7631.61432088149
Algiers,Argelia,10061.730219256997
Petapa,Guatemala,2393.3145659214
Francisco Beltrao,Brazil,5112.973037048606
Carrefour,Haiti,4243.5355850269525
Chicago,United States,1048.5365792793702
Matanzas,Cuba,1671.2335210002666
Bangkok,Thailand,16185.970330295015
Jacksonville,United States,3791.202788616604
Paterson,United States,1211.5786480576376
Tegucigalpa,Honduras,2272.4549461268175
Townsville,Australia,16536.81849632728
Pingdingshan,China,10498.885436617475
Glasgow,United Kingdom,8218.822044406194
Melbourne,Australia,14146.82959180056
Burgos,Spain,6404.088500913188
Tegucigalpa,Honduras,2272.512326375158
Hyderabad,Pakistan,13139.622587467464
Gonesse,France,6962.335401401373
Monterrey,Mexico,2412.484956675185
Heerlen,Netherlands,6587.684384775822
Cesena,Italy,7722.123305898285
Surabaya,Indonesia,14517.901879175583
Canberra,Australia,15593.739043741918
Herten,Germany,5476.346900296581
Kabul,Afghanistan,10863.381752179212
San Fernando,Trinidad and Tobago,3742.674612005573
Medan,Indonesia,17093.323659469486
Longjumeau,France,6674.432289201024
Mexico City,Mexico,3452.3220874409376
Angers,France,6212.023423584249
Taiping,Malasia,14089.153888864357
Mansfield,United Kingdom,6877.714837808795
Angers,France,6727.952060465261
Milan,Italy,6471.25491940058
Daca,Bangladesh,14724.155598499992
Huehuetenango,Guatemala,3266.9533255848305
Molina de Segura,Spain,6629.983220165511
Medan,Indonesia,17095.17350134335
San Luis Potosi,Mexico,3585.292266450381
Ilesha,Nigeria,9815.962653228518
Colorado Springs,United States,2460.197926194414
Vitoria,Spain,6514.632522309324
Quevedo,Ecuador,4909.984684566416
Arnsberg,Germany,7371.121141273273
Guayaquil,Ecuador,5067.522302633561
Magdeburg,Germany,7002.31106899513
Ixtapaluca,Mexico,3447.044626095336
Mbandaka,Democratic Republic of the Congo,10746.44439875386
Gold Coast,Australia,15345.502917314849
Avellaneda,Argentina,8323.524078145958
Canberra,Australia,16483.331657525967
Yerres,France,7720.037322957139
Gilbert,United States,4811.137048866963
Kabul,Afghanistan,12513.29206115582
Nice,France,9493.78758688068
Reutlingen,Germany,7454.885029710726
Bergheim,Germany,6716.962107571101
Ulaanbaatar,Mongolia,11660.806733055257
Denizli,Turkey,9100.933152327754
Surabaya,Indonesia,18774.203939416257
Kinshasa,Democratic Republic of the Congo,9290.799709802828
Mexicali,Mexico,319.81119882556106
Ulaanbaatar,Mongolia,9045.23311972493
Contramaestre,Cuba,2623.7564930085873
Ixtapaluca,Mexico,3417.524619671251
Colmar,France,7316.233931384342
Tegucigalpa,Honduras,3231.565254273604
Valladolid,Spain,9272.510570722463
Lakeville,United States,2545.9733121749837
Accra,Ghana,7307.959127320627
Akhisar,Turkey,11000.589310271465
Cartagena,Colombia,5031.333283290473
Rubi,Spain,9301.445973455353
Moca,Dominican Republic,2403.422754644163
Pune,India,14062.146485154635
Bedford,United Kingdom,6782.936514731227
Ankara,Turkey,9483.460314710925
Solingen,Germany,5951.71482667337
Limoeiro do Norte,Brazil,4013.8435392017477
Esquina,Argentina,7859.998472766035
Aracatuba,Brazil,9390.927599749752
Venice,Italy,7711.731211968523
New York City,United States,2494.992860548706
Bhiwandi,India,14050.793644336907
Santiago de Cuba,Cuba,2426.9064993727943
Les Herbiers,France,6683.488059053347
Columbia,United States,926.7925623678624
Cabo Frio,Brazil,5261.678733197659
Ararangua,Brazil,5547.715948379964
Pune,India,13950.350128129407
Sydney,Australia,14492.397146432344
Los Angeles,United States,5411.86004598336
Ardebil,Iran,10732.452739710157
El Progreso,Honduras,1905.9087924588157
Wagga Wagga,Australia,15722.812479051725
New York City,United States,2598.6429232176115
Arvada,United States,1270.8102486202574
Panama City,Panama,3283.1372435786434
Yaounde,Cameroon,13225.00952259226
Auburn,United States,2995.6697166321014
Khouribga,Morocco,6109.318648330463
Tamworth,United Kingdom,6712.7331269934975
Lahore,Pakistan,11611.877696926831
Kingswood,United Kingdom,6637.2012909588575
Gdansk,Poland,8035.900224918955
Marl,Germany,9124.624983129612
New York City,United States,3671.0484530019894
Chinautla,Guatemala,1852.8807813357996
Redditch,United Kingdom,6691.505149663341
Hermosillo,Mexico,4676.988182383952
Waterbury,United States,107.2736122925225
Bar-le-Duc,France,7156.725060257104
Valenzuela,Filipinas,11650.188779668917
Vichy,France,7018.273217318858
Cuscatancingo,El Salvador,2490.6514413164887
Avion,France,6337.145270147009
Manila,Filipinas,16306.183992949002
Lowestoft,United Kingdom,6457.0552866361
Parbhani,India,13282.406936105428
Fasa,Iran,12552.657334225372
Nairobi,Kenya,11455.328470890488
Norman,United States,558.0552519944273
Nakuru,Kenya,11341.79460546854
Al Hudayda,Yemen,12598.578586585369
Philadelphia,United States,2546.7760909696417
Petapa,Guatemala,3390.018959148394
Friedrichshafen,Germany,6290.695280474768
Viena,Austria,7468.138779120539
Pimpri,India,14046.538831167578
Seattle,United States,5991.407254437796
Taixing,China,10552.398921225215
Asahikawa,Japan,12555.09114818814
Garoua,Cameroon,13005.270642418256
Rome,Italy,10295.139311223526
Berlin,Germany,7472.5862778428245
Lyon,France,7131.782057830078
Glasgow,United Kingdom,6611.792666305734
San Pedro Sula,Honduras,3407.50154556614
Aba,Nigeria,12758.338131450273
Crotone,Italy,8185.056714419375
Ciego de Avila,Cuba,1348.0963170295536
Slough,United Kingdom,8182.638131386637
Seattle,United States,5994.1539533510095
Kilis,Turkey,10735.994596289704
Managua,Nicaragua,2241.056820501526
Fuengirola,Spain,9596.47318542582
Temirtau,Kazakhstan,9446.33175849239
Reutlingen,Germany,7454.4788164180945
Hangzhou,China,11853.633503046136
Tegucigalpa,Honduras,2273.775517811315
Qarshi,Uzbekistan,11969.554298658592
Libreville,Gabon,13360.82532685537
Eragny,France,6929.552888889387
Madrid,Spain,8787.476116417996
Nom Pen,Camboya,13208.135152134228
Kahramanmaras,Turkey,11655.220164451766
Bendigo,Australia,12617.888907714847
Athens,United States,2427.0247947783873
Barcelona,Spain,8271.967979136372
Florence,Italy,6783.662178273442
Canberra,Australia,12758.086940080475
New York City,United States,2283.559102381202
Jilin,China,9075.274905154158
Berlin,Germany,7727.201693333465
Tampa,United States,3852.5923739141713
Ludhiana,India,13236.846741879885
Coari,Brazil,2499.1537494374893
Mexico City,Mexico,3453.4275651177536
Medan,Indonesia,14133.82636457003
Acambaro,Mexico,3449.442862865069
San Francisco,United States,2553.318130381293
Birmingham,United Kingdom,6957.35670473848
Harrogate,United Kingdom,5423.717653370562
Ankara,Turkey,10498.223680767778
Carrollton,United States,5651.516663376505
Santo Domingo,Dominican Republic,2613.8083599345305
Juarez,Mexico,4285.909080654269
Tarbes,France,8175.335965299181
Dubbo,Australia,14829.140670804636
Buenos Aires,Argentina,5914.547614434273
Messina,Italy,8088.664950967582
Caloocan,Filipinas,16278.765354866555
Soyapango,El Salvador,3120.5255516437082
Boulogne-Billancourt,France,5364.155535439261
Sao Paulo,Brazil,5101.296334644033
Paris,France,5844.472480313694
Tipitapa,Nicaragua,3162.025827325746
Kuantan,Malasia,14171.265338470297
Qarshi,Uzbekistan,10766.532431759284
Dinslaken,Germany,6153.033260760123
Kartal,Turkey,9159.15408444406
Alexandria,Egypt,9284.660978636924
Managua,Nicaragua,3044.07217891639
Plano,United States,3435.7372895423746
Antony,France,9108.518710703684
Eagan,United States,3854.064321615392
Leon,Nicaragua,2305.385402789561
Nelson,New Zealand,13873.319409416396
Colorado Springs,United States,4356.750986793486
San Miguelito,Panama,3598.8003238304905
Chitungwiza,Zimbabwe,15981.97415614289
Los Angeles,United States,5411.100758664431
Colorado Springs,United States,1326.1452188137305
Buffalo Grove,United States,1181.4178715297376
Changwon,South Korea,13877.862603879223
Camaguey,Cuba,1258.4620406949678
Matanzas,Cuba,3948.0887428017354
Bezerros,Brazil,6986.8691129561
Antananarivo,Madagascar,16595.284448883256
Lugansk,Ukraine,9603.777289854677
Revere,United States,2712.8251029220824
Tehuacan,Mexico,2378.914365876956
Prague,Czech Republic,7818.311077789559
Pulheim,Germany,11350.417436494325
Warrington,United Kingdom,6642.185350604316
Aswan,Egypt,11680.666660133793
Sterlitamak,Russia,10336.793758009147
Balikpapan,Indonesia,13351.85479019447
Richmond,United States,1001.9886632812617
San Miguelito,Panama,1745.190429937582
Buenos Aires,Argentina,8484.31543661075
Niamey,Niger,7311.922565746418
Albuquerque,United States,4381.693107760275
Lucknow,India,13906.345908940348
Troy,United States,4090.87938841627
Burlington,United States,3852.7344371949607
New York City,United States,3303.411486088604
Versailles,France,9116.234196353624
Maracaibo,Venezuela,3390.1141129594985
Adelaide,Australia,17096.074631466163
Belo Horizonte,Brazil,4880.432068824974
Wheeling,United States,2801.312002231715
Kigali,Rwanda,12047.182008902211
Reynosa,Mexico,3392.3128639039924
Jacksonville,United States,2047.0121749093091
New York City,United States,2553.638465634704
Rome,Italy,7851.026022514789
Wuhai,China,11600.939118232656
Maringa,Brazil,9352.679464732875
Letchworth,United Kingdom,7654.631486134191
Edinburgh,United Kingdom,6683.089322620438
Bayamo,Cuba,2601.860579568089
Saint-Michel-sur-Orge,France,8371.243129279319
Soissons,France,6205.862173527472
Kremenchuk,Ukraine,10286.685012521462
Viena,Austria,6779.977858858782
Jhansi,India,13871.560136781984
Schwerin,Germany,7249.3479404297195
Toledo,United States,3067.8946049924293
Oyonnax,France,6736.089289414694
Almelo,Netherlands,7273.75407447871
Spokane,United States,5642.288262910589
Toulouse,France,9082.680165082165
Cherkasy,Ukraine,7784.816691341383
Elx,Spain,9695.493251405183
Wiesbaden,Germany,7380.856299969794
Choloma,Honduras,2315.943650968408
Westland,United States,2407.8534502833786
Ankara,Turkey,10009.61335085864
West Palm Beach,United States,4058.8035301624795
Bundaberg,Australia,13145.073054224944
Talavera de la Reina,Spain,5900.073783478135
Bochum,Germany,7312.531606031693
San Pedro Sula,Honduras,2916.9463729651125
Nizhyn,Ukraine,9864.458857564536
Hobart,Australia,15965.187958774328
Apeldoorn,Netherlands,7224.999290458257
Viena,Austria,7986.791104799941
Caracas,Venezuela,854.8729909531233
Parker,United States,2365.799389563259
Geelong,Australia,14249.73372423173
Ankara,Turkey,9484.189650917275
Tijuana,Mexico,2780.0051304062786
Chaoyang,China,9729.820624105656
Latina,Italy,9566.408312208458
Medellin,Colombia,3158.6715663259683
Rotterdam,Netherlands,7118.265510165161
Sanary-sur-Mer,France,8943.559783113556
Fontenay-aux-Roses,France,6943.732707362469
Columbia,United States,199.7565621814482
Hobart,Australia,15041.423520093007
Paraparaumu,New Zealand,13758.25190649585
Djibouti,Djibouti,12164.450237259369
Montgeron,France,8927.856125581453
Murcia,Spain,6226.243933095323
Villejuif,France,7460.396701482214
Harbin,China,9051.601001597171
Yakarta,Indonesia,18486.285359282072
Yaritagua,Venezuela,3823.5674208004907
Jurema,Brazil,3945.193336458701
Saltillo,Mexico,3654.4571738705995
Leon,Nicaragua,2307.0763162965245
Monza,Italy,7397.578428169104
Nelson,New Zealand,13852.369845929385
Paris,France,6951.934192538045
Konya,Turkey,11315.579619055832
Lyon,France,7130.567432534085
Offenbach,Germany,7421.6714724315525
Grevenbroich,Germany,9122.549757117806
Hamburgo,Germany,7498.953546683986
Saint-Laurent-du-Var,France,8788.25728551855
Brisbane,Australia,14971.33116600725
Cucuta,Colombia,1306.8297099348226
Marseille,France,9710.453133624662
Melitopol,Ukraine,9537.055051802254
Chicago,United States,1111.573785053782
Trier,Germany,6859.882041266921
Cork,Ireland,6241.713981071268
Rome,Italy,10219.318307150339
Mentor,United States,2956.1356259648855
Moorhead,United States,1700.3072226137026
Xuzhou,China,10987.690507227811
San Luis Potosi,Mexico,3586.869350251457
Likasi,Democratic Republic of the Congo,13480.441232165089
Colorado Springs,United States,4356.134786075706
Rome,Italy,7246.236527484284
Mar del Plata,Argentina,8608.027480140097
Santo Domingo,Dominican Republic,378.3142791406646
Franklin,United States,3320.6690278393294
Barnsley,United Kingdom,7528.752950123432
Ensenada,Mexico,3762.432125819997
Los Angeles,United States,2130.2671463628362
Kita-ku,Japan,9506.538905029749
San Francisco,United States,5827.054872688519
Augsburg,Germany,7577.614428912007
Noisy-le-Grand,France,5871.981953016668
Mainz,Germany,6970.063305653986
Tampa,United States,3294.666937734304
Mbandaka,Democratic Republic of the Congo,10881.551626099083
Manila,Filipinas,16289.159392634761
Bedford,United Kingdom,6871.157464386905
Elx,Spain,6673.3237878852215
Porirua,New Zealand,10459.570349141106
Huainan,China,14368.033352255945
Morelia,Mexico,2385.4781551829988
Rotorua,New Zealand,13530.565164753361
Cuscatancingo,El Salvador,2238.5827256672947
Menton,France,6413.228878231321
Baguio City,Filipinas,16099.498024416956
Araguaina,Brazil,3452.058451142566
Houston,United States,2140.759184697084
New York City,United States,3187.27460652333
Strasbourg,France,6257.690994587115
Nagpur,India,12902.673960530321
Rosario,Argentina,8620.850377759538
Dar es Salaam,Tanzania,12247.525197275292
Guilin,China,14336.183021022034
Viena,Austria,7986.27609366199
Salina Cruz,Mexico,3028.4533233946026
Chartres,France,6850.589132571535
Montreuil,France,6924.517345428856
Campeche,Mexico,2545.687146513859
Maceio,Brazil,4964.215221860074
Skokie,United States,3321.0718287895907
Sheffield,United Kingdom,7770.3888428632645
Chennai,India,14444.69280548083
Santo Domingo,Dominican Republic,2722.8398224470343
Townsville,Australia,16536.592591101933
Registro,Brazil,9875.366382166918
Rubi,Spain,6905.649138507144
Hobart,Australia,15831.868719797225
Bene Beraq,Israel,7407.256539695792
Managua,Nicaragua,2274.1273669939624
Pinar del Rio,Cuba,1973.3418409734732
Manila,Filipinas,16280.712402853142
Bursa,Turkey,8345.245747883013
Hinckley,United Kingdom,7386.4317628536255
Rasht,Iran,12068.417844244066
Hermosillo,Mexico,3030.707458417556
Gennevilliers,France,6924.674930075654
Bayamo,Cuba,1105.0268770232226
Singapore,Singapore,16375.98032158646
Yaroslavl,Russia,8160.40975795423
Corbeil-Essonnes,France,5942.377246766812
Takamatsu,Japan,13793.169643244788
Ankara,Turkey,10426.91268867255
Philadelphia,United States,2547.5081905835095
Mexico City,Mexico,3139.6223454721717
Kota,India,12355.83966021223
Turin,Italy,9689.233798390953
Wenling,China,14778.343909573188
Maringa,Brazil,4858.625910948877
Limay,France,6904.226231736223
New York City,United States,4130.254204874597
El Progreso,Honduras,2305.1140619099165
Los Angeles,United States,3303.9309383938917
Chicago,United States,1780.0015170044417
Seattle,United States,2672.4675236544635
Granada,Spain,6355.133773971543
Ararangua,Brazil,5531.586686992512
San Salvador,El Salvador,3091.736124690738
Sao Benedito,Brazil,7065.232811587064
Leverkusen,Germany,7295.85111158449
Palaiseau,France,6123.4113986839775
Langenfeld,Germany,6132.134322561383
Auckland,New Zealand,13757.488094868531
Sydney,Australia,12054.620862213495
Bangkok,Thailand,13322.468291751155
Bundaberg,Australia,15966.78265357349
Ajaccio,France,10012.435316260588
Vassouras,Brazil,10183.011531696926
Firozabad,India,11411.398745420584
Indianapolis,United States,2607.670052155969
Villa Nueva,Guatemala,2816.4958887274447
Mansfield,United Kingdom,5448.096925590534
Mixco,Guatemala,3009.825494957118
Sevran,France,8988.491778665673
San Salvador,El Salvador,2492.466135109804
Pforzheim,Germany,7420.432943947069
Peterborough,United Kingdom,8661.749004371828
Solihull,United Kingdom,8682.999555970906
Basra,Iraq,11153.024165148945
Mogadishu,Somalia,12230.815576867319
Hamilton,New Zealand,14114.310152696944
West Bromwich,United Kingdom,6692.260936156684
Tampa,United States,1963.6434475731357
New York City,United States,1201.2311412332529
Gorakhpur,India,14061.497267432589
Seuol,South Korea,13877.61349091815
Gladstone,Australia,15202.554705998302
Birmingham,United Kingdom,6695.344253548923
El Progreso,Honduras,3014.163216279355
Delhi,India,12053.758123736085
Lancaster,United States,1568.6524679351119
Drancy,France,8301.952754387243
Tegucigalpa,Honduras,2273.3720655787347
Bundaberg,Australia,11246.040858856952
Jackson,United States,991.0387912490239
Mbuji-mayi,Democratic Republic of the Congo,10224.776424867849
Santo Domingo,Dominican Republic,2184.3302589762675
Albany,Australia,18101.69140016154
Lowestoft,United Kingdom,6940.826233315643
Luton,United Kingdom,6782.932503699498
San Miguelito,Panama,5054.291086125754
Santo Domingo,Dominican Republic,378.13968597451867
Brive-la-Gaillarde,France,6866.196207028298
Holland,United States,1042.2485557653833
La Rochelle,France,5857.451093743466
Franca,Brazil,4763.758180962248
Stolberg,Germany,8584.471571924065
Korba,India,14387.356015229067
The Hague,Netherlands,7922.110490589994
Managua,Nicaragua,3379.5055428983956
Turin,Italy,7352.475850544652
Eau Claire,United States,1205.648230966536
Leipzig,Germany,6573.347619158022
Jizzakh,Uzbekistan,12066.26521833838
Daqing,China,12769.846623616104
Maisons-Alfort,France,7325.594716401609
Warrington,United Kingdom,6121.754199091609
Torrevieja,Spain,6700.609548861973
Kigali,Rwanda,13721.188799591802
Carrefour,Haiti,2401.1446079885036
Meyzieu,France,6198.371972909553
Vincennes,France,6955.173015613918
Newark,United States,2657.4612022021556
Marlborough,United States,194.84440569138349
Halmstad,Sweden,7496.199193951765
Fontenay-aux-Roses,France,5984.248827386217
Tlalnepantla,Mexico,2626.364649129144
Perth,Australia,18467.26446997657
La Roche-sur-Yon,France,8797.203627886382
New York City,United States,3925.291674242286
Seattle,United States,3802.0640350281865
New York City,United States,934.0577922276107
Presidente Dutra,Brazil,6901.083093476451
Noisy-le-Sec,France,6600.909134320485
Kendari,Indonesia,18159.175429428615
Tasikmalaya,Indonesia,16219.855780835444
Villa Nueva,Guatemala,2952.9831520072185
Lome,Togo,10514.20634708284
New York City,United States,3157.9220170513327
Gennevilliers,France,6046.742190141235
Paris,France,7995.945233848999
Edinburgh,United Kingdom,5755.10654859864
Nysa,Poland,6754.488227348202
El Progreso,Honduras,2305.4266552523577
Saumur,France,6755.727534145094
Patiala,India,13330.493512794848
Hamburgo,Germany,7388.661980711637
Kendari,Indonesia,14835.18157867503
New York City,United States,2597.2641442766635
Pau,France,6713.109835971777
Ferrara,Italy,9822.662232189941
Toledo,United States,3061.0647054397077
Lagos,Nigeria,7658.721746230119
Santa Rosa,Brazil,5259.0599404435
New York City,United States,1285.8829659220746
Lima,Peru,3550.8340775063143
Esteli,Nicaragua,3277.5098837235464
Salzburg,Austria,7743.818156392027
Bochum,Germany,7309.201994653053
Bayamo,Cuba,1104.2821736503747
Dire Dawa,Ethiopia,11414.312522780454
Jerusalem,Israel,10817.479199325171
Fayum,Egypt,9884.509764309605
Ocotlan,Mexico,3531.942799590606
Valparaiso,Chile,5642.228051962682
Tegucigalpa,Honduras,2674.336246163176
London,United Kingdom,6798.15098946389
Levin,New Zealand,13211.807738094925
Rio Rancho,United States,1750.5717893399808
Lancaster,United States,3749.1091685186057
Troy,United States,3954.1398512921037
Parma,Italy,6827.261063570341
Houston,United States,1672.2466686613984
Alanya,Turkey,11036.462679464055
Leon,Nicaragua,2340.5171486293784
Garforth,United Kingdom,5815.226596584575
Evry,France,6952.822828218371
Kartal,Turkey,10863.055116489033
Kisangani,Democratic Republic of the Congo,14400.223745620144
Mohammedia,Morocco,6095.742879825895
Gothenburg,Sweden,8565.025283405434
Philadelphia,United States,4153.862417185652
Dreux,France,6881.50133032323
Nancy,France,7229.775834023272
Naples,Italy,10273.641950871734
Riyadh,Saudi Arabia,11295.86512800492
Chinautla,Guatemala,2601.8706189588393
Grosseto,Italy,7659.967701248938
San Salvador,El Salvador,2493.080873238607
Kirkwood,United States,1428.748006161211
Poltava,Ukraine,10311.025484423568
Bellary,India,14741.62433097497
New York City,United States,2594.4700768397274
Battipaglia,Italy,10457.413020568638
Visakhapatnam,India,14839.36721888559
Manzanillo,Cuba,2264.9973381322893
Masterton,New Zealand,14120.071591567186
Abidjan,Marfil Coast,7407.256539695792
Jackson,United States,2847.9056518563593
Columbus,United States,2887.4900726624883
Lakeland,United States,1923.539091221663
Verona,Italy,7611.943689622765
New York City,United States,214.7002633840824
Halle,Germany,9430.661875399153
Los Angeles,United States,1320.2342383855953
Sao Paulo,Brazil,7696.898967108444
Spanish Town,Jamaica,2430.7075859047427
Gorakhpur,India,12561.475725860468
Bochum,Germany,6869.178752921303
Ankara,Turkey,9488.064345043946
Bekasi,Indonesia,18500.70505396884
Yonkers,United States,4071.869803131338
Sao Paulo,Brazil,8503.624242850645
San Miguelito,Panama,3422.5421204869017
Acuna,Mexico,3715.09436111391
Muret,France,9448.251926888357
Ankara,Turkey,9909.291865274508
Puerto Padre,Cuba,1120.946162099597
London,United Kingdom,5580.121304001888
Puebla,Mexico,3355.5496609539596
Gold Coast,Australia,15835.6304580062
Leominster,United States,2738.8756246930748
Jinja,Uganda,15225.856969653518
Villa Canales,Guatemala,3112.9413579838592
Westminster,United States,4434.340088849486
San Miguelito,Panama,1743.1801799759526
Paisley,United Kingdom,6602.871228644602
Mianyang,China,11143.846106571544
Manila,Filipinas,13430.656931363836
Bogor,Indonesia,18526.55697608657
Rach Gia,Vietnam,13192.11110511033
Punta Arenas,Chile,10419.400305780904
Dijon,France,7146.701800445642
Santo Domingo,Dominican Republic,4768.530001693372
Viena,Austria,7776.215206631769
Miramar,Mexico,3554.295834181938
Manila,Filipinas,13217.670710529454
Townsville,Australia,11704.920406031442
Jiaxing,China,10100.782292982614
Viena,Austria,7984.371722648368
Nice,France,7326.005640455405
Bekasi,Indonesia,16236.216462772296
Irun,Spain,5970.772581329561
Port Elizabeth,South Africa,16710.7491490224
Hermosillo,Mexico,1075.2375242145017
Kinshasa,Democratic Republic of the Congo,9290.192246945053
Marikina,Filipinas,13568.96930898254
Krefeld,Germany,8391.905485111474
Forster,Australia,15513.609659511947
Helsinki,Finland,8331.90061135086
Dallas,United States,3435.9111927986755
Buenos Aires,Argentina,5904.512326051282
Franco da Rocha,Brazil,7658.080426098181
Santo Domingo,Dominican Republic,3194.0618326552035
Gravatai,Brazil,8534.85881589893
Peterborough,United Kingdom,6629.465797914989
Santo Andre,Brazil,5108.414330498798
Matola,Mozambique,11740.874190610592
Gdansk,Poland,6609.5698022606275
Jackson,United States,2848.532515572416
New York City,United States,2590.6497151672825
Jartum,Sudan,11499.57203761359
Imola,Italy,7673.700000286506
Berlin,Germany,7727.374047695606
Hagen,Germany,9186.51670634731
Gold Coast,Australia,14781.523762331333
Panama City,Panama,3758.1416936246837
Kampala,Uganda,10952.03575777076
Oyonnax,France,6263.579310917722
Chioggia,Italy,7528.723083544073
Greifswald,Germany,8216.5213241894
Yonkers,United States,893.1188342764534
Meerut,India,12719.844622363744
Cassilandia,Brazil,7700.562320754413
Mianyang,China,12323.082792844893
Ilopango,El Salvador,2478.207286956861
Toledo,United States,3060.920976740352
San Miguelito,Panama,1742.012305500957
Santiago de Cuba,Cuba,3849.2649966973213
Itajai,Brazil,5337.6757255212515
Chicago,United States,3309.9587629244634
Wollongong,Australia,14769.688300390744
Perth,Australia,14893.239832234869
Basingstoke,United Kingdom,6429.629200633281
Pematangsiantar,Indonesia,16504.64582011202
Braila,Romania,8055.528337234163
San Francisco,United States,30.200098624486728
New York City,United States,376.45927435778873
Acayucan,Mexico,3030.6105846074915
Villa Canales,Guatemala,2287.10939696365
Sonsonate,El Salvador,3010.0753870014414
Chicago,United States,2791.300278142547
Surabaya,Indonesia,16113.755112235225
West Bromwich,United Kingdom,8634.824453289442
Nacka,Sweden,7973.93102192412
Saida,Argelia,5790.654852931126
Franco da Rocha,Brazil,8169.938495723876
Abidjan,Marfil Coast,7407.256539695792
Helmond,Netherlands,9075.490673126531
Hamburgo,Germany,7799.530769812737
Campeche,Mexico,2545.253030130225
Marseille,France,6279.309910797582
Houston,United States,3201.263609518377
San Jose del Monte,Filipinas,11742.663049583814
Istanbul,Turkey,8789.576529537779
Houston,United States,3204.2174133970293
West Bromwich,United Kingdom,5380.667587949053
Changshu,China,11769.081039552993
Miami,United States,4440.170391374117
Roseville,United States,679.8126618103939
Gresham,United States,1355.7510924455503
Nelson,New Zealand,13853.395087125915
Viena,Austria,6691.653065453421
Halle,Germany,8624.721352171942
Albacete,Spain,9614.697753359182
Milan,Italy,7113.434030162489
Houston,United States,1625.3204489557072
Jos,Nigeria,8838.171798468016
Dortmund,Germany,6595.283964823173
Lome,Togo,7438.975612761415
Dar es Salaam,Tanzania,12383.92514364719
Pimpri,India,14254.24810721013
Beira,Mozambique,11819.737881966661
Holguin,Cuba,1078.6411711980286
Urbandale,United States,1272.7137518511151
Tegucigalpa,Honduras,3669.7582957066757
Derby,United Kingdom,6727.370114750237
Riyadh,Saudi Arabia,10550.831044007278
Paris,France,7970.80943619309
Christchurch,New Zealand,13875.917891141171
Bochum,Germany,7306.400184877749
Antibes,France,7318.906503181781
Auckland,New Zealand,10431.903482535692
Brisbane,Australia,15878.729719255087
Halle,Germany,7620.181377771063
Yakarta,Indonesia,18487.37610959635
Firozabad,India,12332.718026414059
Palma Soriano,Cuba,4717.688357129023
Bene Beraq,Israel,7407.256539695792
Gilbert,United States,2085.0153767657025
Bremen,Germany,9086.662115821126
Manila,Filipinas,13551.84771818621
Santiago de los Caballeros,Dominican Republic,5335.869894455642
Gorgan,Iran,11314.608149286203
Villa Nueva,Guatemala,2618.121724525902
Neunkirchen,Germany,8942.289476991144
Hamburgo,Germany,8301.845235765872
Krefeld,Germany,7265.145920035713
Tasikmalaya,Indonesia,15887.890585921912
San Salvador,El Salvador,2290.9742635390267
Chimbote,Peru,6185.645400119255
Cranston,United States,2656.0802255678004
Seattle,United States,5996.611928895827
Delft,Netherlands,7903.739230780808
Abadan,Iran,12471.880830607672
Chongqing,China,12846.22571697965
Novara,Italy,7415.6709893376155
Tarbes,France,6721.961633465171
Carrefour,Haiti,2151.9847531498735
Apodaca,Mexico,3580.163305581392
Tuxtla Gutierrez,Mexico,2049.4611708360944
Evry,France,6954.719571499491
Trieste,Italy,9352.024394815742
Pulheim,Germany,6202.010399365223
Cagliari,Italy,9032.053365404623
Khmelnytskyi,Ukraine,8732.262555772199
Changsha,China,14868.21239342256
Sao Paulo,Brazil,5100.5237085674025
Hamilton,New Zealand,13704.15884899769
San Antonio,United States,3486.2178659535757
Ufa,Russia,9373.15839800731
Manaus,Brazil,2468.296226668721
Nacka,Sweden,7976.0766410606
Chester,United States,180.07370365633213
Etawah,India,13760.60500417236
Seuol,South Korea,13877.34897669885
Ulaanbaatar,Mongolia,9994.710037440012
Puebla,Mexico,2927.448197360726
Leon,Nicaragua,2215.6970963923586
Singapore,Singapore,15310.699938333908
Sonsonate,El Salvador,2540.673815262461
Mesa,United States,2301.8793350049486
Neunkirchen,Germany,7368.344405302739
Yuncheng,China,14081.656756582053
Bunbury,Australia,17839.70155435498
San Pedro de Macoris,Dominican Republic,8965.426202221865
Canberra,Australia,16053.666982324059
Bremen,Germany,7420.71097532482
Thiruvananthapuram,India,15027.699564962983
Brest,France,5466.979939556226
Tampa,United States,1966.0068736298192
Bezerros,Brazil,4460.173628705624
Puerto Vallarta,Mexico,4114.173332910867
Gallarate,Italy,6950.045956164556
Neuilly-sur-Marne,France,6966.613486388729
San Luis Rio Colorado,Mexico,3471.110291221503
Salavat,Russia,8673.249898737075
Matsudo,Japan,10345.846234681067
Meaux,France,6138.356848261081
La Romana,Dominican Republic,5225.044966045027
Capua,Italy,7896.206866480987
Bijapur,India,14572.307397676359
Springfield,United States,2446.745391204751
San Salvador,El Salvador,2492.3848747075945
Misurata,Libya,7758.246211790778
Santo Domingo,Dominican Republic,5061.573996847671
Estocolmo,Sweden,8309.86128246361
Ponte Nova,Brazil,7528.031652046887
Vence,France,7243.023166205053
Swansea,United Kingdom,6542.400637106779
Granada,Spain,6414.13859420438
Masaya,Nicaragua,4531.447051644527
Villa Nueva,Guatemala,3549.5352656224463
Choluteca,Honduras,3173.936466859964
Sindelfingen,Germany,9724.601493095388
Newcastle,South Africa,13081.21971585394
Villefontaine,France,7151.940443616371
Hastings,United Kingdom,6841.551050316117
Villa Nueva,Guatemala,2618.649177164134
Recife,Brazil,4519.73693960368
Chihuahua,Mexico,1255.8907118785955
Marseille,France,6510.840926924214
Springfield,United States,1325.099724811538
Barreirinhas,Brazil,12158.182684107356
Medan,Indonesia,14335.760285214023
Panama City,Panama,2672.827774185366
Stoke-on-Trent,United Kingdom,8411.604526091349
Bangkok,Thailand,13053.293120340213
Berlin,Germany,7732.766996986693
Hyderabad,Pakistan,12799.51978882593
Camaguey,Cuba,1259.0313325284458
Caloundra,Australia,11496.431257188122
Limoeiro do Norte,Brazil,9570.651449826115
Sao Goncalo,Brazil,10241.905331816206
Managua,Nicaragua,2241.7330536512673
San Luis Potosi,Mexico,1457.5921744198824
Cabimas,Venezuela,3380.3446582557535
Santo Domingo,Dominican Republic,5459.478418925598
Joinville,Brazil,5279.307182819557
Stoke-on-Trent,United Kingdom,8208.802569981164
Gold Coast,Australia,11759.13855148533
Santo Domingo,Dominican Republic,378.32326988696605
Birmingham,United Kingdom,6690.136174830344
Huyton,United Kingdom,6880.052846959183
Betim,Brazil,8778.228019970624
San Pedro de Macoris,Dominican Republic,3219.585197089393
Columbus,United States,3640.2051678412104
Wuchuan,China,15603.071090457286
Geelong,Australia,15592.675418205341
Bendigo,Australia,12770.675150387211
Gaziantep,Turkey,10598.42727445419
Frederiksberg,Denmark,7637.192141205631
Kollam,India,14388.008712012703
Huehuetenango,Guatemala,3290.036501212366
Avellaneda,Argentina,8220.559072011496
San Jose del Monte,Filipinas,13655.953789962145
Dudley,United Kingdom,6917.352603387136
Lima,Peru,3568.031232667887
San Miguelito,Panama,1743.671739407571
Napier,New Zealand,13628.705008727366
Rotorua,New Zealand,14111.050551258835
Hailin,China,10109.582207875654
Sheffield,United Kingdom,5451.216268195423
Athens,United States,955.1495636201452
Dumai,Indonesia,15322.094843811696
Damanhur,Egypt,12051.692348209193
Dunedin,New Zealand,15038.383956279164
Tegucigalpa,Honduras,3228.940800654063
Angers,France,6959.715948112117
Viransehir,Turkey,9635.178141863478
San Pablo de las Salinas,Mexico,2706.997700877744
Villiers-le-Bel,France,6145.990909923079
Carvin,France,6226.386623923362
Oberhausen,Germany,9108.339294767125
Cheltenham,United Kingdom,8266.747046151298
San Juan del Rio,Mexico,3537.388030618482
Gaoyou,China,14091.296434979875
Chesapeake,United States,2113.9187735426726
Bamako,Mali,6270.624369524245
Birmingham,United Kingdom,6433.33699910963
Lora del Rio,Spain,6247.633357071215
Gomez Palacio,Mexico,1722.9617926213205
Villa Nueva,Guatemala,2618.135130396955
Managua,Nicaragua,2817.7527598265187
Franklin,United States,3317.336897159312
Suizhou,China,14455.558422544607
New York City,United States,2595.250693125598
Berlin,Germany,6533.8327519863615
Lunel,France,7072.363426647329
Frankfurt,Germany,6361.643074495521
Maracaibo,Venezuela,5349.549027095339
Bur Sudan,Sudan,11619.634039731829
Contramaestre,Cuba,2577.304492964648
Cergy,France,7400.649859597126
Ciego de Avila,Cuba,1350.4157365493868
Zapopan,Mexico,2879.7196669824193
Le Blanc-Mesnil,France,6646.482542773259
Torreon,Mexico,2371.6341870114247
Kermanshah,Iran,10863.509697101725
Pasig,Filipinas,16295.515756572888
Limeira,Brazil,9207.90567566935
Managua,Nicaragua,2241.4887038707325
Fort Worth,United States,749.1168056239038
Westland,United States,1318.5276071697272
Granada,Spain,5961.676285587499
Kozhikode,India,13989.18908947651
Wollongong,Australia,12570.569759626493
Granada,Spain,8801.699915633997
Rio Branco,Brazil,5305.289725378741
Hampton,United States,1898.4181117262456
Leicester,United Kingdom,5989.724813417092
Kano,Nigeria,15569.99272231294
Durango,Mexico,3372.529433025169
Athens,United States,1127.4882628005464
Acuna,Mexico,1721.295441657786
Santo Domingo,Dominican Republic,378.7385864670632
Progreso,Mexico,2463.3278047682797
Prague,Czech Republic,9458.883233526147
Budapest,Hungary,8970.277794998883
Ceyhan,Turkey,11446.134480488194
Santo Domingo,Dominican Republic,4832.799395263662
Koshigaya,Japan,13427.911353493573
Lakeville,United States,2126.7501454250746
Meyzieu,France,7616.658010581357
New York City,United States,2591.462770885282
San Pedro Sula,Honduras,2152.21504845107
Guantanamo,Cuba,2120.0174935408263
Hanover,Germany,6177.724194231231
Merida,Mexico,4149.1637455101745
Tegucigalpa,Honduras,2273.1236150403365
Atlanta,United States,2482.6012979195802
Vacaria,Brazil,5429.457433316302
Offenbach,Germany,6509.332312719632
Narbonne,France,9304.576093792304
Hanover,Germany,6671.911484188918
Pamiers,France,9503.250995273624
Thomasville,United States,2374.439573889959
Fareham,United Kingdom,6719.900745192159
Arraijan,Panama,3445.0798584728786
Stockton-on-Tees,United Kingdom,5944.1091649345535
Roissy-en-Brie,France,8871.035084790003
La Ceiba,Honduras,3230.8107217902934
Ufa,Russia,10262.040339569096
Crato,Brazil,9160.480638983447
Kayseri,Turkey,9720.641001080394
Laurel,United States,3064.186553847125
Mesa,United States,113.89177676872218
London,United Kingdom,6833.353886865098
Fort-de-France,Martinica,3297.4580011330986
Aracatuba,Brazil,8256.899200464613
Loughborough,United Kingdom,6222.069127879369
Grosseto,Italy,7662.897740557473
Manukau City,New Zealand,13746.496769205387
Los Angeles,United States,5410.076644425025
Nelson,New Zealand,13848.741425519967
Garoua,Cameroon,9417.664714777393
Verona,Italy,7633.195183755656
Viena,Austria,7637.605033037164
Velletri,Italy,7323.22160070219
Livry-Gargan,France,6281.286262474001
Ferrara,Italy,9964.616149662517
Virginia Beach,United States,2264.355344704752
Emden,Germany,7310.068914950451
Mexico City,Mexico,2108.8899947194027
Velletri,Italy,7829.356803461634
Perth,Australia,18172.999371782116
Brentwood,United States,2094.1968235796166
Toulouse,France,7907.865383123053
Hamburgo,Germany,6147.7687921012575
Madrid,Spain,6420.044934457854
Bonao,Dominican Republic,436.68871871317265
Canberra,Australia,16084.362840306685
Cipolletti,Argentina,6331.932047567566
Chisinau,Moldova,10445.259165316611
Barra Mansa,Brazil,5112.2251571170655
Iringa,Tanzania,11531.965371883223
San Miguelito,Panama,1776.5478740495525
Dreux,France,6875.870729922698
Santo Domingo,Dominican Republic,378.3862804545722
La Ceiba,Honduras,3256.915451604757
Freeport,United States,1703.2622488916356
Burgos,Spain,6433.270280492712
Brisbane,Australia,15907.119372758441
Conselheiro Lafaiete,Brazil,4939.5840661658785
Jeddah,Saudi Arabia,11007.974481166277
New York City,United States,2598.554824889632
Hamm,Germany,9231.952457616
Des Moines,United States,3659.703471880829
San Francisco,United States,561.0835134555263
Franklin,United States,923.0313228369465
Los Angeles,United States,3138.32317296746
Palermo,Italy,10327.749132166064
Tegucigalpa,Honduras,3107.1373053630427
Montevideo,Uruguay,7599.222610228467
Chicago,United States,1689.0520057546773
San Pedro Sula,Honduras,2550.8465053883024
Granada,Spain,9034.660037498348
Paris,France,8241.006524542267
Philadelphia,United States,2544.8900662277138
Berlin,Germany,7733.031478677002
Salamanca,Mexico,3657.1310568118724
Guangzhou,China,15422.744395371765
Mexico City,Mexico,3024.0819599660135
Parma,Italy,7544.759597547263
Gothenburg,Sweden,6146.033898498096
Wagga Wagga,Australia,12456.371407538107
Panama City,Panama,1756.1947474315878
Ibadan,Nigeria,8562.143657466004
Palma Soriano,Cuba,1035.4631566707292
Helsinki,Finland,8333.022166775247
Mosul,Iraq,10466.613002390117
Braganca Paulista,Brazil,7737.394698065071
Boulogne-sur-Mer,France,8425.79641981017
Caloundra,Australia,15851.886550099425
Santa Barbara,United States,5550.507224175551
New York City,United States,3579.327438722081
Forster,Australia,12854.786088445659
Consolacion del Sur,Cuba,1956.9900715651816
Suizhou,China,11836.284911411376
Vijayawada,India,14716.191539492718
Bangkok,Thailand,11987.550716604776
Xi'an,China,12073.510162459232
Qidong,China,14408.610865002012
Managua,Nicaragua,2400.565072767607
Roseville,United States,3423.1922183039005
Altamira,Brazil,5306.478834175907
Remscheid,Germany,7307.588830691018
Safi,Morocco,9502.17005491082
San Salvador,El Salvador,3356.7405236767363
Mbuji-mayi,Democratic Republic of the Congo,12454.88656582252
Cannes,France,6435.177333235029
Milpa Alta,Mexico,2518.3128834777217
Punta Arenas,Chile,7926.79089310493
Buenos Aires,Argentina,7008.357454649929
Mbuji-mayi,Democratic Republic of the Congo,10225.409677373294
Tarbes,France,6742.976485544091
Taranto,Italy,8314.066958699925
Lunel,France,7074.470585855597
Pune,India,12894.835471541885
Wuhan,China,11025.299584052387
Vassouras,Brazil,8323.128185317832
Roseville,United States,2229.6853939669604
Harrow,United Kingdom,6842.536477776322
Giurgiu,Romania,8839.399652988237
Podgorica,Montenegro,7927.026773057152
Deyang,China,12102.52581826722
Bangkok,Thailand,12850.929603079216
Sartrouville,France,6251.578872887892
Castelldefels,Spain,8613.8260553343
Moa,Cuba,937.2014761386084
Santa Cruz do Sul,Brazil,8464.331375723228
San Pedro de Macoris,Dominican Republic,3846.497384767144
Pamplona,Spain,5955.911661434282
Pilar,Brazil,4433.684836610804
Duisburg,Germany,7274.261443546854
Cottage Grove,United States,1593.3775961258689
Rotorua,New Zealand,13619.697544325883
Sorocaba,Brazil,7330.029860079257
La Vega,Dominican Republic,2916.313965363358
Greensboro,United States,1273.2528568297473
Savigny-le-Temple,France,6969.749525782886
Harare,Zimbabwe,12536.753355532519
San Pedro Sula,Honduras,2610.219278729355
San Francisco,United States,2917.5189965321
Manila,Filipinas,16282.119883515108
Angers,France,7361.1630527064535
Stoke-on-Trent,United Kingdom,6681.813259269239
Riyadh,Saudi Arabia,11297.799726765841
Ipswich,United Kingdom,6176.84247171597
Landskrona,Sweden,8093.832965884085
Palermo,Italy,7897.386177824251
Quetzaltenango,Guatemala,3883.85343519729
Jartum,Sudan,11641.31256319872
Utrecht,Netherlands,9218.855976918074
Valencia,Venezuela,913.6241049301394
Hargeysa,Somalia,14859.30736753968
Barranquilla,Colombia,1210.8146017341403
Warsaw,Poland,9233.357642297322
Avellaneda,Argentina,8445.876344991984
La Romana,Dominican Republic,5135.234506861296
Augsburg,Germany,6993.2362143628725
Kano,Nigeria,8897.61710952323
Puno,Peru,5641.578457672044
Guaratingueta,Brazil,10181.4735774483
Leverkusen,Germany,9098.394110095407
Dubuque,United States,3531.068572938429
Yaroslavl,Russia,9242.645507068102
Mahajanga,Madagascar,17446.46893486401
New York City,United States,1847.7039945757315
Metepec,Mexico,2462.0836791245365
Jeddah,Saudi Arabia,10222.590122886208
Managua,Nicaragua,4025.064933908369
Akron,United States,948.1769238173287
Hartlepool,United Kingdom,7038.532775715101
Cairo,Egypt,12053.6080558344
Dormagen,Germany,9178.015857350842
Dublin,Ireland,6039.2629721304
Matola,Mozambique,13096.969072622423
Fontenay-aux-Roses,France,6942.079371881882
Bendigo,Australia,16392.29411256331
Czestochowa,Poland,8145.7449299032005
Medan,Indonesia,17096.594512934334
Puente Alto,Chile,5760.309897833495
Halle,Germany,9189.624923031148
Miguel Hidalgo,Mexico,3069.6116913934734
Mbandaka,Democratic Republic of the Congo,10826.495512890138
Melbourne,Australia,12788.505721835136
Santiago de Chile,Chile,7496.109061630963
Nanyang,China,11707.421444723883
Tokio,Japan,13436.797740881077
Ajmer,India,12982.395401709748
Brisbane,Australia,15857.501505924934
Mexico City,Mexico,2467.3607468226323
Cardiff,United Kingdom,8425.33075602171
Villa Alemana,Chile,8725.29193411471
Houston,United States,1385.1840926992002
Mackay,Australia,11933.46174000329
Milwaukee,United States,3413.838372209304
New York City,United States,3954.5019455694955
Las Tunas,Cuba,1035.0233076981513
Valinhos,Brazil,7575.778118713398
Santa Ana,El Salvador,3846.538361110631
Cua,Venezuela,5739.063174768009
Panevezys,Lithuania,7394.177751242438
Guangzhou,China,12864.361133308374
Nuneaton,United Kingdom,8610.937307957905
Tegucigalpa,Honduras,2522.890029620149
Belfort,France,9459.016327338466
San Luis Potosi,Mexico,3586.7676009629495
Mougins,France,7302.796130420698
Aubervilliers,France,6985.762649115834
Zhytomyr,Ukraine,8775.892669140858
Kawagoe,Japan,10761.957885435524
Port Macquarie,Australia,15821.60595046336
Santo Domingo,Dominican Republic,2465.629392271219
Bologna,Italy,6405.798678574664
Ercolano,Italy,8697.946133993566
San Francisco,United States,3280.051833748774
Jeddah,Saudi Arabia,10307.35207247166
Jabalpur,India,13346.001865563028
Garforth,United Kingdom,6296.907480802783
Wolverhampton,United Kingdom,6685.029988414919
Bakersfield,United States,3974.6153368843925
Perth,Australia,18466.734461071177
Dehra Dun,India,13856.554380227833
Kiel,Germany,6940.8907696940005
Quincy,United States,1962.2674312210181
Marlborough,United States,2140.1728720478714
Santo Domingo,Dominican Republic,5437.367125986584
Cairns,Australia,11651.866559401034
Wagga Wagga,Australia,12460.13757803958
Dorsten,Germany,7290.486663060222
Hamburgo,Germany,6316.644937541225
Mataram,Indonesia,18904.068367407468
San Luis Potosi,Mexico,3154.567290227393
Mackay,Australia,16298.546443212757
Spokane,United States,5644.907035076685
Louisville,United States,2905.791908620387
Trinidad,Bolivia,5995.550156763076
Managua,Nicaragua,3361.947403606267
Kisangani,Democratic Republic of the Congo,10165.948579632322
Baden-Baden,Germany,7386.2201476582495
Escuintla,Guatemala,2671.4023133748988
Poza Rica de Hidalgo,Mexico,2718.6537880916476
Leeds,United Kingdom,8538.037623160952
Santo Domingo,Dominican Republic,378.2457625853567
Kathmandu,Nepal,12971.309276636108
Natal,Brazil,4334.692147183361
Magdeburg,Germany,8513.889384165343
Afyon,Turkey,9352.813475140834
Funtua,Nigeria,8449.244373375745
Nelson,New Zealand,13875.789035397951
Chihuahua,Mexico,1951.7063624819064
Houston,United States,426.4446139583224
Gold Coast,Australia,15832.333764314957
Bogota,Colombia,3819.411511532937
Paris,France,6947.248037850301
Paris,France,6287.640747521127
Cassilandia,Brazil,8997.87927537144
Amstelveen,Netherlands,7153.848248741915
Leon,Nicaragua,4647.750364404589
Edinburgh,United Kingdom,6684.982948217662
Canberra,Australia,16787.81971577077
Mudanjiang,China,9758.922897893024
Santiago de Cuba,Cuba,2597.9668293494306
Kampala,Uganda,10952.050079799546
Callao,Peru,4258.019034050827
Philadelphia,United States,2551.342292658074
Matanzas,Cuba,1600.9089039808769
Libreville,Gabon,9973.932569116707
Bendigo,Australia,14476.981867522212
Rangoon,Myanmar (Burma),14491.664097771927
Aprilia,Italy,6925.853843554667
Tegucigalpa,Honduras,2273.578144437069
Algiers,Argelia,7010.928013414231
Chingola,Zambia,10885.607517699005
Changzhou,China,14432.723119358632
Nantong,China,14393.049585151253
Mersin,Turkey,9752.97911779796
Melton,Australia,13668.678314500456
Hempstead,United States,3636.151416336916
Fort Portal,Uganda,10697.330449088597
Artemisa,Cuba,1859.9363323611183
Calama,Chile,4511.295235360763
Ufa,Russia,10245.06533802531
Rosario,Argentina,5695.10522829155
Athens,United States,620.2440751818576
Miami,United States,1653.4540486782842
Lakewood,United States,4408.434344899125
Camaguey,Cuba,1291.9465875449825
Ambattur,India,14963.389394001899
Venice,Italy,8568.997516634241
Camarillo,United States,3275.5500383716308
Xuzhou,China,13353.075286122525
Phoenix,United States,3462.567388107313
Lugansk,Ukraine,9605.499586271815
Oceanside,United States,5323.7451432449225
Al Hillah,Iraq,9691.079164059236
Lahore,Pakistan,11562.797788033955
Newark,United States,2602.8248426706937
Berlin,Germany,8743.398224595532
Gaithersburg,United States,2543.519738510091
Colorado Springs,United States,726.0053639735884
Harrogate,United Kingdom,6747.728289840861
Livry-Gargan,France,8996.407721944115
Cape Town,South Africa,10658.935483414927
Santo Domingo,Dominican Republic,3205.5492511289553
Semarang,Indonesia,14582.258246067378
Douai,France,5905.728161224477
Tianjin,China,13617.533722534929
Cienfuegos,Cuba,2286.4120340126406
Wollongong,Australia,15930.287200618479
Poznan,Poland,9481.467329667033
Mombasa,Kenya,13489.16580084404
Middlesbrough,United Kingdom,6774.280599167421
Gothenburg,Sweden,6504.1795576424465
Pestovo,Russia,7443.825933964907
Sterlitamak,Russia,8417.105121452498
Las Rozas de Madrid,Spain,6402.420500577073
Villingen-Schwenningen,Germany,7403.620833546051
Lucknow,India,13898.85571770394
Inglewood,United States,5423.554378035488
Newcastle,South Africa,11539.391389811743
Raipur,India,13114.041134772782
Manizales,Colombia,4191.663828927164
Puertollano,Spain,6377.990946813847
Kharkiv,Ukraine,8911.39820362934
Rosarito,Mexico,5278.806712986714
Mulhouse,France,9445.20251236732
Dublin,Ireland,6421.215907960323
Cotonou,Benin,7559.076291709183
Antalya,Turkey,10532.205409194756
Miguel Hidalgo,Mexico,3455.9584071694694
Buenos Aires,Argentina,8225.995222645624
Depok,Indonesia,18503.31017383408
Philadelphia,United States,219.45701965932292
Antwerp,Belgium,7308.217253741029
Ludwigshafen am Rhein,Germany,9411.353017045594
Toulon,France,7223.485823287531
Porirua,New Zealand,13630.661670642136
Oldenburg,Germany,8894.03947163358
Munster,Germany,6018.745674796586
Inglewood,United States,3423.3672273844136
Mexico City,Mexico,2775.2601132435757
Berlin,Germany,6754.0787473881255
Karaganda,Kazakhstan,11582.469675596923
Lahore,Pakistan,13134.535144952277
Krasnyy Luch,Ukraine,9599.880470168631
Tartagal,Argentina,4519.050364600715
Newcastle,South Africa,11541.815896986034
Drogobych,Ukraine,7136.242740816145
Kerman,Iran,11061.602147250813
Esbjerg,Denmark,7148.412768048309
Marietta,United States,1796.216279134324
Munich,Germany,7629.6076558432505
London,United Kingdom,6336.47547720427
Assen,Netherlands,5752.824573771133
Chihuahua,Mexico,1203.260728827614
Sarkand,Kazakhstan,11200.62172945387
Basildon,United Kingdom,8579.31290920952
Sarcelles,France,5841.185748888701
Muret,France,6849.086909694456
Kaliningrad,Russia,8172.862651940591
Juarez,Mexico,2180.0089209066055
Callao,Peru,7135.187831681215
Nagasaki,Japan,14067.370340069107
Abidjan,Marfil Coast,7407.256539695792
Cabimas,Venezuela,1026.1848829662415
Jackson,United States,1367.6683629458291
Arlington Heights,United States,1289.2208797740204
Fort-de-France,Martinica,3273.3409526414466
Sydney,Australia,11944.612370528728
Indore,India,12401.626407133472
Genk,Belgium,7188.144177791303
Jieyang,China,12794.686701842093
Barra Mansa,Brazil,7998.29780912277
Passaic,United States,2640.9740850210906
Houston,United States,1319.3596753006384
The Hague,Netherlands,7814.50603872163
Carrara,Italy,7552.790860608668
Igarassu,Brazil,9889.309929498666
Peoria,United States,3353.012740744874
Bridgetown,Barbados,895.835244873813
Lakewood,United States,2283.276643667977
Cucuta,Colombia,3702.656876758756
Tigard,United States,1276.9176590624322
Sousa,Brazil,9594.921397613525
Pomezia,Italy,7080.033274585811
Spanish Town,Jamaica,5256.1716176076225
Belo Horizonte,Brazil,7429.598725046263
Shulan,China,12944.873359445333
Hollywood,United States,5422.733391689077
Alexandria,Egypt,11774.837386819387
San Pedro de Macoris,Dominican Republic,2785.2752938810236
Seuol,South Korea,13880.675016802546
Ghent,Belgium,7060.4004530921975
Philadelphia,United States,802.6988438315856
Newark,United States,23.040919165750235
Mulhouse,France,7317.228840788824
Berlin,Germany,7726.652254602025
Namangan,Uzbekistan,11830.401260854713
Oxford,United Kingdom,8021.303303561804
Ulaanbaatar,Mongolia,10762.286247745105
Caloundra,Australia,15873.406656411262
Vincennes,France,7036.430227167639
Santo Domingo,Dominican Republic,378.51334202296454
San Pedro Sula,Honduras,3084.8949683645774
Depok,Indonesia,16026.294309377377
Djibouti,Djibouti,13805.493971436868
Santo Domingo,Dominican Republic,4496.999099420468
Mexico City,Mexico,3453.0796681919187
Holguin,Cuba,4705.547457004102
Montceau-les-Mines,France,9279.066487694832
Pingdingshan,China,14246.452051464199
New York City,United States,3435.0666375383985
Stuttgart,Germany,7132.685093288144
Ho Chi Minh City,Vietnam,16707.567294662804
Saint-Pol-sur-Mer,France,7999.551035397526
Chicago,United States,2840.100266407671
Avon,France,9225.639509110395
Abidjan,Marfil Coast,7407.256539695792
Samarinda,Indonesia,18009.409456548143
Palma de Mallorca,Spain,6962.029148142629
Pirapora,Brazil,4586.455501487839
Riverside,United States,1807.397998680325
Seattle,United States,3443.0174135458374
Shah Alam,Malasia,13967.682106387458
Sakaka,Saudi Arabia,10623.948077839688
Posadas,Argentina,9266.487884778919
Neubrandenburg,Germany,9046.663060341452
Columbia,United States,917.2554444105904
Zihuatanejo,Mexico,3721.4262135980466
Jiaohe,China,11014.672468366007
Montrouge,France,6025.085466917202
San Salvador,El Salvador,2491.731012194097
Zwolle,Netherlands,8788.210641093678
Marseille,France,8507.17639570519
Joinville,Brazil,6055.936354914633
Khmelnytskyi,Ukraine,8735.948252292237
Dehra Dun,India,11874.35898171095
Hermosillo,Mexico,4676.920406669086
Cairo,Egypt,9072.81983179883
Lorient,France,6494.726820917954
Caen,France,6444.45657419069
Puebla,Mexico,3258.7332080354827
Bangalore,India,15050.089099536654
Medan,Indonesia,14879.384303160026
Winterthur,Switzerland,7422.700377734926
Milpa Alta,Mexico,3319.998938770617
Monterrey,Mexico,3591.6719199544405
Rome,Italy,7766.354504318352
Radom,Poland,8030.648072334237
Zhuhai,China,13294.128303101334
Dublin,Ireland,7150.624325597266
Antiguo Cuscatlan,El Salvador,2498.9017884711943
Tychy,Poland,9863.37118221836
Seuol,South Korea,9730.285352612822
Jerusalem,Israel,10007.940194464993
Buenos Aires,Argentina,5910.863666055958
Sincan,Turkey,9888.628856452478
Bremen,Germany,7408.422866281414
Brasilia,Brazil,3482.9450344536626
Issy-les-Moulineaux,France,7066.304929501466
Marseille,France,9724.302757845013
San Miguelito,Panama,4433.594496551895
Istanbul,Turkey,11030.385422906227
New York City,United States,1123.691699889017
Gaborone,Botswana,11066.312019239225
Likasi,Democratic Republic of the Congo,10718.194206138336
Lille,France,7011.793536128391
Kolwezi,Democratic Republic of the Congo,11573.32759877241
Dublin,Ireland,8235.018722371075
Santo Domingo,Dominican Republic,377.45574553471374
Livry-Gargan,France,6961.681028922442
Suffolk,United States,2581.131455672716
Pocatello,United States,1376.7963313695554
Pune,India,13842.237961344243
Singapore,Singapore,17589.62902067993
Lomme,France,7012.433799622605
Viena,Austria,7094.992277886201
Palermo,Italy,7897.712983456863
Sioux Falls,United States,3993.215217391346
Dresden,Germany,7135.282622214563
Levallois-Perret,France,5264.617269453882
Managua,Nicaragua,2239.6838864467527
Watertown,United States,4145.0335471508015
Santo Domingo,Dominican Republic,378.44614370295136
Jamshedpur,India,14577.91366609993
Guamuchil,Mexico,2728.3294360315554
Poole,United Kingdom,5902.564912385201
Niamey,Niger,8044.400803642021
Quimper,France,5999.364671968335
Sindelfingen,Germany,9253.417589307996
Pune,India,13788.451392049057
Lublin,Poland,8369.801370555077
Inegol,Turkey,9507.436112335476
North Las Vegas,United States,3371.7366508175196
Cincinnati,United States,2896.828707166288
Shouguang,China,11073.280199587867
Warsaw,Poland,8256.493014239484
Juarez,Mexico,4285.7659884039585
Buenos Aires,Argentina,5913.755821379945
Reims,France,9101.278521836874
Mansfield,United Kingdom,6726.5699547011
Vassouras,Brazil,8451.841816007485
Canberra,Australia,12755.451106032073
Toulouse,France,6888.615975507316
Santo Domingo,Dominican Republic,413.3476633732623
Yakarta,Indonesia,16368.412446166889
Nom Pen,Camboya,14714.762784815914
Sydney,Australia,15480.976279105707
Zaporiyia,Ukraine,10489.406721570864
Noisy-le-Sec,France,6961.484063691809
Braganca Paulista,Brazil,7647.851824936691
Radom,Poland,9469.532068895296
Brisbane,Australia,11394.242980198866
Pertuis,France,7182.500820372578
Greenville,United States,2431.3422570581824
Philadelphia,United States,1075.8745510239016
Sevran,France,6963.724528644452
Chongqing,China,11503.131447594873
Alfortville,France,9127.349439073045
Piedecuesta,Colombia,1438.2217716087284
Edinburg,United States,3385.819309972773
Montreal,Canada,3097.545379586617
Munich,Germany,7866.5107167680835
Villiers-le-Bel,France,5316.0277030079205
San Salvador,El Salvador,3617.4772203125312
Santa Ana,El Salvador,2557.33775508303
Damaturu,Nigeria,8396.16515048847
Managua,Nicaragua,2602.6749297274127
Zapopan,Mexico,1261.9162665731287
Magdeburg,Germany,7034.617745855684
Bridgetown,Barbados,3862.4472027659776
Jiangyan,China,9237.85667332795
Villemomble,France,6962.969273428034
Villahermosa,Mexico,2809.1193550796756
Las Cruces,United States,4329.150193672622
Los Angeles,United States,2772.282499807236
Broken Arrow,United States,2050.7572929290727
Belgaum,India,14312.01829612453
Maputo,Mozambique,17299.917015404968
Chitungwiza,Zimbabwe,16497.675430257033
Philadelphia,United States,2545.9252915185843
Nom Pen,Camboya,16559.750466185767
Manila,Filipinas,13554.574452576077
Mishawaka,United States,3209.1546905450596
Poltava,Ukraine,8965.619338374054
Sao Jose dos Campos,Brazil,9765.100847430493
Beira,Mozambique,16568.879633842367
El Ejido,Spain,7042.948334369652
Detroit,United States,1137.103537285561
Mixco,Guatemala,3035.0533961191463
Valencia,Venezuela,907.5474156341959
Ho Chi Minh City,Vietnam,16705.287931271137
Guantanamo,Cuba,4838.42751522351
Colon,Panama,5106.078896065644
Mixco,Guatemala,2617.4720499667983
Parma,Italy,6750.622592457837
Paris,France,6949.860496337473
Roswell,United States,680.8415299469764
Louviers,France,6866.158857564666
New York City,United States,2604.504810167086
Windhoek,Namibia,14937.845070050345
Chinandega,Nicaragua,2917.026610005355
Heilbronn,Germany,7450.653830726303
Xichang,China,14759.901898701119
Brasilia,Brazil,6593.624586495396
Canberra,Australia,16080.150268579995
Ciego de Avila,Cuba,1348.07308514977
Oxford,United Kingdom,6976.185754097367
Ibirite,Brazil,8021.6051142284205
Ho Chi Minh City,Vietnam,14297.309196882845
Guarulhos,Brazil,5093.122796803156
West Bromwich,United Kingdom,6691.297989340228
Jackson,United States,1738.0707132066211
Gomez Palacio,Mexico,1764.482985174093
Springfield,United States,750.1298377575364
Brasilia,Brazil,3480.5556838974444
Mixco,Guatemala,2617.2164596503744
Chester,United States,468.02190752967334
Manila,Filipinas,16281.023972746454
Shanghai,China,14468.12412958265
Blackpool,United Kingdom,5334.793090129965
Cleveland,United States,1525.7467738501093
Santo Domingo,Dominican Republic,378.2321352281406
Depok,Indonesia,18510.889079120763
Kerpen,Germany,7271.529921314866
Beijing,China,13531.084982522032
Lunel,France,6214.202472595049
Birmingham,United Kingdom,6696.115461199038
Passos,Brazil,7479.587377448237
Zaria,Nigeria,7966.611594790197
Kampala,Uganda,11371.982170885509
Sarkand,Kazakhstan,12175.988468724778
Buenos Aires,Argentina,8826.192908007451
Melbourne,Australia,16308.491940233298
Houston,United States,827.1487524844844
Houston,United States,707.5615203267229
Bacolod City,Filipinas,11896.751378438
Oxford,United Kingdom,6322.260382409934
Kayseri,Turkey,9376.484963716612
Dalian,China,13524.503732211471
Dunedin,New Zealand,14899.000141882841
Istanbul,Turkey,9134.872350675383
Catanduva,Brazil,4752.107321459607
Leon,Nicaragua,3414.3763278051906
Lakeville,United States,3852.072151336605
Pinar del Rio,Cuba,3547.788833989502
Wuhan,China,10561.813653209243
Ajmer,India,13516.766658731935
Umuarama,Brazil,15613.71928917771
Medellin,Colombia,1662.2921508268328
Tianjin,China,8877.426480603983
Columbia,United States,2272.970627169149
Thane,India,12974.421280620265
Linhai,China,11542.078938476125
Bacau,Romania,8721.168077891632
Leon,Nicaragua,2339.7365353653922
Matadi,Democratic Republic of the Congo,10449.417802442867
Shanghai,China,11554.008802789442
Bhavnagar,India,13598.773226289295
Kerman,Iran,11991.454610197947
Managua,Nicaragua,2240.341771308745
Hamburgo,Germany,6852.30507280348
Delhi,India,11650.915201617336
Hinckley,United Kingdom,5610.524796114538
Salt Lake City,United States,926.1024045235574
Long Beach,United States,3343.5336922927127
Ananindeua,Brazil,5239.806995274486
Iasi,Romania,10392.468579142349
Santo Domingo,Dominican Republic,378.69704958977445
Dordrecht,Netherlands,7134.012326258595
Riyadh,Saudi Arabia,11404.882877925453
Wellington,New Zealand,13724.553719357991
Thane,India,13944.939759217634
Hobart,Australia,15838.543107680382
Auburn,United States,2484.600277978178
Ulsan,South Korea,13830.991051755145
Anaheim,United States,5376.492858782934
Coulommiers,France,8027.933072718161
Viena,Austria,7984.06333323004
Avellaneda,Argentina,5914.8819673869175
Yichun,China,14845.695914279338
Lagos de Moreno,Mexico,3722.9582871413018
London,United Kingdom,8761.50820657146
Jos,Nigeria,12676.93057699082
San Salvador,El Salvador,3336.721735032763
Soledad Diez Gutierrez,Mexico,2443.6699461218345
Passos,Brazil,9603.584264190577
Geelong,Australia,16310.306360885546
Soyapango,El Salvador,2487.627037252184
Pertuis,France,9466.424372638552
Ilopango,El Salvador,2875.2189117055
Philadelphia,United States,161.1560523336485
Morelia,Mexico,3300.3608997745823
Philadelphia,United States,621.9129571872267
Jos,Nigeria,8449.260165231122
Roseville,United States,1979.4667937381575
Madrid,Spain,7554.649248698945
New York City,United States,252.36696746647857
Miami,United States,1651.276631165664
Yaounde,Cameroon,13290.479056225498
Hesperia,United States,5331.846387241687
New York City,United States,2593.9785643134965
Dnipropetrovsk,Ukraine,9006.302495101214
Viena,Austria,6920.994073940509
Valparaiso,Chile,7787.8412566486295
Hargeysa,Somalia,11632.866387926528
Medan,Indonesia,16692.757013282702
Melbourne,Australia,16281.077855490576
Franklin,United States,2464.061326349334
Colorado Springs,United States,926.5558873185066
Bagdad,Iraq,10959.812550125185
Gonaives,Haiti,679.3039689671344
Seattle,United States,3353.2917945287813
Stuttgart,Germany,9502.246456552757
Estocolmo,Sweden,8607.114996482476
Weifang,China,11456.277259509392
Cipolletti,Argentina,6336.013485757781
Cuttack,India,14005.747165649389
Mar del Plata,Argentina,6292.113865034585
Guantanamo,Cuba,3199.3510144744273
Ararangua,Brazil,5525.024306861929
San Diego,United States,2516.7008074022956
Andijon,Uzbekistan,11919.395840558567
Seattle,United States,3796.3146060450545
Tlaquepaque,Mexico,3550.840409598332
Arbil,Iraq,10550.410549362974
Juiz de Fora,Brazil,5090.328362348202
Brasilia,Brazil,3474.197866196044
Portmore,Jamaica,1747.4868664183487
Sakaka,Saudi Arabia,10523.952402646282
Delhi,India,12882.394339743953
El Progreso,Honduras,2440.4297408920224
Vittoria,Italy,10316.44772549806
Metz,France,7234.248562250304
New York City,United States,1189.2316124448214
Kayes,Mali,6006.94297974493
Soyapango,El Salvador,2487.6263639623176
Long Beach,United States,5405.216945233749
Ghent,Belgium,6798.544655665221
New York City,United States,3931.3124558850923
Mitry-Mory,France,6689.560794252484
Canberra,Australia,15604.517584178657
Ashford,United Kingdom,6846.543030141282
Bury,United Kingdom,5740.570668554504
Sao Paulo,Brazil,7535.543023744926
Manila,Filipinas,11762.299498926974
Talavera de la Reina,Spain,9346.5524683034
La Plata,Argentina,8778.064789827797
Rajkot,India,13699.005372414354
Loughborough,United Kingdom,6249.335210034626
La Spezia,Italy,9779.975144635686
Porto Alegre,Brazil,5580.967262329274
Lowestoft,United Kingdom,5859.301498988489
Saint-Nazaire,France,6218.399327979183
Moa,Cuba,2209.2144635785403
Metepec,Mexico,3153.953624379948
Gisborne,New Zealand,11230.582895745652
Los Angeles,United States,2925.020698216715
Jhansi,India,13867.598795035343
Ufa,Russia,9832.177281246977
Nuneaton,United Kingdom,6521.498991237543
Dar es Salaam,Tanzania,13160.174694607156
Lakeville,United States,3852.4382752696174
Las Rozas de Madrid,Spain,5764.351707543564
Lisbon,Portugal,5941.67176593818
Hobart,Australia,15833.480254418197
Braila,Romania,8355.455264130762
Ceuta,Spain,9476.859796011026
Birkenhead,United Kingdom,8453.230866935864
Mombasa,Kenya,11851.980327762485
Langen,Germany,7412.858605371707
Hamilton,New Zealand,13708.571389961176
Espoo,Finland,8315.097002077724
Jena,Germany,7590.945519164867
Seattle,United States,5993.303060815506
Viena,Austria,7888.024579689413
Sao Paulo,Brazil,5095.5161832164695
Ludwigsburg,Germany,7451.988741493478
Rheine,Germany,7322.026087139206
Tehuacan,Mexico,2456.052258811798
San Miguelito,Panama,4922.232024912291
Dortmund,Germany,7299.05462059932
Arraijan,Panama,1762.7689503817585
Duisburg,Germany,9128.946273906939
Qom,Iran,11778.548357829823
Newark,United States,2603.668637171652
Ahvaz,Iran,11179.465870118307
Viena,Austria,7985.045705989261
Villa Nueva,Guatemala,2597.867321319845
Livry-Gargan,France,7299.086910949426
Santo Domingo,Dominican Republic,2400.8418406651695
Nuneaton,United Kingdom,6469.736884654625
Kaspiysk,Russia,10576.456090849757
New York City,United States,14.351734763357102
Cuscatancingo,El Salvador,2491.1466868922234
Hobart,Australia,15856.30254134881
Marion,United States,1206.9239443257027
Resistencia,Argentina,7736.518817050117
Philadelphia,United States,2564.7136045485213
Berlin,Germany,6559.502333948172
Bari,Italy,8406.679645567643
Marano di Napoli,Italy,7892.470216532551
Rangoon,Myanmar (Burma),13320.345378219261
Paramaribo,Suriname,1833.5087838871975
Agra,India,13094.299897210483
Agra,India,13685.705068548416
Caloundra,Australia,13248.591756959699
Miami,United States,3176.4637668514774
Lowestoft,United Kingdom,6941.20190095645
San Juan,Argentina,5426.495426554035
Abu Kabir,Egypt,9728.553167598768
Fremont,United States,4120.182765114476
Ouagadougou,Burkina Faso,10598.575938823224
Seattle,United States,2632.4201500825357
Suzhou,China,14475.057077775613
Allentown,United States,2631.3772722893864
Hanoi,Vietnam,14743.396654967839
Braganca Paulista,Brazil,10041.883635121088
Bamenda,Cameroon,9516.499419936941
Basildon,United Kingdom,8489.589431115757
New York City,United States,3885.8434755848775
Villa Nueva,Guatemala,2618.670591673757
Mixco,Guatemala,3057.9583704310216
Gaspar,Brazil,5342.453711234125
Edinburgh,United Kingdom,6685.173300918031
Knoxville,United States,915.3718729534049
Rome,Italy,9978.576336154956
Balikpapan,Indonesia,15845.977167731306
Piedecuesta,Colombia,1437.1212946886753
Mangalore,India,14051.547755401756
Brisbane,Australia,15878.8690214296
Barcelona,Spain,9674.958521361243
Queanbeyan,Australia,15144.943632169972
Norderstedt,Germany,6015.094353677452
Los Angeles,United States,5411.011048131305
Annemasse,France,7236.956675388201
Wetzlar,Germany,5981.169197994613
Soyapango,El Salvador,2488.3712120026153
Santiago de Compostela,Spain,5618.5952247455
Utrecht,Netherlands,6665.219285292161
Nevsehir,Turkey,9682.05845383757
Gardanne,France,8518.59506093228
Sao Paulo,Brazil,8368.513734834562
Tegucigalpa,Honduras,3092.717010681296
New York City,United States,1156.653764384737
Gisborne,New Zealand,13817.739219023379
Cruz das Almas,Brazil,4542.017227197904
Philadelphia,United States,1080.684643302603
Lodz,Poland,7572.517866994627
Duisburg,Germany,9123.690725455317
Caloocan,Filipinas,16276.417113918582
Contramaestre,Cuba,1061.725757712373
Tipitapa,Nicaragua,2238.0112956652147
Yaounde,Cameroon,8603.995292363265
Tijuana,Mexico,518.7445618741045
Hampton,United States,515.4883134525647
Nanning,China,13450.657978200377
Granada,Spain,9629.657305546445
Nanchang,China,12086.811269729642
Paris,France,8786.598713620355
Boa Esperanca,Brazil,4907.322593873721
Ipoh,Malasia,13777.524077440095
Lancaster,United States,2605.5586894125295
Saginaw,United States,349.21154444091115
Potchefstroom,South Africa,13687.016203888297
Guelph,Canada,3436.050781140744
San Francisco,United States,4082.7775876250585
Offenbach,Germany,6228.738438846638
Bilaspur,India,13359.536590283173
San Francisco,United States,1526.5094937874446
Balikesir,Turkey,8281.854402748002
Boulogne-Billancourt,France,6943.058537178736
Dourados,Brazil,4654.997902572285
Eskisehir,Turkey,9302.4048095311
New York City,United States,2597.772555999079
Burgos,Spain,6435.190462001219
Quchan,Iran,10641.608564027214
Wuhan,China,14603.238398539082
Qingdao,China,11367.297900311876
Las Pinas,Filipinas,13474.896181788923
Kermanshah,Iran,9694.051208092777
Bayonne,France,6628.646376541711
Swansea,United Kingdom,6375.548318571268
Avignon,France,8785.580358594612
Leeds,United Kingdom,6737.711312544485
Arraijan,Panama,3427.7573035947066
Khouribga,Morocco,6112.499735767031
Shenzhen,China,10504.893614644117
Fontenay-aux-Roses,France,9115.405456494445
Sao Miguel dos Campos,Brazil,10124.6627131369
Hanoi,Vietnam,12440.772110756356
Jiangyan,China,11572.4601290107
Rockhampton,Australia,15459.131406339411
Bangkok,Thailand,13918.124140958063
Ulaanbaatar,Mongolia,9905.80741391544
Mount Vernon,United States,19.267635049103472
Avellaneda,Argentina,8865.917812123804
Heerlen,Netherlands,7217.687879897857
Erlangen,Germany,9365.857988995378
Columbia,United States,1072.4982346711101
Ferndown,United Kingdom,8598.380346788363
Newcastle,South Africa,13736.624414605314
Milan,Italy,9734.399972969755
Bremen,Germany,7421.400594084357
Bangkok,Thailand,14309.775909626802
Seuol,South Korea,9326.009592960785
Funtua,Nigeria,9462.480038037478
Gujranwala,Pakistan,13032.531368712665
Remscheid,Germany,10920.656173470861
Columbia,United States,3315.983519523295
Halifax,United Kingdom,5475.9177561437255
Moca,Dominican Republic,454.9102321839131
Foggia,Italy,8020.498374843966
Managua,Nicaragua,3930.374896908252
San Francisco,United States,563.3753105562926
Latina,Italy,9996.976430359504
Adelaide,Australia,13166.059074611343
Moreno Valley,United States,2763.1870750720486
Townsville,Australia,14102.00538355185
Lowestoft,United Kingdom,6942.178801755396
Resistencia,Argentina,5130.906379883056
Kuala Lumpur,Malasia,17305.56837341378
Ibadan,Nigeria,10317.345923812358
Brisbane,Australia,15880.410058523643
Aracatuba,Brazil,7746.254323780763
Korba,India,14387.448863421707
Bressuire,France,7361.479034503054
Cairo,Egypt,9714.580981704814
Buenos Aires,Argentina,9725.353819098056
Valenciennes,France,8520.383677833346
Manaus,Brazil,4075.906256679055
Gold Coast,Australia,11393.028401091411
Caracas,Venezuela,858.763751789742
Taupo,New Zealand,13634.623026720394
Douai,France,6825.133921696291
Monteria,Colombia,1491.7765572692476
Senhor do Bonfim,Brazil,4260.674198105021
Chihuahua,Mexico,2163.983726873066
Chengdu,China,11860.408249778446
Toulon,France,7223.890866688063
Westminster,United States,3119.1120782044854
Viena,Austria,7960.736236632726
Dakar,Senegal,5223.829668421545
San Francisco de Macoris,Dominican Republic,424.46024729156755
Watford,United Kingdom,6785.952385309745
New York City,United States,1537.6216112504032
Maputo,Mozambique,17621.110372052433
Dorsten,Germany,6296.427370042744
Hattiesburg,United States,2721.29121592633
Iguala,Mexico,2584.4413077881472
Saint-Dizier,France,6472.456690959634
Jinjiang,China,10486.726710988989
Ninghai,China,10461.487706512527
Izmir,Turkey,9622.044172176329
Chicago,United States,133.68365628629113
Madrid,Spain,6028.207684381453
Fasa,Iran,11720.654277864744
Walsall,United Kingdom,6687.34415632163
Santa Ana,El Salvador,1886.4658216783102
Casablanca,Morocco,6046.398204141856
Yakarta,Indonesia,15401.155742486044
Middlesbrough,United Kingdom,8340.083825108353
Huehuetenango,Guatemala,2706.0511561440785
New York City,United States,3613.8347830751677
Ramat Aviv,Israel,11625.032159436874
Rotterdam,Netherlands,6093.41393528891
Elazig,Turkey,9811.576093472237
Mersin,Turkey,8946.10782517982
Wuchang,China,14599.803509171796
Prato,Italy,7633.816261385621
Castellammare di Stabia,Italy,7954.055215922258
Roeselare,Belgium,7024.299346585158
Lille,France,6327.25576690681
Manukau City,New Zealand,10473.695949558962
San Pedro Sula,Honduras,2858.9883360865
Chihuahua,Mexico,4186.219755508186
Albuquerque,United States,4414.37841497435
Oyonnax,France,7359.891617679162
Castelldefels,Spain,7045.483103921219
Santo Domingo,Dominican Republic,5440.915009399882
Getafe,Spain,6146.815932254148
Iasi,Romania,8830.395688495033
Kasugai,Japan,13586.482052808582
Henderson,United States,2141.2287219035043
Stoke-on-Trent,United Kingdom,6683.780141725204
Lima,Peru,6996.729168476713
Kaunas,Lithuania,8325.065863245267
Shihezi,China,10715.408312313659
Agra,India,12412.315821665874
Los Angeles,United States,1902.819085482965
Fremont,United States,2538.564261410571
Sydney,Australia,12166.421617337663
Algiers,Argelia,9961.598121216137
Brindisi,Italy,8066.254437948208
Belleville,United States,3203.8635644784363
Milpa Alta,Mexico,1805.0320549632254
Surabaya,Indonesia,15556.505061928174
Milwaukee,United States,2730.663336883566
Marseille,France,7172.542285895102
Saint-Germain-en-Laye,France,7697.0603573167045
Dudley,United Kingdom,6682.9649745231645
Ad Diwem,Sudan,10425.160855102746
Philadelphia,United States,2546.034204497477
Dos Quebradas,Colombia,3152.3926490601834
Brikama,Republic of Gambia,7407.256539695792
Irapuato,Mexico,3676.7682754385623
Houston,United States,2093.9304649301503
Harbin,China,10165.95239944597
Cairo,Egypt,9717.351323351555
Montenegro,Colombia,3653.4840056965436
Taboao da Serra,Brazil,7607.165830058067
Basingstoke,United Kingdom,6727.241146504863
Hamadan,Iran,9872.67274437915
Tuxtla Gutierrez,Mexico,2668.8223295884636
Acireale,Italy,8065.90186850957
Masaya,Nicaragua,2228.8442975160697
Offenbach,Germany,9326.132053133177
Irkutsk,Russia,14149.419056788367
Valladolid,Spain,9021.683713982002
Toowoomba,Australia,14837.359749875885
La Ceiba,Honduras,2190.3238822662197
Managua,Nicaragua,2240.466824797546
Atlanta,United States,2486.353086307998
Santo Domingo,Dominican Republic,378.01030344358094
Bagdad,Iraq,12286.586399249576
Metepec,Mexico,1695.6037103657866
Estocolmo,Sweden,7966.711598966007
Araguaina,Brazil,2471.2267779771173
Bangkok,Thailand,16186.791455533177
Veracruz,Mexico,2914.04023425111
Annonay,France,7116.185418572569
Manchester,United Kingdom,7374.281938913773
Reggio nell'Emilia,Italy,9881.308975375137
Hamburgo,Germany,7501.07012699741
Canberra,Australia,15975.315242554454
Roseville,United States,3175.3438904241148
Plovdiv,Bulgaria,10758.832086214368
Philadelphia,United States,2548.730575824887
Guatemala City,Guatemala,3027.052281421458
Barcelona,Spain,6914.826134383345
Viena,Austria,9838.941902377574
Los Angeles,United States,3436.6779442172437
Great Falls,United States,1773.9377112028849
Drancy,France,6961.5669752992435
Round Rock,United States,3437.3804423419047
San Salvador,El Salvador,3102.3612192362425
Valdemoro,Spain,6417.666431496419
Calgary,Canada,2696.1145481342814
Mexico City,Mexico,2978.405729438868
Xintai,China,13992.642207545929
Metepec,Mexico,2151.8019721078495
Hubli,India,14399.361995819901
Houston,United States,3203.0090251947004
Delft,Netherlands,7110.361386488349
Emmen,Netherlands,7295.906271306501
New York City,United States,932.1035088818231
Tegucigalpa,Honduras,3080.1467450609935
Annaba,Argelia,7291.053548901958
Bagneux,France,7625.9050002302765
Dallas,United States,3436.1422876124802
Revere,United States,2025.4865685714178
Tiruppur,India,15413.893510433998
Tetouan,Morocco,9251.09099657921
Schiltigheim,France,7323.702642207776
Widnes,United Kingdom,6654.015616798213
Perth,Australia,18473.32628906688
Los Angeles,United States,3940.382908332405
Ho Chi Minh City,Vietnam,16710.285661667134
Lafayette,United States,1985.492477015339
Antony,France,9031.005177761861
Houston,United States,2258.320297922962
Kinshasa,Democratic Republic of the Congo,12179.253821173466
Ankara,Turkey,11248.065592617846
Managua,Nicaragua,3294.1441588034854
Muskogee,United States,1315.0432402451072
Apeldoorn,Netherlands,6423.975149199088
Sao Paulo,Brazil,7603.315001548976
Shagamu,Nigeria,8693.843054015873
San Pedro Sula,Honduras,2325.596585639043
Tegucigalpa,Honduras,2272.4897999282516
Merida,Mexico,2455.3245349572044
Tamale,Ghana,9140.173126044449
New York City,United States,14.368398577605502
Viena,Austria,6824.7718493689335
Jeddah,Saudi Arabia,11430.269549927178
Hurghada,Egypt,10063.173347953421
Les Ulis,France,6936.378854614698
Malakoff,France,6460.5742685876385
Bolton,United Kingdom,6058.561901596791
Coventry,United Kingdom,6717.843736781544
Granada,Spain,7604.218488445982
Shantou,China,15389.837278016295
New York City,United States,2597.4886491784446
Berlin,Germany,8037.6058634519795
Basra,Iraq,10223.8169760583
Santiago de Cuba,Cuba,2446.7464589061856
Niagara Falls,United States,401.80808721541604
Dortmund,Germany,7326.558658877304
Leon,Nicaragua,3996.47874334679
Augsburg,Germany,8390.600908770437
Jequie,Brazil,7918.263200929556
Philadelphia,United States,2545.134555913091
Cambridge,United Kingdom,6117.3617465531415
Termez,Uzbekistan,10162.77418829617
Crotone,Italy,7466.19147434733
Ariquemes,Brazil,3130.7584528729108
Sao Miguel dos Campos,Brazil,7286.933682517235
San Salvador,El Salvador,2493.025592938087
Atlanta,United States,2479.869766766375
Managua,Nicaragua,2239.681371068067
Kuching,Malasia,15475.7408850601
Troisdorf,Germany,7819.083125312555
Bandung,Indonesia,18600.960449445374
Santo Domingo,Dominican Republic,378.63476595956956
Antalya,Turkey,8950.438572281231
Surabaya,Indonesia,18780.63835153765
Al Mahallah al Kubra,Egypt,9675.03937371439
Queretaro,Mexico,2368.261837570311
Vinnytsia,Ukraine,8848.120167490895
Lyon,France,7104.671749981575
Managua,Nicaragua,4637.407991735549
David,Panama,2048.2639971974645
Kankan,Guinea,11134.127335135043
Columbia,United States,313.34312406017966
Melbourne,Australia,12758.114665390758
Viena,Austria,8048.243210456619
New York City,United States,1501.0976846759688
Termez,Uzbekistan,12184.911717549066
Oruro,Bolivia,4086.706939658401
Abidjan,Marfil Coast,7407.256539695792
Tegucigalpa,Honduras,2273.0515139291942
Balikesir,Turkey,9106.560889492152
San Salvador,El Salvador,2492.3225170270284
San Luis Potosi,Mexico,2688.284349124034
Bangkok,Thailand,14777.25289318585
Le Mans,France,6784.781298719971
Courbevoie,France,6942.697142701956
Esteli,Nicaragua,3724.0743809820747
Kuching,Malasia,10122.8825304791
Cologne,Germany,7293.163244049429
Soledad,Colombia,3201.590094837785
Little Rock,United States,3147.2743447688445
Zanjan,Iran,10886.864475122218
Krefeld,Germany,8408.43495449701
Metepec,Mexico,2462.2916520137887
New York City,United States,1714.8242768763585
Mexico City,Mexico,2338.8550003624455
San Miguelito,Panama,2863.8594890911786
Townsville,Australia,16537.382488033592
Barcelona,Spain,6927.7049904493015
Yakarta,Indonesia,16494.72103992016
Giurgiu,Romania,8805.051182731746
Vinnytsia,Ukraine,10479.8238418067
Chinandega,Nicaragua,3322.901427564674
Langenfeld,Germany,9153.680807681472
Dublin,Ireland,8296.233250906587
Lakewood,United States,1758.7683803109671
Garden City,United States,4020.2968564913836
San Francisco,United States,103.36507593739286
Santo Domingo,Dominican Republic,2982.94058199773
Baltimore,United States,1196.1045753126614
Viena,Austria,7432.800636626732
Vallejo,United States,3218.4720432424715
Cottage Grove,United States,3842.712418579751
Erftstadt,Germany,6774.640786938755
Asansol,India,13205.253023461872
Molfetta,Italy,8992.375613102557
Yakarta,Indonesia,14868.3502475204
Houston,United States,2152.6081018013474
Bisceglie,Italy,8113.7012383663405
Montesson,France,6939.760165491167
San Antonio,United States,1453.2944267448008
Augsburg,Germany,6702.3707590664
Tulsa,United States,192.20597844445106
La Crau,France,9746.791025109329
Birmingham,United Kingdom,6221.252310434949
Leeds,United Kingdom,8277.976213138114
Newcastle,South Africa,12038.93725961392
Bendigo,Australia,16388.629902377415
San Juan de la Maguana,Dominican Republic,4828.192705154814
Belleville,United States,1402.2574386495467
Managua,Nicaragua,4036.1253361694385
Santo Domingo,Dominican Republic,378.57706602231855
Latina,Italy,10112.99495294344
Timisoara,Romania,8392.366324805753
Wilson,United States,1123.4370038619788
Ponte Nova,Brazil,7579.371499244684
Venice,Italy,7714.679689016171
Rock Hill,United States,2347.144155063304
El Progreso,Honduras,2838.3788652108196
Delhi,India,13513.109310116048
Swindon,United Kingdom,8672.28651552908
Morelia,Mexico,2183.447056429545
Cagliari,Italy,10136.681955151424
Yakarta,Indonesia,16207.06163748244
San Salvador,El Salvador,3989.539510347342
Nanterre,France,6094.034859578041
Bangkok,Thailand,13337.609877052388
Guntur,India,14742.018115887273
Escuintla,Guatemala,3361.349947414067
San Salvador,El Salvador,2492.0535843118605
Pietermaritzburg,South Africa,13232.529723946875
Genoa,Italy,7456.460454086896
Port Macquarie,Australia,13954.203697814713
Jos,Nigeria,12606.5269341826
Ghent,Belgium,6063.3114104702345
Cuernavaca,Mexico,3466.692974154079
Turkmenabat,Turkmenistan,11810.317679721422
Santiago de los Caballeros,Dominican Republic,4871.216985297881
Ghent,Belgium,7061.840094775299
Ujjain,India,13077.039578614605
Viena,Austria,7989.880810664796
Esteli,Nicaragua,2215.019133573627
Wad Madani,Sudan,10534.703007938593
Everett,United States,5991.291021637342
Taranto,Italy,8144.1590106743115
Concord,United States,2809.527345252548
Christchurch,New Zealand,13312.537086576815
Bremen,Germany,7417.502867370153
Tegucigalpa,Honduras,2272.8754660109294
Weston-super-Mare,United Kingdom,6603.080544879996
Southaven,United States,2552.246105047158
Luoyang,China,14149.386833660496
Khouribga,Morocco,6726.402951848209
Adelaide,Australia,16967.834983004785
Lakeland,United States,3807.2354384231226
Santiago de los Caballeros,Dominican Republic,473.3997990030428
Salon-de-Provence,France,6972.178654230277
New York City,United States,1998.4056276576948
Rawalpindi,Pakistan,12430.903450477917
Santo Domingo,Dominican Republic,378.756335401322
Guadalajara,Mexico,3291.988912609308
Antony,France,6947.576341263681
Cuajimalpa,Mexico,3296.614521711598
Dortmund,Germany,7106.163743522233
Salzburg,Austria,8431.783306714995
Apopa,El Salvador,3112.8759179965396
Albuquerque,United States,2916.8315739370464
Bundaberg,Australia,13944.339083116594
eMbalenhle,South Africa,16579.870992108576
Portage,United States,2909.424747981484
Chicago,United States,3306.485154787788
Leon,Nicaragua,3224.1735000538292
Port Elizabeth,South Africa,11301.450953842152
Rome,Italy,10157.502232407638
Accra,Ghana,12199.456778802018
Chifeng,China,9639.33931273046
Cassilandia,Brazil,7900.420787656076
Santo Domingo,Dominican Republic,378.4323074386193
Vijayawada,India,13482.238353585099
Kinshasa,Democratic Republic of the Congo,9290.362439937384
Fort-de-France,Martinica,4313.431172542576
Galati,Romania,8922.89812725514
Sao Paulo,Brazil,5098.559820993668
Ankara,Turkey,11112.180542898293
Houston,United States,3202.611451916384
Brest,France,8407.548621275708
Kalyan,India,14183.784397419951
Reynosa,Mexico,3393.954592500938
Salon-de-Provence,France,7150.650911275695
Las Tunas,Cuba,2564.362878726472
Luoyang,China,11445.07922033245
Halesowen,United Kingdom,5613.911082530264
Chiclayo,Peru,4939.541833786745
Zhoukou,China,12078.835026912137
Hanoi,Vietnam,15574.82487630871
Doncaster,United Kingdom,7080.755860826551
Chimoio,Mozambique,17040.105526882617
Vassouras,Brazil,10270.835560626694
Springfield,United States,3269.3487126438663
Yakarta,Indonesia,18480.49663027315
Kirkwood,United States,677.3448346847244
New York City,United States,358.9673618519752
Etimesgut,Turkey,9466.919589232963
Buenos Aires,Argentina,5915.126421874349
Sant Boi de Llobregat,Spain,6904.733935388127
Valladolid,Spain,9153.663320635616
Lowestoft,United Kingdom,5674.6844705224075
Valencia,Venezuela,6085.346977748903
Copenhagen,Denmark,7655.907088900466
Kettering,United Kingdom,6768.357556317561
Qiqihar,China,12609.499748881191
Louisville,United States,2910.3634091475888
Palencia,Spain,6358.483798687905
Oyonnax,France,9462.888268095772
Manchester,United Kingdom,5384.484744675358
Wattrelos,France,7028.032762850943
Long Beach,United States,3632.1855637890935
Elx,Spain,6112.430074836672
Xichang,China,12835.029948996116
Geraldton,Australia,18572.57810870845
Moradabad,India,13599.034123750122
Masaya,Nicaragua,2228.4508647342204
Mixco,Guatemala,2447.390567709524
Shelton,United States,2637.913470318639
Columbia,United States,893.8621554426142
Oakland,United States,4094.6451503542144
Whangarei,New Zealand,13798.71906057088
Santiago de los Caballeros,Dominican Republic,475.4957716711243
Santiago de Chile,Chile,5734.650434170525
Barcelona,Spain,8483.727909331437
Juarez,Mexico,2012.0033666450179
Gaomi,China,12291.971129178715
Avellaneda,Argentina,8443.420386678381
Minneapolis,United States,1582.820192202205
Grand Rapids,United States,3290.395346601855
Tianjin,China,10914.038825424688
El Progreso,Honduras,3069.4637647840864
Agde,France,7017.79546413477
Managua,Nicaragua,4559.370790524034
Manchester,United Kingdom,4883.050518401025
Villahermosa,Mexico,2337.376157004739
Dordrecht,Netherlands,7135.098694526014
Manukau City,New Zealand,13746.285001898175
San Marcos,United States,3446.153753187214
Astana,Kazakhstan,9364.975786704157
Gap,France,8998.788386352686
Colima,Mexico,3962.446032982338
Barnsley,United Kingdom,6736.689462308991
Brisbane,Australia,14305.434059942523
Tijuana,Mexico,655.8650813325614
Wuxi,China,11558.262529836373
Contramaestre,Cuba,1062.2478512541084
Delft,Netherlands,6627.813828516357
Jinjiang,China,15213.331975529472
San Salvador,El Salvador,2492.4525376724982
Antwerp,Belgium,9043.045438865203
Kahramanmaras,Turkey,12498.99591799547
Gilbert,United States,3012.9902704535352
Apple Valley,United States,2612.507366269429
San Jose del Monte,Filipinas,16256.334292276184
Perth Amboy,United States,1603.9868123193103
Holguin,Cuba,8105.540236783183
Lima,Peru,4122.51250302176
Mbuji-mayi,Democratic Republic of the Congo,10224.788001092513
Hanoi,Vietnam,15574.565685831994
Yopal,Colombia,1589.5444973524382
Milan,Italy,6915.859776432647
Les Pavillons-sous-Bois,France,7747.540325195238
San Miguelito,Panama,1909.5909732410933
Santo Domingo,Dominican Republic,378.2707333743355
Liaocheng,China,13942.061061509761
Borujerd,Iran,11050.038621578564
Onitsha,Nigeria,11584.115490350941
Seattle,United States,3130.736925701435
Marseille,France,9025.592809050673
Hastings,United Kingdom,7081.843595315992
San Salvador,El Salvador,3037.365196480831
Geelong,Australia,15574.091115264362
K'ut'aisi,Georgia,9115.620444990325
Acireale,Italy,8067.997838076763
Cholet,France,5215.627755109778
Berlin,Germany,7728.382853250458
Taranto,Italy,8172.159025301696
Westland,United States,626.3265863740405
Managua,Nicaragua,2240.211494267762
Burbank,United States,3700.7023616724478
Mejicanos,El Salvador,2938.257787081864
Bari,Italy,7453.576905416696
Sousa,Brazil,9275.273002522643
Hastings,United Kingdom,6840.204279454555
Dos Hermanas,Spain,6210.288156210826
Redditch,United Kingdom,5978.911147224583
Dormagen,Germany,8074.339987183272
San Salvador,El Salvador,3653.239157681767
Fes,Morocco,6283.832257754946
Tokio,Japan,8323.698482318434
Capannori,Italy,7154.782465760453
Sacramento,United States,3927.1236755821874
New York City,United States,781.3276060434948
Edinburgh,United Kingdom,6639.842460963757
Cheltenham,United Kingdom,8646.320686020235
Grand Prairie,United States,1212.2801225261512
Escuintla,Guatemala,2672.251337723645
Nigde,Turkey,9592.392303836401
Seuol,South Korea,10522.782032590358
Sao Paulo,Brazil,5098.061866605737
Santo Domingo,Dominican Republic,4663.041653886485
Jacksonville,United States,3173.0884268279647
Los Angeles,United States,1023.3980218929221
Caloocan,Filipinas,16286.845930118548
Ezhou,China,12161.054056736666
Samarinda,Indonesia,18007.178908335183
Sydney,Australia,16000.200379142269
Port Harcourt,Nigeria,12834.984194552784
Sorriso,Brazil,4388.53643390173
Doha,Qatar,13277.874026364389
Bangkok,Thailand,16169.433652977446
Handan,China,13936.468881919503
Apodaca,Mexico,1781.646369537177
Managua,Nicaragua,3648.9807708201197
Tegucigalpa,Honduras,2273.8033262783993
Apopa,El Salvador,2487.9546038228887
Bom Jesus da Lapa,Brazil,4296.568742123647
Santa Clara,Cuba,2012.3117816737956
Reggio nell'Emilia,Italy,9519.040408687444
Mijas,Spain,5889.129290132281
Pila,Poland,7949.0725608076455
Glasgow,United Kingdom,8032.810793924622
Hermosillo,Mexico,4678.124872042863
Ilopango,El Salvador,3730.862106402012
Seattle,United States,3871.1369623379246
Morristown,United States,3940.535794437895
Denver,United States,4399.85728834127
Gorakhpur,India,14066.621711016687
Albuquerque,United States,836.712723139525
Choisy-le-Roi,France,6684.77954250739
Manila,Filipinas,13996.529834551238
Tijuana,Mexico,4670.701728977159
New York City,United States,4226.814332000577
Tamworth,United Kingdom,8267.155090733491
Mohammedia,Morocco,9622.388290025689
Berlin,Germany,7729.2619021712735
Bangalore,India,14769.810456092637
Lugansk,Ukraine,9607.620729440754
Lahore,Pakistan,11790.204096947566
Recife,Brazil,4518.45931562147
Mosul,Iraq,9797.01457581922
Pinar del Rio,Cuba,3574.223604080645
Sydney,Australia,15214.581247681177
Ciego de Avila,Cuba,4325.0976121017775
Fort Worth,United States,1440.920291902806
Akron,United States,2918.898099444525
Rustenburg,South Africa,11221.403987809521
Ghent,Belgium,6334.31513998678
Carcassonne,France,6932.664960665113
Chongqing,China,12202.004201727057
Santo Domingo,Dominican Republic,2483.5678382214574
Melbourne,Australia,15395.319018706561
Bath,United Kingdom,5401.3743208212
Tlemcen,Argelia,6622.474974787537
Kirovohrad,Ukraine,9097.43859602374
Chartres,France,6365.620459542751
Wuppertal,Germany,7308.050043929193
Altamira,Brazil,2831.810209107875
Salihli,Turkey,10211.918749819579
La Romana,Dominican Republic,5550.591310681908
Posadas,Argentina,7835.323061829858
Santiago de Chile,Chile,8974.474186290003
Ermont,France,8098.383784726539
La Ceiba,Honduras,3028.1181364421254
Leuven,Belgium,7128.883062885988
Dublin,Ireland,5165.173761820833
Nowra,Australia,15936.803528690767
Kayes,Mali,6007.235061207846
Toulouse,France,9202.603750436823
Czestochowa,Poland,9598.757234827837
Metepec,Mexico,3499.957473059281
Istanbul,Turkey,9132.245807394027
Dallas,United States,3437.1281719662884
Petapa,Guatemala,2615.2198962776083
Durango,Mexico,553.0430671220306
Leon,Nicaragua,2305.4058165855713
Thies Nones,Senegal,5276.251538542798
Cairo,Egypt,9715.6823584807
Palaiseau,France,8392.621359681585
Los Angeles,United States,1220.5775256246498
Zaria,Nigeria,7965.67809259776
Munich,Germany,5991.801819388198
Singapore,Singapore,17588.43674454221
Milwaukee,United States,2787.04295975852
Grajau,Brazil,3468.153800995145
Cairo,Egypt,9717.205041543948
Bridgetown,Barbados,3431.1403962156855
Offenbach,Germany,7417.9210093566235
Katowice,Poland,6311.432006650284
San Miguelito,Panama,3077.9978345998366
Camaguey,Cuba,1256.4496324536449
Changwon,South Korea,10935.148664612329
Helena,United States,1851.0552973967867
Tianjin,China,13621.37016886544
Frankfurt,Germany,6562.878483116628
Worcester,United Kingdom,7808.638941990582
Manukau City,New Zealand,11671.331052030462
Vinnytsia,Ukraine,8845.49542673699
Taiping,Malasia,16128.281257805902
Quito,Ecuador,5589.997446512598
San Salvador,El Salvador,3124.223589854609
Seuol,South Korea,11278.72307911901
Ho Chi Minh City,Vietnam,14126.934436216967
Cucuta,Colombia,1307.9881150672318
Barcelona,Spain,9469.195874120373
Houston,United States,3203.141397902356
Bagdad,Iraq,10723.132819832237
Sonsonate,El Salvador,3658.3038665738236
Santo Domingo,Dominican Republic,378.063108970818
Sao Paulo,Brazil,5093.321194699307
Riyadh,Saudi Arabia,11839.318053962721
Rancagua,Chile,8482.920648536492
Le Bouscat,France,6697.2318476129
Marseille,France,6964.408041445859
Zacatecas,Mexico,2218.9289404741594
Le Mans,France,6787.993625089432
Arraijan,Panama,3319.03476127054
Faridabad,India,12928.030550595911
Campo Grande,Brazil,8910.10249142288
Oakland,United States,603.8096795248356
Alphen aan den Rijn,Netherlands,7134.7620152576355
Bremen,Germany,8661.846082020389
Berlin,Germany,7730.964347229527
Houston,United States,1560.0388739636965
San Pedro Sula,Honduras,2886.210348296165
Moca,Dominican Republic,1929.2575158945633
Sao Paulo,Brazil,8095.3303228811
Albertville,France,9544.787860544717
Managua,Nicaragua,2240.422298977472
Santiago de Cuba,Cuba,1015.2435770465452
Westonaria,South Africa,13307.011054770126
Morelia,Mexico,3672.3944025425844
Quixada,Brazil,9335.453104636226
Muskogee,United States,3447.1386286536735
Estocolmo,Sweden,7966.300660233493
Bedford,United Kingdom,6787.7819359305895
Los Angeles,United States,5413.446931962472
Bridgetown,Barbados,3517.955502840823
Viransehir,Turkey,9662.381773536066
Troy,United States,2804.0179462780916
Trento,Italy,8664.525736267322
Plano,United States,1456.2453033880736
Hamburgo,Germany,7496.266877531929
Chelyabinsk,Russia,10506.329655319418
Celle,Germany,7003.486051285598
Huehuetenango,Guatemala,2706.196082152089
Santo Domingo,Dominican Republic,2979.550426864633
Vassouras,Brazil,7496.289547037069
Indianapolis,United States,3055.753316859737
New York City,United States,236.84564494150624
Semarang,Indonesia,18716.51547636327
Los Angeles,United States,369.4269347453089
Santiago de Chile,Chile,5735.538591216085
Iringa,Tanzania,16874.580704035237
San Diego,United States,3880.9393113192505
Roosendaal,Netherlands,7872.24300164845
Viersen,Germany,7253.613251545681
Monterrey,Mexico,1464.7332100340839
San Juan de la Maguana,Dominican Republic,4833.9038058909655
Gaziemir,Turkey,11301.945962647444
New York City,United States,2599.7556386852084
Girona,Spain,7148.971979542243
Lugo,Spain,8037.4985206909305
Al Mahallah al Kubra,Egypt,9198.672820537711
Kathmandu,Nepal,14078.126237569351
Alphen aan den Rijn,Netherlands,7136.205772635416
Accra,Ghana,12214.11968396261
Dundee,United Kingdom,5944.546225591097
Annaba,Argelia,7425.993332353358
Delhi,India,12442.024493858611
Tlaquepaque,Mexico,3880.361351937647
Les Abymes,Guadalupe,3327.2840444015983
New York City,United States,2594.0406943566327
Upsala,Sweden,6947.565756944999
Salina Cruz,Mexico,1739.1059552374102
Vitoria da Conquista,Brazil,9864.881099062415
Kabul,Afghanistan,12513.738988364063
Oradea,Romania,8420.156032056273
Rome,Italy,7767.041122166883
Tegucigalpa,Honduras,2852.0541202936033
Hamburgo,Germany,7496.7926650453055
Viena,Austria,9673.497048322055
Qom,Iran,10757.084864241437
Mataram,Indonesia,13870.75763343389
Leon,Nicaragua,2633.7556516926197
Santa Fe,Argentina,7652.084560756856
Oberhausen,Germany,6357.546018844466
Bremen,Germany,7419.632543439164
Bandung,Indonesia,18600.566730349143
San Pedro de Macoris,Dominican Republic,2545.053694945536
Lafayette,United States,2915.26095744552
Gloucester,United Kingdom,6661.023440270518
Gomez Palacio,Mexico,3908.5508198227185
Curitiba,Brazil,5177.881836408023
Katowice,Poland,8143.10847818138
Ludhiana,India,13234.788583251167
Townsville,Australia,14971.499619077385
Taza,Morocco,6170.564280567948
Bogor,Indonesia,15048.962984001782
Atsugacho,Japan,12678.533455904344
Bundaberg,Australia,14045.370152511876
Montgeron,France,5888.229001043719
Buenos Aires,Argentina,5913.206525020106
Bulawayo,Zimbabwe,11194.300311115077
Koshigaya,Japan,10564.10408200903
Groningen,Netherlands,8989.386672892937
Acu,Brazil,5273.948818314216
Lafayette,United States,1973.4240302127007
Orsay,France,6938.860316871705
Salvador,Brazil,9897.921299358586
Herten,Germany,7305.373598636451
Halle,Germany,12211.073190906198
Limoeiro do Norte,Brazil,9166.485761701537
Oberhausen,Germany,7282.400804533255
Harlingen,United States,2610.590959242257
Piotrkow Trybunalski,Poland,9598.62322913686
Adelaide,Australia,16311.888857709775
Santa Clara,Cuba,1824.7867145851908
Logan,United States,739.5712360684987
Ahvaz,Iran,12369.349541069061
Murcia,Spain,7113.958374521072
Amarillo,United States,2268.2839729260127
Cancun,Mexico,2168.129714175347
Delicias,Mexico,1090.9053434934212
Brisbane,Australia,14333.343690817885
Las Tunas,Cuba,4259.028674950465
San Pedro de Macoris,Dominican Republic,332.081036663098
San Miguelito,Panama,1744.6989967641723
Valencia,Venezuela,5722.11390448399
Tijuana,Mexico,5283.442885308461
Offenbach,Germany,6226.460656160328
Aberdeen,United Kingdom,8267.342090650283
Perth,Australia,14938.206147245546
Auburn,United States,768.173338780684
Adana,Turkey,8738.73025850995
Sari,Iran,10454.09260878963
Moca,Dominican Republic,457.1407266442331
Erfurt,Germany,8574.367210361559
Lviv,Ukraine,8484.036640415554
Bagcilar,Turkey,9739.528509891814
Nowra,Australia,12129.325181059352
Radom,Poland,8273.557269522855
Braganca Paulista,Brazil,5041.54582950303
Ciego de Avila,Cuba,3734.3499608889565
Plantation,United States,2352.9966505971593
Wendeng,China,11252.286805950058
Choloma,Honduras,3861.7286116624996
Versailles,France,5207.140001704881
Pontault-Combault,France,6730.673179651939
Letchworth,United Kingdom,7578.453016539383
Brownsville,United States,2227.7225009735175
Little Rock,United States,1979.8478763937192
Nuremberg,Germany,7191.90299033181
Sao Paulo,Brazil,5095.696049190497
Viena,Austria,9838.240342756906
Monterrey,Mexico,2324.648835853925
Araguaina,Brazil,8646.83544564544
Naples,Italy,8520.612309333015
Santa Ana,El Salvador,2867.6479755601345
Mangalore,India,14872.312343015743
Mansfield,United Kingdom,6751.942046179963
Mumbai,India,14001.038293088444
Tlaquepaque,Mexico,3578.8019172365584
Soweto,South Africa,11808.283701573086
Quetzaltenango,Guatemala,3425.233145988954
Perth,Australia,18472.687949338375
Ankara,Turkey,9482.963516753854
Yangzhou,China,14372.221097518535
Sivas,Turkey,8954.303855372302
Viena,Austria,7472.439924501332
Santa Catarina,Mexico,1902.5531159830757
Manila,Filipinas,16289.144745599511
Hiratsuka,Japan,13488.451919559213
Whyalla,Australia,17126.588219094192
Rennes,France,6643.211994900313
Buzau,Romania,8832.675750602768
Bangkok,Thailand,16184.947673172775
Wakefield,United Kingdom,8556.288618466559
Alexandria,Egypt,9253.116733489811
Nakhon Ratchasima,Thailand,12590.471261204679
Virginia Beach,United States,3891.6924459128504
Weifang,China,13901.496016607261
Milwaukee,United States,3411.7788747913764
Charleroi,Belgium,8741.199075582213
Santo Domingo,Dominican Republic,5447.64870049426
Wollongong,Australia,15611.225424590508
Balneario Camboriu,Brazil,5350.111593254104
Juarez,Mexico,3081.463327324031
Saanich,Canada,6092.336925708432
Santiago de Compostela,Spain,6040.369470123999
San Antonio,United States,3485.800278826431
Goiania,Brazil,6422.328541376692
Milan,Italy,8269.810171074709
Sao Paulo,Brazil,5096.609118566499
Spanish Town,Jamaica,4458.632441178273
Gold Coast,Australia,15833.621462952495
Huehuetenango,Guatemala,3310.9163382681863
New York City,United States,2598.001516908529
Widnes,United Kingdom,8553.66988551657
Los Angeles,United States,1656.8988330953362
Bamako,Mali,6270.525579210497
Toulouse,France,7477.060396080682
Stellenbosch,South Africa,10703.17957125977
Puerto La Cruz,Venezuela,901.6418168193458
Blackpool,United Kingdom,6640.397885697566
Buenos Aires,Argentina,8680.53205386331
San Francisco,United States,631.3201788599424
Augsburg,Germany,7555.498706828307
Santiago de los Caballeros,Dominican Republic,3577.4584436549153
Barcelona,Spain,7190.7568464942815
Tieling,China,9844.48528913811
Tlalpan,Mexico,3455.241010005301
Guadalajara,Mexico,2096.3667800772437
Duisburg,Germany,6669.445224185616
Marseille,France,9001.135896507902
Harrow,United Kingdom,6788.861798569201
Virginia Beach,United States,2525.5776523367945
Caloundra,Australia,14259.51152552343
Surabaya,Indonesia,15789.178362418474
West Bromwich,United Kingdom,8608.07957313242
Raleigh,United States,2307.804173614039
San Diego,United States,3629.6863168252235
Cormeilles-en-Parisis,France,6142.336876954975
Miass,Russia,8626.679331404785
Misurata,Libya,9941.495601093437
Cuscatancingo,El Salvador,4887.190366248052
Philadelphia,United States,791.9669225820626
San Francisco,United States,1630.0182302358617
Guangzhou,China,13557.632501864642
Shenzhen,China,12997.368340644103
Den Helder,Netherlands,6594.317486285426
Chillan,Chile,6100.142882283646
Hurghada,Egypt,10063.506759573113
Buenos Aires,Argentina,9106.778074063493
Brisbane,Australia,15880.380293978978
Tlalnepantla,Mexico,1973.0714914525206
Bochum,Germany,7309.196690895606
Mannheim,Germany,9335.025335887269
Sioux Falls,United States,2131.314284070626
Melbourne,Australia,16281.521364353808
Quetzaltenango,Guatemala,3111.020709620994
Piacenza,Italy,7519.461309960397
Marietta,United States,2510.731694915071
Canberra,Australia,16052.062385069334
Issy-les-Moulineaux,France,8648.334097615165
Mackay,Australia,16299.627573277621
Bremen,Germany,9102.310633849018
Los Angeles,United States,871.3676305708999
Hamme,Belgium,7091.142746713034
Mbandaka,Democratic Republic of the Congo,9447.369278342952
Dover,United States,614.6117287684536
Paris,France,7773.3037726782895
Waitakere,New Zealand,13988.493685398773
Sunderland,United Kingdom,6774.724683735585
Rach Gia,Vietnam,16738.89214023558
Santo Domingo,Dominican Republic,5616.587059045841
Saltillo,Mexico,1817.4244814379979
Yamoussoukro,Marfil Coast,7407.256539695792
Daejeon,South Korea,10725.88849922034
Chinandega,Nicaragua,2814.227679231637
Soyapango,El Salvador,2488.4466715723947
Casablanca,Morocco,6043.518308195707
Reynosa,Mexico,2760.776604740345
San Luis Potosi,Mexico,3585.663027001563
Manila,Filipinas,13123.671721612449
Maisons-Laffitte,France,6938.263847766119
Mexico City,Mexico,3452.5959354017355
Escuintla,Guatemala,4411.418471647114
Viena,Austria,7205.042643490523
New York City,United States,244.218977464715
San Francisco,United States,5823.438368779672
Ludhiana,India,11250.968633131992
Pomezia,Italy,7770.964867112635
Santo Domingo,Dominican Republic,378.59942136087665
Mexico City,Mexico,1859.2548304147592
Los Angeles,United States,236.05827796483402
Sindelfingen,Germany,6888.393291705665
Domont,France,9095.660537005382
Petapa,Guatemala,2614.489199625689
Waterlooville,United Kingdom,6701.711531341306
Columbus,United States,2664.4496066017296
Avondale,United States,3340.6973689302404
Schiltigheim,France,8462.021896989283
Dongguan,China,15436.556292394307
Bedford,United Kingdom,6782.275539689707
La Seyne-sur-Mer,France,7219.778769407823
Onitsha,Nigeria,12210.38593893739
Ayacucho,Peru,6093.804863749641
Jeddah,Saudi Arabia,10798.843863622515
Gonaives,Haiti,679.2063587016803
Takamatsu,Japan,11310.031133827977
Zigong,China,11353.295970388057
Colorado Springs,United States,1289.6036659602355
Medan,Indonesia,17459.206238961106
Marrakech,Morocco,8117.712373613544
Manisa,Turkey,10238.432479135563
Datong,China,9559.13968970051
Tiruppur,India,14921.492695237233
Paulista,Brazil,9824.582845792007
Kano,Nigeria,12444.18518031021
Huddinge,Sweden,6973.942150379893
San Francisco,United States,5823.094945883386
Poissy,France,5818.292451696583
Chimbote,Peru,3306.1770663728585
Celle,Germany,9914.63038133048
Royal Oak,United States,218.8454805902696
Bremen,Germany,6329.886733404
Kuito,Angola,9752.001732106446
Durango,Mexico,4037.738410940307
Hayange,France,6083.711608415047
Kiel,Germany,7525.064093850045
San Antonio,United States,3486.55832111599
Naples,Italy,8547.359549960867
Managua,Nicaragua,3160.0456479359855
Poole,United Kingdom,7485.118417760668
Jackson,United States,2629.2991803029604
Stafford,United Kingdom,8893.195744215274
Kabul,Afghanistan,12364.316300601451
Sivas,Turkey,9375.882951062722
Yakarta,Indonesia,15764.992812881661
Linz,Austria,9677.203173436701
Altamira,Brazil,5344.957652968844
Ciego de Avila,Cuba,1350.4714246990247
Groningen,Netherlands,6476.938803001706
Tilburg,Netherlands,5437.029933224967
Santo Domingo,Dominican Republic,1567.2346581432867
Houston,United States,3203.8511771969347
Lima,Peru,6633.245438301946
Livry-Gargan,France,6961.585517839649
Cotonou,Benin,11907.342817101782
Rangoon,Myanmar (Burma),15683.841090634114
Soyapango,El Salvador,2488.420210275317
Narbonne,France,9387.138806400091
Adelaide,Australia,16939.985179800184
Brive-la-Gaillarde,France,6833.254183647082
Durham,United States,300.8759112645393
Pescara,Italy,6979.662051158772
Grenoble,France,7197.544985415747
Poole,United Kingdom,8546.96720160824
Gera,Germany,7652.572368208421
Samarinda,Indonesia,14947.512622910965
Ankara,Turkey,11188.191974428099
North Las Vegas,United States,2731.9799712001627
Chinautla,Guatemala,3694.836816889862
Villiers-le-Bel,France,6930.87601121195
Dijon,France,6469.86748245733
Harbin,China,10547.206806925311
Kuantan,Malasia,15454.46046826796
Hobart,Australia,12990.958645004375
Santiago de Compostela,Spain,6050.256729928473
Long Beach,United States,5433.72759031695
Santiago de Cuba,Cuba,1489.9895003496497
La Ceiba,Honduras,2399.0082562313064
Aligarh,India,11792.804962995742
Fort Lauderdale,United States,1612.4176460635933
Alexandria,Egypt,9551.858315483569
Jinan,China,11626.656167137951
San Miguelito,Panama,3532.7835036954343
Denizli,Turkey,9774.849065659113
Luanda,Angola,9237.692192510896
Tongi,Bangladesh,14499.022098095651
Brisbane,Australia,15877.866518968043
Kaiserslautern,Germany,7381.737181091533
Tlalnepantla,Mexico,3438.1937874699324
Bendigo,Australia,12891.594840704529
Miami,United States,1652.6193968723267
Brisbane,Australia,13216.238288144672
Sioux Falls,United States,3994.174609733425
Viersen,Germany,7228.62319788224
Apopa,El Salvador,3237.4998980114347
Santiago de Cuba,Cuba,2406.969686969486
Bangkok,Thailand,16190.717584082622
Toledo,United States,3065.415239787499
Martigues,France,7784.17322717949
Caucaia,Brazil,3892.0806776089676
Wafangdian,China,10759.40227640968
Santiago de los Caballeros,Dominican Republic,4948.925010226172
Lowell,United States,438.68294318653017
Portsmouth,United Kingdom,8908.797946741743
Yaroslavl,Russia,8455.35559513207
Arraijan,Panama,2846.3166561439143
Presidencia Roque Saenz Pena,Argentina,7612.319816200455
Bouake,Marfil Coast,7407.256539695792
Vineland,United States,3774.9103186496345
Santa Cruz de la Sierra,Bolivia,4002.8526302011455
Kawagoe,Japan,13421.260272910296
Bajos de Haina,Dominican Republic,387.67612941385596
Xichang,China,14758.630693034956
Mexicali,Mexico,2988.543947793175
Springfield,United States,3274.8066787284815
Concord,United States,2021.7321793471413
Jaipur,India,12781.164320869993
La Vega,Dominican Republic,468.797206249381
Aswan,Egypt,12038.288179563713
Surabaya,Indonesia,16691.89818383852
Cairo,Egypt,9718.540554184661
Lucknow,India,13888.014295434295
Chengdu,China,14494.865487747526
Likasi,Democratic Republic of the Congo,10718.59689104676
London,United Kingdom,6797.181941296253
Masaya,Nicaragua,2229.1790977749333
Wollongong,Australia,15956.141941193386
Sogamoso,Colombia,5510.035008725952
Sincan,Turkey,9460.353586344838
Bamenda,Cameroon,8354.019971231315
Leipzig,Germany,7668.541491925755
Cherkasy,Ukraine,8706.936292730994
Davis,United States,3543.566910739296
Roswell,United States,2812.280357616939
Bafra,Turkey,9659.297803999913
Cotonou,Benin,7559.172179168951
Beykoz,Turkey,9146.670310092226
San Salvador,El Salvador,2492.2504315558026
Cuscatancingo,El Salvador,3367.6583704461927
Brasov,Romania,8728.294031594427
Libreville,Gabon,13272.880939272472
Matanzas,Cuba,1670.4348368695041
Tipitapa,Nicaragua,2223.3436381303845
Jacksonville,United States,769.1588180141127
Costa Mesa,United States,50.86691975246974
Amsterdam,Netherlands,7150.37772133808
Valenciennes,France,7043.356063134818
Adelaide,Australia,13354.350066840236
Valles,Mexico,3626.981474017143
Monclova,Mexico,1417.767490686598
North Las Vegas,United States,2814.695639068896
Montenegro,Colombia,4018.011650349757
Forbach,France,7287.776245170544
Leon,Nicaragua,2305.4999619252544
Guantanamo,Cuba,2683.357475776203
Iquique,Chile,7106.149220659229
Dortmund,Germany,7328.631520031975
Panama City,Panama,1150.6711487092498
Sapucaia do Sul,Brazil,8263.943409683663
Radom,Poland,7702.527225955205
Vannes,France,5806.34029753876
Kuito,Angola,14749.552622351695
Pontes e Lacerda,Brazil,7722.782108403247
Jonesboro,United States,584.4204765729421
Clamart,France,8210.342597608242
Valladolid,Spain,9303.22100070585
Toulouse,France,9499.18504291896
Kisumu,Kenya,15103.029373785475
Rouen,France,7211.589503787656
Leon,Nicaragua,1530.8237178736592
La Rochelle,France,6668.7402059116175
Nottingham,United Kingdom,6753.636318935959
Rochester Hills,United States,2256.009427633206
Emden,Germany,6426.305450904664
Jackson,United States,1463.1063268616
Petapa,Guatemala,2615.311278884746
Sioux Falls,United States,3989.9228716443035
Laguna Niguel,United States,84.02139976618606
Chelyabinsk,Russia,10568.198240259422
Tlalnepantla,Mexico,1561.5613628056976
Linz,Austria,7831.759771262303
Maracay,Venezuela,3738.8911415787256
Le Bouscat,France,6697.75743579366
Hamburgo,Germany,8311.805191319647
Yakarta,Indonesia,15160.145544271107
Genk,Belgium,8408.86428496516
Bergisch Gladbach,Germany,7299.803041675863
Temecula,United States,5305.212039470162
Mar del Plata,Argentina,6391.750424995982
Plymouth,United Kingdom,6299.072986329752
Rawalpindi,Pakistan,12836.162027897217
Antibes,France,9787.566471142583
Paris,France,6285.034401057258
Calais,France,6929.162323602572
Sao Paulo,Brazil,7394.448784848467
Toronto,Canada,3068.9328502399517
Ekibastuz,Kazakhstan,10524.369241416542
Bridgetown,Barbados,923.6456461918808
Lille,France,8985.786147037816
Tegucigalpa,Honduras,2413.1692858350075
Tuzla,Bosnia and Herzegovina,8222.024546308661
Rome,Italy,7767.809874050345
Krefeld,Germany,8000.311838784521
Managua,Nicaragua,3974.8616527665904
Paris,France,6924.818128148327
Kampala,Uganda,12466.400362141609
Hanover,Germany,8297.914011782728
Escuintla,Guatemala,2765.0211885506137
Melbourne,Australia,12774.508141383527
La Romana,Dominican Republic,5143.649034175863
Lima,Peru,3553.0275334537123
Marseille,France,7175.566615346038
Pistoia,Italy,7611.183276855934
Leon,Nicaragua,3270.3564480959135
Mangalore,India,14546.430863003578
San Juan de la Maguana,Dominican Republic,519.7745522455135
Madero,Mexico,3699.2469949622528
Villa Canales,Guatemala,2613.0472312848574
Viena,Austria,7987.646524435113
Turkmenabat,Turkmenistan,11094.260619087792
Reynosa,Mexico,2773.4623858576024
Daca,Bangladesh,14720.249937516477
Ulsan,South Korea,10390.354474027357
Curitiba,Brazil,5160.063359916072
Morelia,Mexico,3672.0572683848104
Atlanta,United States,2481.1683839309567
Tangier,Morocco,6648.815358207376
Zaporiyia,Ukraine,9046.425119001027
Mixco,Guatemala,2616.9078195145726
Tegucigalpa,Honduras,2273.094160530005
Mexico City,Mexico,3417.1822943913567
Tours,France,6815.127927767014
Akron,United States,2910.4861204515837
Pearland,United States,1128.5468447483433
Funabashi,Japan,10851.734485630644
Kaiserslautern,Germany,8356.423804506114
Shanghai,China,14462.063039559476
Morelia,Mexico,3461.9761848710586
New York City,United States,3890.2601390067007
Sao Paulo,Brazil,5094.375237766541
Fort Worth,United States,1464.3630743927167
Lagos,Nigeria,9484.689597071272
Lower Hutt,New Zealand,10728.301916666562
Cochabamba,Bolivia,3941.0335483393346
Capannori,Italy,6840.162951502087
Bogota,Colombia,9180.935001715154
Palembang,Indonesia,13929.602063811151
Bogota,Colombia,3180.6218495088387
Mataram,Indonesia,13915.858973695353
Montes Claros,Brazil,9563.597042789943
Damanhur,Egypt,12176.624757367763
Tlaquepaque,Mexico,3288.090167712911
Akron,United States,1092.1708217026244
Lorient,France,6516.415695436718
Managua,Nicaragua,2239.7987482835583
Xichang,China,12654.062751287904
Lusaka,Zambia,11021.135730345633
Mixco,Guatemala,3059.4805000296765
London,United Kingdom,6801.911405640815
Geelong,Australia,16309.614337184748
Katsina,Nigeria,11839.268313592851
Pune,India,12158.959899732223
Burlington,United States,2999.503244030452
Cairns,Australia,14374.394184718174
Taiping,Malasia,14956.516451001651
Nha Trang,Vietnam,14149.838247502292
Santa Cruz de Barahona,Dominican Republic,500.35351279520916
Sunderland,United Kingdom,8445.961829343827
Dakar,Senegal,14356.43487431521
Temirtau,Kazakhstan,11436.023747970496
Nancy,France,7234.5705635892355
Paisley,United Kingdom,8029.782173409008
London,United Kingdom,6797.069481752117
Hamburgo,Germany,8219.729035973196
Bamako,Mali,6270.53274858333
Delhi,India,13165.800991144624
Sanya,China,14109.879922632912
Korba,India,14384.618838942384
Dongguan,China,12528.436113420074
Lucerna,Switzerland,8472.493109236446
Brumado,Brazil,7490.422779312436
Grajau,Brazil,3470.5146705251464
Viena,Austria,8859.87112090075
Barcelona,Spain,9634.300373787592
Catania,Italy,10787.638574464083
Santiago de Chile,Chile,7988.090782897525
Jonesboro,United States,2581.5902389060834
Nanning,China,11956.027118266924
Carrollton,United States,3454.8519470868555
Villefontaine,France,9652.648699578867
Adelaide,Australia,17737.418578635956
Mecca,Saudi Arabia,13344.342092755607
Cottage Grove,United States,3840.926516667846
Cairo,Egypt,11941.79195654951
Denver,United States,951.8124766413647
Hamburgo,Germany,8240.135248830667
San Salvador,El Salvador,2492.145367393592
San Luis Potosi,Mexico,3586.862939287561
Izmir,Turkey,8147.608207589204
Fontenay-aux-Roses,France,6914.144939662845
Columbus,United States,3143.1848124713956
Boghni,Argelia,10144.569463335725
Karlsruhe,Germany,7391.289768864819
Bochum,Germany,6452.133678699689
Copenhagen,Denmark,8777.291932527063
Wellington,New Zealand,13727.329781337841
Jhansi,India,13448.697416321145
Stanger,South Africa,11710.28725811849
Sunderland,United Kingdom,5344.705673253624
Lyon,France,7129.757369907311
Ennigerloh,Germany,7367.560791558411
Durg,India,14362.633039882556
Yakarta,Indonesia,17053.196598201765
Bremen,Germany,6733.823738744141
Marseille,France,7175.246665862076
Gladstone,Australia,13671.521360635485
Mexico City,Mexico,3348.736046406475
Kaspiysk,Russia,10467.167080361358
Austin,United States,3438.275490214048
Yaritagua,Venezuela,949.0974020816903
Barcelona,Spain,7697.661746625814
Tulsa,United States,3520.7466452848676
Namibe,Angola,9426.464129259459
Brisbane,Australia,15877.935386261577
Sialkot,Pakistan,12443.401915530516
Apodaca,Mexico,2786.4629400581593
Manchester,United Kingdom,6688.669266206522
Liverpool,United Kingdom,8110.65240056148
Guangzhou,China,15430.970753423193
Bremen,Germany,7397.715356114939
Owensboro,United States,1157.2226496144242
Sokode,Togo,7339.968662825076
Turin,Italy,9757.137669491836
Ghent,Belgium,8656.939475221447
Morelia,Mexico,3672.149091139655
Moron,Cuba,1353.0042507701353
Erfurt,Germany,8655.222385123428
Providence,United States,1865.5525555111071
Guayaquil,Ecuador,2720.7313748514375
Sucre,Bolivia,4129.013051152979
Brindisi,Italy,10603.120989593575
Ipoh,Malasia,17130.342047684284
Santo Domingo,Dominican Republic,378.2748068569322
Cerignola,Italy,8060.402435797329
Jackson,United States,2850.437646769476
Zigong,China,12063.20932025024
Acayucan,Mexico,1378.017899829991
Nantes,France,6232.670867736841
Sao Paulo,Brazil,7680.0392101501675
Austin,United States,720.6392145003134
Praia Grande,Brazil,8163.184904564971
Basildon,United Kingdom,6829.026399177829
La Plata,Argentina,9497.023314929178
Lancaster,United States,390.4918178300595
Remscheid,Germany,7306.381759729133
El Progreso,Honduras,2835.6065510322032
Valdemoro,Spain,5733.654859912838
Miami,United States,1649.116686193285
Namangan,Uzbekistan,11755.434426177686
Soyapango,El Salvador,3730.583571197852
Obregon,Mexico,2674.57236959883
Pimpri,India,14053.865206205239
Cuernavaca,Mexico,2890.040540875414
Balneario Camboriu,Brazil,10876.965920776322
Daloa,Marfil Coast,7407.256539695792
Ikot Ekpene,Nigeria,8157.281604876802
Seattle,United States,5417.396070863659
Santo Domingo,Dominican Republic,378.1935780105474
Viena,Austria,6570.747242577622
Bangkok,Thailand,16187.36625093925
Santa Ana,El Salvador,2330.9976901036857
Masaya,Nicaragua,2901.5789700537375
San Pedro Sula,Honduras,3631.8409342729196
Manila,Filipinas,11765.164675404216
Ciego de Avila,Cuba,1517.7052214281562
Messaad,Argelia,7384.381984017207
Manila,Filipinas,13404.960048563024
Cancun,Mexico,1941.2257020369507
Vilnius,Lithuania,8478.530197385802
Pouso Alegre,Brazil,4988.005019403656
Cologne,Germany,8538.445577358656
Concord,United States,1739.2053561203118
Oceanside,United States,2587.8772637939396
Cannes,France,7310.5346769346925
Spanish Town,Jamaica,3599.587353766181
Budapest,Hungary,8360.463161715896
Salem,United States,5984.170399669643
Mbuji-mayi,Democratic Republic of the Congo,11109.99349611787
Valparaiso,Chile,11276.127227644536
Medan,Indonesia,14441.205805054862
Hamburgo,Germany,8075.948661942463
Paris,France,6374.964234633377
Bacolod City,Filipinas,16652.550130315725
Vallauris,France,7941.671772899688
Lahore,Pakistan,12624.338885007883
Henderson,United States,2166.196506385121
Lanzhou,China,11056.55361879675
Guadalajara,Mexico,2243.9556011142095
Tete,Mozambique,11485.927750744142
Jaboatao,Brazil,7627.280471527967
San Juan,Argentina,7912.448864198904
Chitungwiza,Zimbabwe,11384.566917259372
San Sebastian,Spain,6607.835748258952
Santo Domingo,Dominican Republic,378.3425019877791
Berlin,Germany,7107.2487008761855
Las Piedras,Uruguay,10130.9052138223
Bayonne,France,5850.792141080552
Passaic,United States,1117.4043510232111
Merida,Mexico,3629.5557506976015
Metepec,Mexico,2964.1986268192404
Athens,United States,3156.792529964454
Quetzaltenango,Guatemala,2910.555169762902
Sydney,Australia,12134.871190464319
Medan,Indonesia,17095.59175524703
Tuxtla Gutierrez,Mexico,2873.201774718079
Noisy-le-Grand,France,6939.337701197466
Harlow,United Kingdom,6815.756206956136
Turin,Italy,7887.127188293444
Izmir,Turkey,8154.901483595989
Bellary,India,13554.680136564077
Bangkok,Thailand,16174.975563034268
Juarez,Mexico,3320.0755974917765
Wels,Austria,7962.107316339274
Hamburgo,Germany,8614.301150715673
Lorain,United States,1459.3370971577303
Singapore,Singapore,15003.998941565815
Buenos Aires,Argentina,10175.693968264372
Ankara,Turkey,9482.879451548622
Chongqing,China,14628.885576986884
Oyonnax,France,7588.504596136608
Dublin,Ireland,8188.182030192403
Kent,United States,3807.547914019676
Duisburg,Germany,7490.993405817235
Chicago,United States,2562.5327285525045
Ilesha,Nigeria,12429.194143422756
Tegucigalpa,Honduras,2307.5526457024525
Suwon,South Korea,13701.523852862036
Ocotlan,Mexico,2044.4113417100082
Ekibastuz,Kazakhstan,10233.751559699629
Decatur,United States,1285.254859004317
Kuching,Malasia,13590.619582849946
Buenos Aires,Argentina,9754.497697467428
Caloocan,Filipinas,13721.475745131558
Santo Domingo,Dominican Republic,378.0150226413247
Matanzas,Cuba,1671.3356727125522
Dublin,Ireland,5122.629941537443
Dewas,India,13546.70265501439
Bandung,Indonesia,13996.209074457487
Marano di Napoli,Italy,7925.257882377244
Lower Hutt,New Zealand,12090.196693318972
Uvira,Democratic Republic of the Congo,14297.773695514265
Bayamo,Cuba,1677.156598429773
Sao Miguel dos Campos,Brazil,10254.198484434826
Xinghua,China,14305.573234653144
Ixtapaluca,Mexico,2252.7252176387883
Denizli,Turkey,9741.111701291567
Roissy-en-Brie,France,6971.5829424922795
Choluteca,Honduras,3032.1208292842234
Nizhyn,Ukraine,8729.504928672506
New York City,United States,2592.898967506723
Munich,Germany,9470.132909363092
Geelong,Australia,15739.151461693284
Valenzuela,Filipinas,16269.372465437978
Muret,France,6849.53968232443
Vitoria,Spain,6517.1934650677695
Huambo,Angola,14816.6273724323
Baltimore,United States,199.88287054406283
Nowra,Australia,13703.506184366686
San Jose de las Lajas,Cuba,1724.3677493142436
Tegucigalpa,Honduras,3166.8064186745405
New York City,United States,3376.1624527101667
Gyor,Hungary,9047.159893086944
Sao Paulo,Brazil,5096.83025924051
Toulouse,France,8161.096565973941
Tegucigalpa,Honduras,2272.9327331669992
Khulna,Bangladesh,14745.974302440536
Paris,France,6945.8582312654235
Los Angeles,United States,5411.661880409272
Carrollton,United States,3480.1661650846027
Guasave,Mexico,4413.2088538447515
Sarkand,Kazakhstan,10559.196430370253
Tarbes,France,6718.044882591982
Cuajimalpa,Mexico,2479.992559775028
Ancona,Italy,7811.023017496079
Dijon,France,7148.252589921099
Tiflis,Georgia,9381.102347684613
Tarbes,France,6807.084124047672
Kalyan,India,13957.626346618552
Dallas,United States,2088.3317807230133
Bayonne,France,9313.667434753703
Ocotlan,Mexico,3825.8400434160767
Huehuetenango,Guatemala,3133.6710244537717
Bhopal,India,13946.156668980253
Denver,United States,2239.6960917460406
Ludwigsburg,Germany,7448.644410728788
El Paso,United States,4287.46807082766
Houston,United States,1295.7749899483495
Gaborone,Botswana,12577.178660024785
Mixco,Guatemala,3309.1168888177717
Villahermosa,Mexico,3149.095230184496
New York City,United States,2598.7693435443434
Ankara,Turkey,11250.993248094514
Lagos,Nigeria,8777.284480726452
San Lorenzo,Paraguay,7651.659450238454
San Francisco,United States,2996.472634044237
Marina di Carrara,Italy,7548.935480086176
Mixco,Guatemala,2391.9859155048935
Sale,Morocco,6876.518755309306
Rawalpindi,Pakistan,12841.042149798079
Miami,United States,1650.9314876100536
Hinckley,United Kingdom,8466.53364370789
Qingdao,China,9865.217501486864
Catania,Italy,7266.4863004239905
Perth,Australia,18478.419473283917
Lusaka,Zambia,11020.348252796435
Augsburg,Germany,9606.342965856109
Neuilly-sur-Seine,France,6945.930126639551
Messina,Italy,7284.505558564812
Orange,Australia,15386.349182748241
New York City,United States,2597.177875456384
Hamburgo,Germany,7496.19232391776
Teresopolis,Brazil,7694.237398262248
Port Macquarie,Australia,15824.921298535633
San Miguelito,Panama,2372.220338128742
Huehuetenango,Guatemala,3296.043905206441
Dortmund,Germany,9117.69846566387
Worcester,United Kingdom,6016.952353155488
Miami,United States,1649.8691058873421
Rangoon,Myanmar (Burma),15689.583777225149
Balikpapan,Indonesia,13273.146510744657
Kampala,Uganda,10952.007762548368
Niamey,Niger,11788.22729648094
Arak,Iran,11111.106676815405
Kaiyuan,China,15236.99706811949
New Plymouth,New Zealand,10495.250373801375
St. Helena,Brazil,5121.6243807266155
Layton,United States,2940.619283267258
Leipzig,Germany,7670.747120456002
Lafayette,United States,2912.835722087994
Quartu Sant'Elena,Italy,6846.005262501208
Akron,United States,2919.313101132345
San Diego,United States,5293.346131525594
San Jose de las Lajas,Cuba,4241.209973666595
Suzhou,China,14465.19784300632
Goiania,Brazil,9069.579273604037
Glasgow,United Kingdom,7522.731224130054
Los Angeles,United States,292.4198766055319
Baltimore,United States,1906.8109831774352
La Ceiba,Honduras,2190.53660750144
Sydney,Australia,15947.509586594168
Sucre,Bolivia,7115.683720256213
Columbus,United States,1934.6291143250949
Cabimas,Venezuela,3079.9062904877073
San Luis Potosi,Mexico,3584.5989745497645
Kankan,Guinea,10998.459723703947
Tipitapa,Nicaragua,4028.0035572488073
Tamworth,United Kingdom,6400.298579928949
Santo Domingo,Dominican Republic,3004.7559466352345
Santo Domingo,Dominican Republic,2874.449239364925
Saint-Malo,France,6626.896463792826
Alcobendas,Spain,6427.0299407318
Aix-en-Provence,France,7182.4303463850365
Soyapango,El Salvador,2265.0887415431357
Wollongong,Australia,12144.68758905677
Eastbourne,United Kingdom,5645.098578006585
Puebla,Mexico,3336.049624774431
Baotou,China,13474.007574975218
Antalya,Turkey,9022.884905016574
Portmore,Jamaica,2459.145210659962
Samarinda,Indonesia,15116.342583569645
Kenosha,United States,3370.9683098702867
Chengdu,China,12815.5446017135
Dnipropetrovsk,Ukraine,10250.708754327694
Chongqing,China,14627.392521980511
Mandurah,Australia,15611.793649673495
Artemisa,Cuba,1797.3562422041514
Neunkirchen,Germany,11391.834444452388
Oran,Argelia,7532.660032949061
La Ceiba,Honduras,3041.019256827439
Tegucigalpa,Honduras,3334.070447652435
Ho Chi Minh City,Vietnam,13459.138080092613
Bursa,Turkey,8685.962144962483
Metz,France,9329.669755831519
San Martin,El Salvador,2520.1977033758403
Temecula,United States,3890.3874250971476
Potenza,Italy,9783.92551810077
Soledad,Colombia,1213.5382016222775
Depok,Indonesia,18508.438682205055
Chicago,United States,1280.263262396193
Stuttgart,Germany,6993.843904936615
Maracaibo,Venezuela,1013.7764919974434
Los Angeles,United States,5411.367109751176
Caluire-et-Cuire,France,9453.027608344086
Gaomi,China,13925.098145157477
Faenza,Italy,7692.678557906419
Lubumbashi,Democratic Republic of the Congo,10817.093579316948
Canberra,Australia,16055.667126653716
Mackay,Australia,15423.863451455967
Osasco,Brazil,8308.248668142398
Fortaleza,Brazil,9269.978149959701
Andria,Italy,8092.260057733697
Gaziantep,Turkey,8923.201362700389
Cacador,Brazil,10216.82398929121
Balikesir,Turkey,11034.983914502542
Jeddah,Saudi Arabia,10478.721648869108
Bogor,Indonesia,16303.672283616124
Naples,Italy,9458.670984777864
Bayonne,France,6730.7859509273885
Mecca,Saudi Arabia,10970.935079953815
Djougou,Benin,12060.691182638715
Kawasaki,Japan,8893.414295276194
Mwanza,Tanzania,11084.414855990663
Philadelphia,United States,2545.945025972712
Baku,Azerbaijan,10772.574318122866
Wilhelmshaven,Germany,7375.268983478819
Rotterdam,Netherlands,7294.29911671045
Springfield,United States,3274.402889166121
Lunel,France,6514.958315355786
Shashi,China,10675.307518782442
Shijiazhuang,China,10808.918013237768
Chongqing,China,12379.438043643102
Denver,United States,4404.180948974809
Frontignan,France,9498.886176019303
Colmar,France,7322.49521252381
Nizhyn,Ukraine,8979.122880656687
Duisburg,Germany,9123.238501436668
Narbonne,France,6982.93208298807
Brasilia,Brazil,6007.098578491118
Los Angeles,United States,55.42835493951025
Ankara,Turkey,10790.367487667054
Santo Domingo,Dominican Republic,378.62959843152566
Cincinnati,United States,2980.1681249382113
Vernon,France,6376.341772373227
Baku,Azerbaijan,10766.27720426438
Seattle,United States,5990.970240781596
Hermosillo,Mexico,1283.3412872533559
Cordoba,Mexico,3223.5520783163365
Antipolo,Filipinas,16280.79315039812
Lucknow,India,12281.5122090169
Saint-Gratien,France,6966.352581482402
Portmore,Jamaica,4837.488094205619
Colorado Springs,United States,983.0495960654983
Santo Domingo,Dominican Republic,4023.82354265193
Buenos Aires,Argentina,5906.758521984337
New York City,United States,2600.1109695812065
Thane,India,14035.29170092329
Mexicali,Mexico,5139.25019152827
Clichy,France,6588.75026065094
Pekanbaru,Indonesia,14137.995172083829
Luoyang,China,14153.85706553194
Pinheiro,Brazil,9019.573300273718
Lisbon,Portugal,8057.216763044598
Hermosillo,Mexico,2532.6758978723306
Kikwit,Democratic Republic of the Congo,9684.438320077814
Indore,India,13898.194991375092
Langen,Germany,9319.56842922964
Petapa,Guatemala,2264.5658086904555
Bloomington,United States,2828.9896279807044
Bedford,United Kingdom,6786.559163660484
Gaziantep,Turkey,9271.784901766045
San Pedro Sula,Honduras,2325.6036930063437
Beijing,China,11023.653743990297
Brindisi,Italy,10276.289636466267
Plano,United States,1443.7796563431123
Hot Springs,United States,3226.0838022058374
Wilmington,United States,779.4534906739661
Granollers,Spain,6183.66165312743
Mouscron,Belgium,6998.0554913214155
Puerto Padre,Cuba,1718.9633172906501
Bacolod City,Filipinas,14792.407340760596
Singapore,Singapore,17586.575211634936
Votuporanga,Brazil,7883.636749975373
Apodaca,Mexico,3578.4014424010516
Berdychiv,Ukraine,9938.589975662266
Magdeburg,Germany,9452.296811111524
Witten,Germany,6076.0490140036445
The Hague,Netherlands,6227.6295051172965
Cucuta,Colombia,3823.6001381265523
Leuven,Belgium,7695.381031593874
Shiraz,Iran,12653.530336610602
New York City,United States,3914.139642289223
Matagalpa,Nicaragua,3071.2716379198323
Cedar Rapids,United States,1332.921837848102
Lyon,France,7126.248711276178
San Miguelito,Panama,3564.3078032913972
Oberhausen,Germany,6394.631016207927
Bezerros,Brazil,10067.701384979062
Cuscatancingo,El Salvador,3637.5720046015385
Verona,Italy,7738.343585932664
San Luis Potosi,Mexico,3212.074671047848
Kozan,Turkey,9311.156687662153
Sao Paulo,Brazil,5097.65820073467
Seremban,Malasia,14212.2682091666
Saint Charles,United States,995.6206356872115
Resistencia,Argentina,9241.983922680094
Yazd,Iran,10963.567351568503
Brampton,Canada,3100.879044426406
Richmond,United States,409.8016369573576
Andijon,Uzbekistan,12130.34653211586
Managua,Nicaragua,4037.137675939756
Warrnambool,Australia,16445.950511431092
Viena,Austria,7987.361858576155
Nakhon Ratchasima,Thailand,12669.20531161816
Houston,United States,3234.732855665273
Ciego de Avila,Cuba,2896.9898337497575
Kayes,Mali,11009.99123481322
Managua,Nicaragua,3160.393371808142
Mackay,Australia,11598.489108087873
San Bernardino,United States,473.65245014094785
Tieling,China,10550.326617257719
Sydney,Australia,15918.654132479427
Balikesir,Turkey,8120.453021813316
Tegucigalpa,Honduras,2273.47726804157
Luanda,Angola,9239.304711463947
Palembang,Indonesia,17030.012757448472
Buenos Aires,Argentina,5914.295868053989
Kitwe,Zambia,12568.732887565351
Cairo,Egypt,9086.722097906184
San Salvador,El Salvador,2525.1254775426546
Berlin,Germany,7734.535626292415
Monrovia,Liberia,6164.159972324471
Deltona,United States,3162.5193564538413
Valencia,Venezuela,5741.539808145915
Lille,France,6336.457572897633
Sao Paulo,Brazil,7471.582860535727
Maisons-Alfort,France,6954.925730737273
Cuajimalpa,Mexico,1991.2022251245762
Farmington,United States,3842.743593638049
Acayucan,Mexico,3030.732983805177
Mbuji-mayi,Democratic Republic of the Congo,14831.956002213185
Manizales,Colombia,1788.3617833940973
Arkhangelsk,Russia,8966.153787947596
Sokode,Togo,9051.787494216345
Villefontaine,France,6741.607423154756
Garoua,Cameroon,13011.81693914987
Itajai,Brazil,8224.864146413343
Medan,Indonesia,17090.53454997316
Palmerston North,New Zealand,13662.049791523144
Vina del Mar,Chile,7559.01141805947
Sidi Bel Abbes,Argelia,6707.021960095959
Castres,France,7019.864523289944
New York City,United States,1757.1372020493413
Mons-en-Baroeul,France,6617.27717450929
Wuchuan,China,15603.682320719614
Brindisi,Italy,7550.342119241985
Sao Paulo,Brazil,5098.110395144487
Henderson,United States,3324.7886072848614
Los Angeles,United States,3408.8603862649975
Santiago de Cuba,Cuba,1013.8613000847572
Khemisset,Morocco,9669.96073577365
Arraijan,Panama,1796.4413993237038
Coffs Harbour,Australia,15012.117635559522
Bagdad,Iraq,10030.287647943505
Brescia,Italy,9797.778617592357
Sari,Iran,11243.673860102848
Guarulhos,Brazil,5091.855869904357
Choluteca,Honduras,2872.682401998064
Luanda,Angola,9241.360426705058
San Francisco,United States,5826.513411246954
Tarbes,France,6126.303119136749
Mixco,Guatemala,3089.5627436356913
Matanzas,Cuba,1166.2131900505674
Philadelphia,United States,1902.3003140607145
Herten,Germany,7300.994846444799
Boghni,Argelia,10131.432452933
Sialkot,Pakistan,11981.227439088238
Guadalajara,Mexico,2678.815530448969
Cairo,Egypt,9718.800283856157
Arbil,Iraq,10548.24565421443
Lowestoft,United Kingdom,8500.767441472504
New Rochelle,United States,2608.5637586824387
Mexico City,Mexico,3156.1403513932723
Tabora,Tanzania,15596.8838355006
Bangkok,Thailand,13330.269167348784
San Salvador,El Salvador,2953.77910257237
San Pedro Sula,Honduras,3554.293727359639
Guadalajara,Mexico,2005.2610710857957
Mixco,Guatemala,2616.77012069917
Seattle,United States,5990.804816708841
Santiago de Cuba,Cuba,4741.914275433486
Cuajimalpa,Mexico,3468.795451239128
Vernon,France,6215.701081314627
Mashhad,Iran,10465.658852443868
Potenza,Italy,8069.108205691411
Guantanamo,Cuba,1668.7579042511707
Holguin,Cuba,2457.9025662650797
Chittagong,Bangladesh,14935.08023208703
Oklahoma City,United States,3611.0031958480777
Soyapango,El Salvador,2487.9209632622474
Posadas,Argentina,5170.93094887738
Seattle,United States,5993.105182975769
Cachan,France,6945.968791347067
Choluteca,Honduras,2311.0071894219814
Grasse,France,9771.009258244603
Caucaia,Brazil,6392.4633646531975
Birmingham,United Kingdom,6970.391697981632
Oyonnax,France,6316.1980595820305
Sheffield,United Kingdom,8405.017234598605
Sao Miguel dos Campos,Brazil,6692.79106725914
Campo Grande,Brazil,7434.208090954565
Chengdu,China,11325.872833941674
General Escobedo,Mexico,935.5836953196942
Manila,Filipinas,11587.394665297446
Las Rozas de Madrid,Spain,7001.947541228679
Pekanbaru,Indonesia,17544.52571297349
Managua,Nicaragua,3959.257027984297
Bangalore,India,14767.57252259049
Leon,Nicaragua,2943.7005473228005
Kerman,Iran,10868.357199036416
Shagamu,Nigeria,8428.962560906944
Grasse,France,7301.031260981125
Perth,Australia,18472.88512358434
Lowestoft,United Kingdom,6915.664386304366
Bishkek,Kyrgyzstan,11826.918981576886
Prato,Italy,7631.43698819308
Bandung,Indonesia,15096.248738101312
Praia Grande,Brazil,10774.940213419328
Duisburg,Germany,5979.304613353468
Santo Domingo,Dominican Republic,2394.6571790693556
Turin,Italy,7559.72095937816
Gomel,Belarus,8975.223690309942
Whangarei,New Zealand,13799.548281475596
Puebla,Mexico,3365.6838892480837
Taytay,Filipinas,16288.266174580816
Edinburgh,United Kingdom,4671.863187564115
La Plata,Argentina,5949.60274104868
Pasadena,United States,3049.6054053014095
Douai,France,6726.954529009234
Tlalnepantla,Mexico,3438.177177511867
Kaspiysk,Russia,8904.309085829356
Tegucigalpa,Honduras,3883.5660413749406
Bogota,Colombia,3922.722384270266
Bellary,India,14556.451450880762
San Salvador,El Salvador,3000.6742764318956
Bangkok,Thailand,12857.704473548283
Fort Worth,United States,3485.5585098073793
Xi'an,China,11826.643983833945
Farmington,United States,3859.457563814324
Beirut,Lebanon,11849.404213902904
Contramaestre,Cuba,2180.7819885321874
Bielsko-Biala,Poland,8152.017910653293
Moca,Dominican Republic,4925.656641690269
Penglai,China,10906.291618042595
Santiago de Chile,Chile,5740.65071915585
Ilopango,El Salvador,7259.163524087959
Tlalpan,Mexico,2594.8074243859865
Cua,Venezuela,3831.259728716175
Panama City,Panama,2778.988641639027
Chinautla,Guatemala,2601.6335681428727
Provo,United States,4959.251028948615
Deltona,United States,1944.4708976870324
Seattle,United States,5992.653604281853
Sao Paulo,Brazil,8407.116625687922
Olivet,France,6908.865167812548
Sheffield,United Kingdom,6742.466482815816
Santiago de los Caballeros,Dominican Republic,4924.812217342839
Guadalajara,Mexico,2853.5165037819947
Cairns,Australia,14812.107322677271
Lucknow,India,13902.27025821245
Algiers,Argelia,10091.241513849478
Cubatao,Brazil,8132.043845193215
Villefontaine,France,7757.196681965276
Morelia,Mexico,3229.3321981592903
Ensenada,Mexico,5238.818659003319
Santiago de Cuba,Cuba,2574.1769103547963
San Francisco,United States,5826.009904890891
Sao Paulo,Brazil,9848.295937441337
West Jordan,United States,4993.832046731534
Delhi,India,12108.692595642797
Yaounde,Cameroon,13308.762799677494
Groningen,Netherlands,11932.187977279309
Singapore,Singapore,13843.877156036198
Vryburg,South Africa,13323.47982811792
Barranquilla,Colombia,3471.5442323721713
Sydney,Australia,14867.798399101093
Santo Domingo,Dominican Republic,5080.0045279316455
Adelaide,Australia,14892.571370202295
Brest,France,5177.765701200487
Montreuil,France,5750.701054041397
Kota,India,14006.092850634126
Baranagar,India,14716.373178157053
Villa Frontera,Mexico,1450.853755606112
Santo Domingo,Dominican Republic,378.3309072318771
Juarez,Mexico,1426.032224109328
Bekasi,Indonesia,16046.020722080624
Athens,United States,2930.450489621252
Managua,Nicaragua,2574.3603400239267
Avon,France,8065.961624706539
Lakewood,United States,4408.509130009438
Radom,Poland,8275.872079370576
Aurora,United States,3334.669933476668
Akhisar,Turkey,8109.683870627074
Auch,France,6791.418926970856
Hurghada,Egypt,10060.84216524612
Bellary,India,13415.248236293184
Bologna,Italy,9040.722073079776
Perth,Australia,15050.000890721609
San Justo,Argentina,8986.391520708166
Guaymas,Mexico,4658.440124105017
Jena,Germany,7835.1429982761265
San Francisco,United States,363.7532726966708
Hanoi,Vietnam,15577.40870957442
Berlin,Germany,8093.77991876419
Bridgetown,Barbados,6198.806952707428
Luanda,Angola,9238.456414064452
Annaba,Argelia,7426.742005750549
Peterborough,United Kingdom,6805.167848040004
Jonesboro,United States,711.6336497683133
Santiago de Cuba,Cuba,2535.220987568343
Chelyabinsk,Russia,9004.1422629456
Shimonoseki,Japan,11898.546140321936
Bolton,United Kingdom,8505.434698376734
Reggio nell'Emilia,Italy,8966.735165597967
Bilaspur,India,13083.741352372448
Vassouras,Brazil,5119.442022684253
Bangkok,Thailand,14034.602583607948
Jacksonville,United States,2047.7621430703066
Durg,India,12785.313623275855
Los Angeles,United States,2883.7787991346663
Pueblo,United States,3924.6580774695453
Mbandaka,Democratic Republic of the Congo,10761.37198051754
Chitungwiza,Zimbabwe,11384.181096307659
Sonsonate,El Salvador,3680.2910033579496
Villahermosa,Mexico,3050.0223314877217
Buenos Aires,Argentina,8224.273762755807
Draper,United States,904.4992342504534
Jayapura,Indonesia,14257.911960405514
Helsinki,Finland,6828.74417561865
Mijas,Spain,6320.307436194243
Villa Canales,Guatemala,2990.5382685062427
Turku,Finland,8305.959003011263
Emmen,Netherlands,6610.770923106327
Xinxiang,China,10101.053031079597
Hangzhou,China,14589.433185157262
Santa Ana,El Salvador,2523.110135168679
Sandnes,Norway,8294.253485067933
Comodoro Rivadavia,Argentina,9005.703811368214
Yakarta,Indonesia,15788.422812720439
Dublin,Ireland,6421.097694629576
Verdun,France,7171.872261521172
Duisburg,Germany,7280.005414160752
Port Macquarie,Australia,15823.827311170733
Anqing,China,12068.121909032863
Sivas,Turkey,9185.018007666535
Tegucigalpa,Honduras,2272.281347527537
Benevento,Italy,10076.607845257959
Gorakhpur,India,14066.164642279118
Sivas,Turkey,9831.035227969145
Joao Pessoa,Brazil,4451.327022579635
K'ut'aisi,Georgia,8900.054435956854
Heilbronn,Germany,6565.116775843427
Berlin,Germany,7727.925805921504
Helsinki,Finland,8313.104389503851
Amsterdam,Netherlands,7156.488828678113
Delhi,India,13515.281186064758
Santiago de Chile,Chile,8298.302554563948
Groningen,Netherlands,6520.940909845877
Rangoon,Myanmar (Burma),15688.60595904462
West Bromwich,United Kingdom,5683.247026671466
Northampton,United Kingdom,6758.418193026669
Xi'an,China,14174.998154534229
Los Angeles,United States,5414.195907690711
North Miami,United States,4293.416281352264
Genk,Belgium,9148.77670321464
Chaumont,France,8822.854734098206
Huaibei,China,12821.039571396303
Corlu,Turkey,9037.955767297333
Coventry,United Kingdom,7328.04922137775
Metz,France,9228.384049298484
Kaunas,Lithuania,6943.853243539758
Chicago,United States,926.8754060166079
Velletri,Italy,10139.050992265438
Genoa,Italy,7453.790352281169
Tarbes,France,9387.354142432598
Quetzaltenango,Guatemala,3697.4599320371203
Bridgetown,Barbados,920.9451401431245
Lome,Togo,8410.079464181488
Wollongong,Australia,12307.41194772994
London,United Kingdom,7667.586962110033
Yakarta,Indonesia,18488.93187948439
Brasilia,Brazil,3476.99917729109
Can Tho,Vietnam,14378.614420125614
Le Blanc-Mesnil,France,8706.532500237186
Lens,France,6999.9241046814695
Adelaide,Australia,15831.693749844122
Riyadh,Saudi Arabia,11297.020397316794
Cordoba,Mexico,3222.6135920246306
Perth,Australia,17986.822456061112
Rheine,Germany,7322.130962104503
Holguin,Cuba,1079.281552919657
Bogota,Colombia,3908.6406606621354
Cardenas,Cuba,1853.5330330106058
Frankfurt,Germany,8744.029235801016
Tegucigalpa,Honduras,2307.4094235878615
Albany,Australia,18102.13024955746
Misurata,Libya,11152.769128332955
Newcastle,South Africa,13156.644493849413
Bafoussam,Cameroon,10432.163240417041
San Miguelito,Panama,3711.526632127314
Visakhapatnam,India,13666.322347031904
Taizz,Yemen,10637.926795383846
Ulaanbaatar,Mongolia,9907.792218988072
Leipzig,Germany,7669.92302874372
Florence,Italy,7319.796858609278
Langenfeld,Germany,6612.979238178573
Seattle,United States,3156.1768886968043
Kasala,Sudan,10550.130960800474
West Bromwich,United Kingdom,6688.4995892154675
Valladolid,Spain,6556.787872266654
Bochum,Germany,7309.264933412769
Wellington,New Zealand,14364.543759026172
Coyoacan,Mexico,2397.865518606783
San Salvador,El Salvador,2492.0064182257242
Roissy-en-Brie,France,6970.664479677735
San Salvador,El Salvador,3858.412336311927
Hastings,United Kingdom,6386.600612746856
Fort Worth,United States,1469.9006714861746
Tokio,Japan,10333.19277826228
Los Angeles,United States,3167.5055832889457
Bridgetown,Barbados,3613.8325960614193
Philadelphia,United States,2554.750695929241
Marl,Germany,8792.68554212119
Lviv,Ukraine,7815.587615494942
Ibadan,Nigeria,7682.303938609682
Paramaribo,Suriname,3946.706690898618
Crewe,United Kingdom,5680.271930456673
Nelson,New Zealand,14510.389553319761
Montreal,Canada,3093.597196579378
Cagliari,Italy,10260.153030181724
Reggio nell'Emilia,Italy,7583.267772347532
Stockport,United Kingdom,6161.1563019577425
Stuttgart,Germany,7570.103420151643
Hattiesburg,United States,2726.480794617879
Punta Arenas,Chile,10776.272564165432
Kuwait City,Kuwait,11228.78318435484
Bekasi,Indonesia,15806.315396979293
Saveh,Iran,12205.256532784886
Sincan,Turkey,8779.330896222593
Cormeilles-en-Parisis,France,5839.064454610439
Orihuela,Spain,5637.793784317344
Huzhou,China,14521.079680009903
Criciuma,Brazil,5505.99448105626
Port Macquarie,Australia,14717.134197465195
Diyarbakir,Turkey,10094.551934375813
Yuyao,China,14601.107372353474
Brive-la-Gaillarde,France,6872.767242495208
Alexandria,Egypt,11231.908067146462
Yakarta,Indonesia,16692.63364006656
Santa Marta,Colombia,1142.642157247912
Cuscatancingo,El Salvador,2490.6991693444565
Jerez de la Frontera,Spain,6190.285746876739
Ho Chi Minh City,Vietnam,16374.238034399943
Hargeysa,Somalia,11795.443731567324
Vichy,France,7472.794837067593
Avon,France,6976.516109251642
Ibague,Colombia,5552.571736349789
Guanajuato,Mexico,3058.822164667042
Salinas,United States,312.99914795589604
Tlalnepantla,Mexico,1883.9554564132836
Berlin,Germany,7729.053219110615
Pematangsiantar,Indonesia,15238.287223610936
Copenhagen,Denmark,7657.516350513246
Gorakhpur,India,12380.168748382732
Changwon,South Korea,13879.570150400601
Budapest,Hungary,10006.217769529205
Los Angeles,United States,5414.071889925716
Lanzhou,China,10866.611194775787
Suwon,South Korea,10265.546074396658
Yichun,China,12918.194566489612
Kuching,Malasia,17786.87248263247
Trento,Italy,7618.08511713669
Bekasi,Indonesia,15591.157715628096
Ulaanbaatar,Mongolia,12643.275975877283
Sahuayo de Jose Maria Morelos,Mexico,2181.5280477441665
Tampico,Mexico,2094.695295026695
Gold Coast,Australia,15797.071795470509
Buenos Aires,Argentina,5908.429527490011
Sesto San Giovanni,Italy,7470.47459196366
Ankara,Turkey,8877.885102566916
Neubrandenburg,Germany,6482.41695351655
Grand Prairie,United States,2935.955373642962
Marietta,United States,2510.940257503475
Barcelona,Spain,9371.076797116755
La Chorrera,Panama,1808.2029707231807
Caen,France,6732.532468537093
Coventry,United Kingdom,7126.825880264771
Ad Diwem,Sudan,10927.250932920968
Yakarta,Indonesia,16185.082918039941
Guaymas,Mexico,3445.072486176339
Tegucigalpa,Honduras,1623.7227757434314
Dordrecht,Netherlands,7113.819009361043
Cuernavaca,Mexico,3004.607540093696
Taverny,France,9084.254099828282
Johannesburg,South Africa,16691.163280062672
Girga,Egypt,9916.754175574808
San Juan de la Maguana,Dominican Republic,519.2400185514822
Orizaba,Mexico,3241.789598976386
Chelyabinsk,Russia,10502.58165861112
Palma Soriano,Cuba,3260.4090412886258
Dar es Salaam,Tanzania,16202.527753807297
Dourados,Brazil,4649.79340719054
Bogor,Indonesia,18526.553836440176
Ceuta,Spain,7312.8091705430525
Lugansk,Ukraine,9608.05045477439
Pocos de Caldas,Brazil,7806.42810704712
Cholula,Mexico,3003.2073894267833
San Pedro Sula,Honduras,4087.167374684282
Valles,Mexico,2269.576473790529
Allentown,United States,2622.8839193768918
San Jose de las Lajas,Cuba,1726.2891562627744
Inglewood,United States,5420.836724277446
Anshan,China,13391.447646496625
Lucca,Italy,7674.739179701873
Antananarivo,Madagascar,14704.636115629532
Hurghada,Egypt,12693.531921754762
Dallas,United States,3438.8948543963165
Roswell,United States,4178.1599306293165
Foumban,Cameroon,13116.913224364009
Acarigua,Venezuela,4547.384647164932
Scottsdale,United States,2945.074512207519
Leon,Nicaragua,3969.905814632018
Aligarh,India,12036.15683566936
Viena,Austria,7989.349039898588
Ahvaz,Iran,12172.402863216525
Ghent,Belgium,7061.29338307695
Bedford,United Kingdom,8620.851851389656
Wellington,New Zealand,14496.728545821066
Hanover,Germany,7768.634059454086
Mosul,Iraq,10463.438262786141
Managua,Nicaragua,7619.96473000181
Freeport,United States,1514.8973588057652
Bendigo,Australia,15843.412307156614
Potsdam,Germany,8452.322201964042
Porto-Novo,Benin,9575.436269012402
Riyadh,Saudi Arabia,12115.11459692446
San Antonio,United States,1801.3410189705314
Praia Grande,Brazil,7852.2080531411575
San Juan,Argentina,5409.8504294776285
Potsdam,Germany,6324.250199753046
Mumbai,India,12623.39903723226
Groningen,Netherlands,7266.196733398464
Panama City,Panama,1774.8561904384233
Rangoon,Myanmar (Burma),15684.997680425233
Tiflis,Georgia,10329.028110457699
New York City,United States,3220.655294272987
Los Angeles,United States,5441.12084452068
Viena,Austria,10474.590724142607
Tegucigalpa,Honduras,2467.5330434049006
Anaheim,United States,3145.4424538439866
Santa Ana,El Salvador,3084.508735869544
Wuzhou,China,12967.568792768656
Santa Fe,Argentina,8139.220591470824
Miass,Russia,8539.337156706279
Tripoli,Lebanon,9947.600775796087
Sao Paulo,Brazil,5093.883305691437
Washington,United States,3904.9394345256733
Riyadh,Saudi Arabia,11263.465830269639
Ahvaz,Iran,12084.971409898726
Lincoln,United Kingdom,5585.2758943884555
Qitaihe,China,9593.357023680788
Inglewood,United States,595.2774514029112
Perth,Australia,17668.32746586969
Mianyang,China,11620.571106749621
Brisbane,Australia,11633.604972905381
Soyapango,El Salvador,4063.731412504008
Abha,Saudi Arabia,11532.990506660111
Harrow,United Kingdom,5575.345303803783
Sabanalarga,Colombia,3724.812674902793
Sobral,Brazil,3718.904254134788
Sao Paulo,Brazil,9775.083123278086
Le Blanc-Mesnil,France,8063.864357651461
Berlin,Germany,6390.38113209337
Trier,Germany,7265.943847029108
Marly-le-Roi,France,8982.065359981525
Port Moresby,Papua New Guinea,16316.076560450423
Contramaestre,Cuba,1062.045625179919
Atlixco,Mexico,2647.172666019638
Norderstedt,Germany,6353.803208590507
Hanover,Germany,7001.283053351894
Herten,Germany,6051.338015983006
Urbandale,United States,3693.2184120679076
Ribeirao Preto,Brazil,7828.960763968344
Visakhapatnam,India,14837.458069295672
Jhansi,India,13394.447399655986
Miramar,Mexico,3288.016214551853
Kawagoe,Japan,13427.018480686223
Sandy Springs,United States,2493.325391488405
Milan,Italy,7959.6855956070995
Ankara,Turkey,11181.216725964448
Ferndown,United Kingdom,6664.939621286519
Villa Canales,Guatemala,3209.9384949362397
Charleroi,Belgium,7436.692635864629
Hamilton,New Zealand,13617.71596510579
Portmore,Jamaica,1147.2043125671646
Tallahassee,United States,897.2497687103908
Bujumbura,Burundi,10756.803953192508
Rotterdam,Netherlands,7119.833780377705
Los Angeles,United States,2783.105592210226
Catalao,Brazil,6948.383321155443
Tallinn,Estonia,8544.396076258616
Hagen,Germany,6609.307295456536
Wolverhampton,United Kingdom,6683.470812472609
Gorakhpur,India,12973.499650298476
Yancheng,China,14254.808911277698
Macapa,Brazil,5371.376534226297
Uvinza,Tanzania,10906.013423679906
Seremban,Malasia,15170.095415005559
Santa Catarina,Mexico,3606.1044381401307
Gaziemir,Turkey,8978.6076289264
Viena,Austria,7232.083736033535
Kawagoe,Japan,10560.376569860038
Mosul,Iraq,10463.845176070357
Santo Domingo,Dominican Republic,2507.940789300513
Villeurbanne,France,8322.25096164297
Hubli,India,13196.467132128684
Drancy,France,9262.002430366949
Rasht,Iran,11651.093369946942
Newcastle upon Tyne,United Kingdom,6758.285143709637
Fort Worth,United States,3485.8009036414765
Bari,Italy,10598.239396076371
Yazd,Iran,12703.535504446381
Ararangua,Brazil,7550.103257797678
Viena,Austria,7204.983135229668
San Juan de la Maguana,Dominican Republic,2444.920568013301
Metz,France,7231.874435950097
Pune,India,14024.353583904462
Matsudo,Japan,13420.13109167997
Monterrey,Mexico,2786.907464627456
Karnal,India,12160.875538053691
Trappes,France,6899.515608004877
Wagga Wagga,Australia,16209.247669778468
Lome,Togo,8318.961149352386
Villach,Austria,7791.69361119497
Valladolid,Spain,6343.45699643901
San Salvador,El Salvador,2488.9133793077426
Ningbo,China,12201.832597183311
Oberhausen,Germany,6346.826589222617
Sao Paulo,Brazil,5095.00770320187
Hamm,Germany,6435.643159894831
Xiamen,China,11239.38477165318
Villiers-le-Bel,France,9107.224179538605
Tarbes,France,6744.754383856276
Langenfeld,Germany,7292.280403459096
Schiedam,Netherlands,7102.154771501394
Rybnik,Poland,6856.657032864174
Kulob,Tajikistan,12574.156273301933
Saint-Louis,France,7303.466980720836
Harrogate,United Kingdom,5283.317398293209
Nom Pen,Camboya,13200.775701549077
Rangoon,Myanmar (Burma),13621.581458934752
Independence,United States,3561.0336723389246
Cranston,United States,4005.846515456612
Mersin,Turkey,9752.547069615595
Henderson,United States,1602.7029072673984
Managua,Nicaragua,1672.8552636996963
Casablanca,Morocco,6043.270931061357
Handan,China,11399.164967569925
Portmore,Jamaica,2736.139783241177
Marseille,France,7025.433023721054
Manzini,Swaziland,11645.135456726704
Santiago de Cuba,Cuba,4419.319100379865
Milwaukee,United States,2363.1273087846
San Pedro Sula,Honduras,2360.9505630828644
Forster,Australia,15845.91105244682
Manila,Filipinas,14801.520979969384
Marseille,France,6375.657645824936
Khmelnytskyi,Ukraine,8737.874241789386
Paris,France,6929.097114150125
Purwokerto,Indonesia,16699.44404083457
Fuji,Japan,8928.947974036688
Bouake,Marfil Coast,7407.256539695792
Taverny,France,6278.298341336897
Hamburgo,Germany,7495.392259902023
Asheville,United States,2498.473683104604
San Pedro Sula,Honduras,3109.4562413124927
Milpa Alta,Mexico,1721.2953444745885
Delgado,El Salvador,2525.739493071531
London,United Kingdom,6796.270955520047
Santo Domingo,Dominican Republic,2384.6674268908464
Mbandaka,Democratic Republic of the Congo,14229.69714800865
La Teste-de-Buch,France,6656.361743236641
Santa Cruz de la Sierra,Bolivia,4079.697127273732
Royal Oak,United States,1295.639275462264
Antibes,France,6416.104941666814
Tembisa,South Africa,13868.184801593161
Alexandria,Egypt,11676.699738196005
Blagoveshchensk,Russia,12298.575884753236
Petapa,Guatemala,3401.098617381475
Evreux,France,6863.55997650909
Cleveland,United States,3282.493724433107
Saint Petersburg,United States,1588.0704182823486
Osh,Kyrgyzstan,10366.982074452015
Adelaide,Australia,16443.72634373158
Ferrara,Italy,7685.389093110099
Nom Pen,Camboya,14104.988772651093
Dos Hermanas,Spain,7051.0191554114635
Salzburg,Austria,6842.359722350906
Kerman,Iran,11987.709932418884
Fargo,United States,1806.5553391976391
Moncalieri,Italy,9706.72717131936
Owo,Nigeria,7873.12723372032
Tinaquillo,Venezuela,947.8646473638786
Viena,Austria,6990.753409775964
Bogota,Colombia,1741.242017845536
Sunbury,Australia,12791.94704335486
Bridgetown,Barbados,2860.3732486195763
San Francisco,United States,2145.362639705903
Philadelphia,United States,815.4476035135715
Tanggu,China,10843.392081619668
Boca Raton,United States,1701.3831854091943
Redmond,United States,1613.3635489688886
Madero,Mexico,3361.0847158227443
Bekasi,Indonesia,14458.817335415311
Seattle,United States,633.016365176652
Shahreza,Iran,11791.555143961601
Rotorua,New Zealand,13621.075278207029
Allauch,France,8351.101015260716
Silao,Mexico,3682.442689321861
Roseville,United States,3038.701275138928
Omaha,United States,3797.419013944144
Gothenburg,Sweden,7621.6515621912
Zhuhai,China,15521.432122404978
Oshawa,Canada,632.9319071079715
Chongqing,China,12088.114767391211
Oran,Argelia,8815.416220504392
Verona,Italy,8662.807979494612
Crotone,Italy,8160.009933369166
Zunyi,China,14869.483282231698
Naples,Italy,10202.956466640891
Puebla,Mexico,3301.821366650182
Vilnius,Lithuania,9358.925738761189
Draguignan,France,7919.82513138052
Oakland,United States,5814.176930679551
Tokio,Japan,10346.680117466049
Gujranwala,Pakistan,11893.235006298668
Mumbai,India,13089.384070411033
Villa Canales,Guatemala,2144.674241372655
Philadelphia,United States,1631.354126308149
Santiago de los Caballeros,Dominican Republic,473.15611440794345
Pamplona,Spain,8773.019068421694
Lusaka,Zambia,16044.166293031689
Lowestoft,United Kingdom,6939.018868344529
Guantanamo,Cuba,943.2718150047674
Santo Domingo,Dominican Republic,5021.330134973573
Schiltigheim,France,6255.12506974061
Milan,Italy,7472.536988053507
Fremont,United States,5813.636677371552
Bezerros,Brazil,9809.3011826905
Palma Soriano,Cuba,2050.530804233545
Brasilia,Brazil,3476.63528978773
Bari,Italy,8145.448182027118
Berlin,Germany,7217.74190722686
Philadelphia,United States,1886.2010918582553
Wollongong,Australia,12301.658159151892
San Francisco,United States,2325.9711738255987
Petapa,Guatemala,3710.6742454051937
Ankara,Turkey,9482.673102374132
Hamburgo,Germany,9121.310144431434
Dallas,United States,3436.611393289708
La Romana,Dominican Republic,2362.9151619593003
Mumbai,India,13955.727945631266
Frederiksberg,Denmark,7394.442460950343
San Pedro Sula,Honduras,2326.0994166073656
Dublin,Ireland,5350.031336371336
Coffs Harbour,Australia,15830.063968349323
Tangier,Morocco,6218.254338521669
Bridgetown,Barbados,924.0684453004268
Sonsonate,El Salvador,3007.3274690797675
Balneario Camboriu,Brazil,7935.077595488397
Cottage Grove,United States,2049.504203256767
Guangzhou,China,11921.892034061277
Etimesgut,Turkey,9444.625655867965
Riyadh,Saudi Arabia,13470.967286212526
Troy,United States,3511.8360793590705
Saint Louis,United States,2496.5781820636003
Austin,United States,1531.8083554485509
Kuala Lumpur,Malasia,15356.417740249079
Mons-en-Baroeul,France,7018.936158640553
Paris,France,8175.3202686008635
Nizhyn,Ukraine,9561.167810188472
Santa Rosa,Brazil,5262.250356236327
Choluteca,Honduras,3209.309176572515
Tlaquepaque,Mexico,3616.415265230655
Newark,United States,18.274821845624746
Auburn,United States,1190.449724695426
Dallas,United States,1299.3714852641456
Whangarei,New Zealand,13799.351656789197
San Pedro Sula,Honduras,2325.6316767439
Lusaka,Zambia,10987.682253791452
Asheville,United States,720.1748818520596
Tianjin,China,13619.718383021345
Bakersfield,United States,2108.628977598075
Santo Domingo,Dominican Republic,4965.757210104726
Mbuji-mayi,Democratic Republic of the Congo,14032.713151493546
Birmingham,United Kingdom,6251.391084612811
Santa Cruz de Barahona,Dominican Republic,500.35972277045545
Carrefour,Haiti,4724.999420630251
Delhi,India,13512.516287700204
Batman,Turkey,9528.040912886481
Ghent,Belgium,7061.594664037792
Birmingham,United Kingdom,8628.606862887611
San Francisco,United States,76.9833094137293
Chattanooga,United States,2440.4342114429123
Berlin,Germany,7734.375919759079
Hamburgo,Germany,9104.56763920121
Guzman,Mexico,3763.8869614803175
Cuajimalpa,Mexico,2879.678620327221
New York City,United States,820.8727094976915
San Miguelito,Panama,1745.602238701295
Igarassu,Brazil,4500.372261724625
Granada,Spain,6415.591339644129
Juarez,Mexico,1424.4669271116777
Tengzhou,China,10435.596367115635
Jerusalem,Israel,10003.482826694784
Manila,Filipinas,14054.230273288802
San Lorenzo,Paraguay,4915.611763288656
Barnsley,United Kingdom,6490.037585657636
Venice,Italy,7821.544788081274
Lagos,Nigeria,10362.00404584054
San Bernardo,Chile,8218.264589413342
Zapopan,Mexico,3888.44057744546
Guarapuava,Brazil,7887.93845673131
Fulda,Germany,9337.263335637972
Carlsbad,United States,533.373986249099
Palmerston North,New Zealand,13596.97325828356
Doha,Qatar,11752.517766286419
Wad Madani,Sudan,10534.52778026885
Ho Chi Minh City,Vietnam,16707.6738260773
Slupsk,Poland,6474.973411038746
San Pedro de Macoris,Dominican Republic,331.2309350232966
Trapani,Italy,7504.674156699874
Rosario,Argentina,5695.343217677902
Trinidad,Bolivia,7783.45545689688
Changwon,South Korea,8616.063124921635
Riyadh,Saudi Arabia,10965.582996581594
Philadelphia,United States,2546.1124285011388
Jurema,Brazil,3947.602153715339
Duisburg,Germany,7278.569646484398
San Salvador,El Salvador,3343.380626581609
Turin,Italy,7351.764028531032
Nanyang,China,14332.953719507103
Salina Cruz,Mexico,3167.8406497351752
Durango,Mexico,1178.3007403713714
Montenegro,Colombia,1823.170299725447
Soweto,South Africa,12815.19844439375
Jartum,Sudan,10388.573755320938
San Francisco del Rincon,Mexico,2353.5231573095866
Marlborough,United States,1413.4331805186798
Joinville,Brazil,9644.873973981847
Guwahati,India,14554.858688685998
Wuchang,China,14603.825871972738
Cacador,Brazil,7915.723282301772
Trento,Italy,7614.6593159178365
Issy-les-Moulineaux,France,5965.420612822017
League City,United States,1787.447220529413
Santo Domingo,Dominican Republic,2990.436430192753
Managua,Nicaragua,3402.431023304184
La Romana,Dominican Republic,275.03939272353534
Lahore,Pakistan,12617.132393383628
San Miguelito,Panama,1747.2492978978566
Manila,Filipinas,16295.792279337444
Hamburgo,Germany,7946.066911452263
Long Beach,United States,5405.455315564973
Leon,Nicaragua,3744.396488936994
Chingola,Zambia,15319.508776233495
Abidjan,Marfil Coast,7407.256539695792
New York City,United States,3885.809658362988
Overland Park,United States,3574.009349324017
Los Mochis,Mexico,4457.818430941477
Yichun,China,12434.861239006334
Tripoli,Lebanon,9947.397811809526
Gladbeck,Germany,7291.554757594345
Sindelfingen,Germany,7436.1689551708405
Novo Cruzeiro,Brazil,7912.795518236873
Lawrence,United States,1450.9815185668601
Little Rock,United States,2092.019324931778
Dublin,Ireland,8288.260983420709
Borujerd,Iran,9405.221623389805
Hildesheim,Germany,7493.920075015914
Palma Soriano,Cuba,1034.4125240607093
Santa Clara,Cuba,790.8534799321161
Ufa,Russia,10266.74227038737
Puerto Vallarta,Mexico,5382.153974242904
Nancy,France,9315.263261225246
Punta Arenas,Chile,9925.841082602577
Quito,Ecuador,2436.873165804475
Los Angeles,United States,180.57979940082453
Alphen aan den Rijn,Netherlands,8373.671238728775
Mons-en-Baroeul,France,6993.608148923142
New York City,United States,824.1193091004535
Barcelona,Spain,7142.626242256922
New York City,United States,2593.8015581564314
Forster,Australia,15873.699738626397
Morelia,Mexico,2303.9489821957577
Leon,Nicaragua,2305.6670552227415
Rosario,Argentina,8174.3595524656685
Acerra,Italy,7097.338451460445
Moca,Dominican Republic,4994.466962244938
Taiyuan,China,9145.065747060964
Harrow,United Kingdom,6787.789552486966
Istanbul,Turkey,10793.591876383342
San Pedro Sula,Honduras,2555.8179497550195
Crato,Brazil,7224.763437763527
San Francisco,United States,5823.877218958911
Ulsan,South Korea,13836.158341617314
San Luis Potosi,Mexico,2132.109867131275
Lower Hutt,New Zealand,11448.319325836117
Palermo,Italy,7900.012484562333
Zamora,Spain,6242.747000428272
Noda,Japan,8594.739972574078
Korla,China,10828.045512131635
Hobart,Australia,15530.135381176144
Lome,Togo,7439.001978339324
Annecy,France,8968.366206140348
Trabzon,Turkey,9980.352296918438
Eskisehir,Turkey,11125.226768906728
Devonport,Australia,15948.560654064939
Cairo,Egypt,10752.956983829916
Taizz,Yemen,12712.455040858351
Mathura,India,12992.8581417091
Concord,United States,536.5730045363166
Hanoi,Vietnam,15563.683537002653
Seropedica,Brazil,8471.535744123641
San Salvador,El Salvador,3339.4290637020763
Overland Park,United States,3056.803928059969
Austin,United States,2111.511371257875
Managua,Nicaragua,3328.6680699186136
Canberra,Australia,15998.359773385499
Plantation,United States,1672.6735541897722
Karaganda,Kazakhstan,11897.773761598386
Sandakan,Malasia,17292.371044649477
Kigali,Rwanda,10769.557143768427
Anshan,China,13393.35826953226
Queretaro,Mexico,3522.115797963857
Poissy,France,8046.382265631227
Kigali,Rwanda,15061.862365595573
Parma,Italy,9509.210997441289
Viransehir,Turkey,9661.514588604798
Townsville,Australia,16537.123403972244
Marsa Matruh,Egypt,8956.411256656716
Itu,Brazil,5025.388924743165
Cucuta,Colombia,5935.033008284424
Grosseto,Italy,7657.647580496094
Geelong,Australia,16692.998558475956
Barra Mansa,Brazil,5113.54215635891
Apopa,El Salvador,2523.4238740651804
Perth,Australia,14775.9211427625
Irapuato,Mexico,3415.1383684487732
Kremenchuk,Ukraine,9170.028355132194
Boa Vista,Brazil,6212.80293300387
Qingdao,China,13949.232517162123
Dos Hermanas,Spain,9492.315878750132
Auckland,New Zealand,13981.560294164978
Ho Chi Minh City,Vietnam,16704.493895436808
Newcastle,South Africa,13407.091342681768
Cormeilles-en-Parisis,France,6929.530616308592
Bangkok,Thailand,16189.7297705059
Chicago,United States,507.76924738375413
Parma,Italy,9716.737393522597
Thane,India,13921.418652214756
Denver,United States,4402.079310321837
Agadir,Morocco,7099.467153767628
Bagnolet,France,7301.792165739806
Spanish Town,Jamaica,2615.952739052832
Ilopango,El Salvador,2115.7063548984224
Perth,Australia,18464.831012481925
Rancagua,Chile,8355.270341064428
Harare,Zimbabwe,13067.171037905633
Portmore,Jamaica,4170.907470793048
Braga,Portugal,6036.008036624983
La Plata,Argentina,9066.330397443322
Wuppertal,Germany,8655.010377963965
Grosseto,Italy,9701.480614407084
Mississauga,Canada,3378.454850611445
Sydney,Australia,15704.126763371161
Caracas,Venezuela,3104.4756800940754
Benevento,Italy,7312.178151574596
Guarulhos,Brazil,7594.857644665678
San Francisco,United States,3554.598152892539
Mexico City,Mexico,3453.5215436319695
Seattle,United States,3695.8832564872564
Opole,Poland,8059.669305913416
Multan,Pakistan,13102.343773804489
Cuscatancingo,El Salvador,3321.782275762961
Waiblingen,Germany,8504.073342747555
Nzerekore,Guinea,6301.709938005061
Tuxtla Gutierrez,Mexico,2842.673336567352
Tasikmalaya,Indonesia,18648.235459240976
Masaya,Nicaragua,2347.9298798116297
Bremen,Germany,7418.1177041239935
Montevideo,Uruguay,9374.108911874038
Bogota,Colombia,1723.1428867188092
Santiago de Cuba,Cuba,1462.003022570271
Bangkok,Thailand,14744.418693589305
Zapopan,Mexico,1775.0392446309736
Birkenhead,United Kingdom,7227.873351487939
Nancy,France,9241.172246242408
Brest,France,8739.021713573344
Minneapolis,United States,3878.4411281193875
Kingston,Canada,694.5802567128848
Suresnes,France,5870.636794766091
Vina del Mar,Chile,5702.884747616899
Santo Domingo,Dominican Republic,377.9819816360983
Los Angeles,United States,29.880932222108903
Lusaka,Zambia,11020.323423544894
Hereford,United Kingdom,8669.514140331421
Kasama,Zambia,14219.837827431302
Lewiston,United States,477.22765351781743
Bangkok,Thailand,13743.779393850507
Santo Domingo,Dominican Republic,5047.317273946022
Ceuta,Spain,6255.30866817456
Santiago de Chile,Chile,7729.860925513607
Santo Domingo,Dominican Republic,2580.263972718923
Tehuacan,Mexico,3275.0554716075894
Madrid,Spain,6429.526106075304
La Ceiba,Honduras,2224.219426023736
Roissy-en-Brie,France,9172.399781602544
Mantes-la-Jolie,France,6906.91087128309
Bilbao,Spain,6672.924687175846
Panama City,Panama,4916.187118840434
Pirapora,Brazil,7599.8159636489145
Saanich,Canada,1663.0793192853114
San Pedro Sula,Honduras,2800.8678532393983
Santiago de Cuba,Cuba,2159.7468521380706
Altamira,Brazil,5587.846000653802
Erftstadt,Germany,6069.582905905057
Poole,United Kingdom,6663.533073937645
Eindhoven,Netherlands,6034.0875736179205
Apucarana,Brazil,4899.994076787327
Kisumu,Kenya,11029.899905979391
Celle,Germany,7504.117389257644
Mount Gambier,Australia,15331.935077928543
Newcastle,South Africa,13071.39466746059
Tlaquepaque,Mexico,3914.1830941289127
Sandnes,Norway,8273.515552276085
Pune,India,12908.200440901861
Aracaju,Brazil,8152.398208301994
Carrara,Italy,7552.3003719800245
Pesaro,Italy,8799.15555981106
Lima,Peru,8004.4194245813405
Queanbeyan,Australia,16209.104766217548
Viena,Austria,7986.31819066456
Liaocheng,China,10486.25852204007
Sukkur,Pakistan,12552.452455669132
Ballarat,Australia,16198.747814433924
Alphen aan den Rijn,Netherlands,7136.527587213063
San Salvador,El Salvador,3316.382050084163
Naples,Italy,7929.268328868565
Manila,Filipinas,13403.759817459739
Toulon,France,9910.102207128306
Tarsus,Turkey,9997.194863760948
Resistencia,Argentina,7835.345903374296
Marseille,France,7176.047591674274
Los Angeles,United States,453.29814273183786
Bangkok,Thailand,16183.176216717398
Avon,France,6979.024290798082
Leipzig,Germany,8722.815405586427
Nijmegen,Netherlands,6306.977863742308
Consolacion del Sur,Cuba,3634.707165481721
Escuintla,Guatemala,4114.942135476382
Seattle,United States,3415.060017995814
Bayonne,France,9215.349548161543
Argenteuil,France,6947.700982091812
Cottage Grove,United States,2610.9474015295605
Ibague,Colombia,1801.388746217009
Adelaide,Australia,16849.909875174417
Dublin,Ireland,6421.7341645193865
Lusaka,Zambia,12345.919129566977
Celle,Germany,7508.18599549352
Pueblo,United States,1310.2925647524635
Mantes-la-Jolie,France,7277.336325088744
Zapopan,Mexico,3517.40807965173
Casablanca,Morocco,6431.433609923796
Beni Suef,Egypt,9727.900086652435
Dos Quebradas,Colombia,5580.811149833587
Loughborough,United Kingdom,7811.117662776449
Chelles,France,9091.857636798753
Dire Dawa,Ethiopia,11571.399083675684
Auburn,United States,2489.133472590333
Bagneux,France,7004.750980094844
Houston,United States,350.28861987068404
Tijuana,Mexico,5284.872361146833
Ankara,Turkey,11293.120370755452
Sandnes,Norway,6484.152415489194
Bhavnagar,India,12561.172634519107
Wakefield,United Kingdom,6743.12621734794
Manukau City,New Zealand,11071.961599082477
Rostock,Germany,7641.915010660448
Regensburg,Germany,7661.61830722117
Valencia,Venezuela,3767.695506596319
Los Angeles,United States,3479.0753798946903
Delgado,El Salvador,2490.5864071132096
Chinandega,Nicaragua,2948.4056435235902
Tegucigalpa,Honduras,3141.288687602347
Dos Quebradas,Colombia,3792.4939235598504
Sousa,Brazil,9404.79735924937
Ikot Ekpene,Nigeria,10186.268829999612
Bangkok,Thailand,16183.217167792493
Lagos,Nigeria,9311.794850654645
Johnson City,United States,2539.5476880559204
Puebla,Mexico,1628.2235352679081
Sete,France,8986.860807244628
Casablanca,Morocco,6797.075678293007
Melbourne,Australia,15566.939645481214
Sao Paulo,Brazil,5093.362473214387
Albany,Australia,16136.37175283214
Taylor,United States,2106.9900432084346
Beaune,France,6533.949392632071
Lyon,France,7125.620326678156
Gaziantep,Turkey,11203.046168575867
Guadalajara,Mexico,3882.627122172099
Tegal,Indonesia,18655.269946887907
Lakeville,United States,1072.3539822717457
Farnborough,United Kingdom,8192.723442005547
Ichalkaranji,India,14107.559695142201
Irapuato,Mexico,1112.77750939034
Maracaibo,Venezuela,1010.8379244690925
Reno,United States,2713.0826309791323
Kahramanmaras,Turkey,9891.278699536515
Glasgow,United Kingdom,7935.3195292797545
Mangalore,India,14258.11647866122
Wattrelos,France,7024.8501214275175
Monroe,United States,603.2254934688474
Wafangdian,China,10504.74415152258
Simoes Filho,Brazil,10332.61893588575
Scottsdale,United States,4821.123861452591
Brasilia,Brazil,3475.839780992331
Riverside,United States,448.00243830115454
Managua,Nicaragua,4064.558657827069
Pilar,Brazil,7803.672828838104
Tegucigalpa,Honduras,2906.753603222814
New York City,United States,3968.2283791237114
Paris,France,6945.470413053748
Kenosha,United States,2762.2832355922637
London,United Kingdom,6788.318701440896
Santo Domingo,Dominican Republic,4170.437654788187
Bruges,Belgium,7950.254814061638
Carcassonne,France,6018.667934406052
Milwaukee,United States,3419.679749654362
Celaya,Mexico,3622.921835429473
San Salvador,El Salvador,2492.030996234044
Frontignan,France,9199.260542755643
Misurata,Libya,11181.935500840334
Noisy-le-Sec,France,6956.992624064617
Djibouti,Djibouti,13143.23556591569
Memphis,United States,2991.7059446670673
Cotonou,Benin,10750.322949825284
Torquay,United Kingdom,11989.490882827266
Salem,United States,2677.121504572884
Marseille,France,6532.527199912472
Wellington,New Zealand,13722.747817366977
Brasilia,Brazil,6232.471636921212
San Francisco,United States,566.2565650599556
Kuantan,Malasia,15728.837579607236
Guelma,Argelia,6977.796508647133
Barcelona,Spain,9785.599863744099
Valencia,Venezuela,5201.534069210098
Krefeld,Germany,5929.65792099953
Gdansk,Poland,9327.319280229292
Mexicali,Mexico,1735.0575765418125
Mexicali,Mexico,5157.750052057538
Guangzhou,China,15430.57721629625
Carcassonne,France,7469.963241675706
Turin,Italy,9029.156222574837
Shenzhen,China,11247.136413590488
La Ceiba,Honduras,2776.970870277259
Shrewsbury,United Kingdom,6759.291442748168
Bordeaux,France,6701.38550028873
Inglewood,United States,1262.8376037705273
Chittagong,Bangladesh,14929.660529089482
Aguas Lindas de Goias,Brazil,6877.077973939795
Lublin,Poland,7812.818580672295
Luoyang,China,10402.50307532524
Raleigh,United States,1019.1373382058582
Samobor,Croacia,9926.384906505584
Rome,Italy,7770.246506675439
Sunderland,United Kingdom,7037.761895338411
Viterbo,Italy,7714.238362459241
David,Panama,3723.9152813667247
Sao Paulo,Brazil,9861.112660805013
Changshu,China,10399.390897537703
Perth,Australia,18631.00026335117
Evry,France,9127.895856366522
Sheffield,United Kingdom,6737.077984007032
Sydney,Australia,15919.471848584266
Oktyabr'skiy,Russia,9304.569750347386
Iquique,Chile,8313.847998398029
Rome,Italy,10196.559786541415
Escuintla,Guatemala,2878.6389935283387
Halesowen,United Kingdom,6685.437411382393
Purwokerto,Indonesia,14469.5973678799
Ulaanbaatar,Mongolia,12642.25630064231
Los Angeles,United States,2671.8874298162623
Nantes,France,8795.74605146787
Santiago de Chile,Chile,7976.022342432271
Mixco,Guatemala,3300.887847310229
Reading,United Kingdom,6343.882528218616
Beijing,China,11467.168641819373
Gaborone,Botswana,15806.50818037634
Wuchang,China,11447.35106655599
Dartmouth,Canada,4758.439697860387
Santa Cruz de Barahona,Dominican Republic,500.3702410831569
Darbhanga,India,14273.351749704845
Las Pinas,Filipinas,16295.654355051001
Hailin,China,10360.944253982361
Puebla,Mexico,3336.0901267340823
Cheltenham,United Kingdom,6226.846764115053
Reims,France,6860.016214325175
Matagalpa,Nicaragua,2189.474702722764
Clamart,France,6945.108989618127
Sarajevo,Bosnia and Herzegovina,7429.937935998139
Skokie,United States,627.3071123974332
Chongqing,China,12338.022624147143
Turin,Italy,7355.177805653749
Christchurch,New Zealand,14363.870858077407
Teziutlan,Mexico,2767.8768813609677
Tegucigalpa,Honduras,1809.5750875623132
Sao Paulo,Brazil,5100.952794753229
Erlangen,Germany,7545.550318721207
Adelaide,Australia,16939.27958162955
Berlin,Germany,8477.728292001999
Buenos Aires,Argentina,5907.052544363869
Rome,Italy,7800.33001307298
Birmingham,United Kingdom,6697.88703011112
Fort-de-France,Martinica,696.3560342943235
London,United Kingdom,5961.917004646857
La Ceiba,Honduras,2190.0310941839975
Chaoyang,China,13341.035529759547
Bamako,Mali,6270.952888171148
Shashi,China,10601.541844379824
Fairfield,United States,2852.0678318123882
Gomez Palacio,Mexico,2690.538420674315
Kingswood,United Kingdom,6367.553394003212
Ahvaz,Iran,11177.20285756322
Plano,United States,3384.587054567453
Lome,Togo,8533.024913100731
New York City,United States,2595.2155324422
Waynesboro,United States,2513.8893466538575
Capua,Italy,10145.52605474481
Marseille,France,7176.659690043449
Cucuta,Colombia,1302.9881746978424
Pantin,France,6930.498136909064
Saint Louis,United States,2517.0079660031115
Plantation,United States,1183.520110667408
Visakhapatnam,India,14693.500889270916
Escuintla,Guatemala,2672.0987923013395
Tempe,United States,4823.778885510962
Izmir,Turkey,10050.031726072737
Manila,Filipinas,11363.823353465095
Mecca,Saudi Arabia,10869.950139920345
Colorado Springs,United States,1288.2498173787974
Civitavecchia,Italy,9000.20866004972
Lins,Brazil,7657.425405554974
Kaduna,Nigeria,9268.105133578945
London,United Kingdom,6801.313069576926
Yakarta,Indonesia,14393.583892953964
Ploiesti,Romania,8118.686875239938
Buenos Aires,Argentina,8449.019831810629
Onitsha,Nigeria,8029.140444779033
Mohammedia,Morocco,6119.57881223808
Sheffield,United Kingdom,5412.12791855455
Los Angeles,United States,585.3708533321153
Lagos,Nigeria,12410.201250950606
Mejicanos,El Salvador,2958.2413996606074
Gap,France,6309.899227277875
Izmir,Turkey,8859.119436716797
Epworth,Zimbabwe,16478.693112000383
San Salvador,El Salvador,2539.30173625891
Twin Falls,United States,1592.7565497022683
Soyapango,El Salvador,4794.066943885826
Coyoacan,Mexico,2677.7306266194923
Longview,United States,2185.251000335465
Pearland,United States,1557.7447003535929
Villeneuve-d'Ascq,France,7019.122429180413
Porto,Portugal,5632.610790953116
Paris,France,6831.736979763484
Miami,United States,7571.100185977304
Moca,Dominican Republic,2712.210837711218
Yakarta,Indonesia,16686.572785265093
Dublin,Ireland,5794.176194495089
Santo Domingo,Dominican Republic,2658.1332864028345
Belgaum,India,13624.710068120945
Breda,Netherlands,6368.711901859238
Budapest,Hungary,7235.287819775267
Lahore,Pakistan,13082.14015197554
Seuol,South Korea,9268.112251402452
Buenos Aires,Argentina,8535.163908628241
Bayeux,France,5972.802998845858
Marina di Carrara,Italy,9115.631463551224
Soweto,South Africa,15807.372718259372
Taiping,Malasia,17092.32691258195
Paris,France,6164.575902418293
San Juan de la Maguana,Dominican Republic,4939.07988660634
Avon,France,6206.602188301038
Milwaukee,United States,3412.1795920470763
Zapopan,Mexico,2462.6542300142373
Milan,Italy,7470.9010018231365
Grasse,France,6621.566468275171
Springfield,United States,3268.9283189636817
Palermo,Italy,9148.831706375833
Suffolk,United States,2587.142124260106
Rillieux-la-Pape,France,8526.856217306517
Leon,Nicaragua,3473.8963088766077
Lucknow,India,12450.84937763722
Fremont,United States,5786.620367223962
Parbhani,India,14210.00507637369
San Jose de Guanipa,Venezuela,4158.501014658353
Grosseto,Italy,7322.480787519821
Santander,Spain,9158.354528480715
Gallarate,Italy,9774.049023769738
Echirolles,France,7196.654138021816
Colorado Springs,United States,3980.9571946791716
Choloma,Honduras,2373.9362892417184
Tlalnepantla,Mexico,3437.120450412778
Tiruppur,India,15628.785091789357
Aba,Nigeria,10076.058956608076
Tijuana,Mexico,5282.787535875773
Tegal,Indonesia,17748.2264541073
Bogota,Colombia,5604.632380084501
Bogota,Colombia,1721.7416352927962
Kinshasa,Democratic Republic of the Congo,10549.874661981781
Marina di Carrara,Italy,7545.741002292937
Ilesha,Nigeria,8692.837751627852
Estocolmo,Sweden,7966.231856652111
Ferndown,United Kingdom,6666.660591803515
New York City,United States,3904.068554818794
Mersin,Turkey,10355.325543014895
Deuil-la-Barre,France,8434.216624139966
Paramaribo,Suriname,1810.082484470309
Chelyabinsk,Russia,10127.160922253408
Mixco,Guatemala,2616.9278839215413
Fremont,United States,5786.804498047048
Montesson,France,9152.009215115962
Leicester,United Kingdom,6068.744293702309
Prato,Italy,7664.597400121186
Le Plessis-Robinson,France,6940.591486785466
Marina di Carrara,Italy,9487.724983645438
Recklinghausen,Germany,6896.684629898149
Monclova,Mexico,2286.5803898930776
Millau,France,6992.7328609398955
Bremen,Germany,7401.430297766374
Santo Domingo,Dominican Republic,5104.619899304852
Alicante,Spain,7232.336327678653
Jodhpur,India,13031.510090989104
Los Angeles,United States,8.041387311952672
Nancy,France,7427.652193629662
Lyon,France,7128.427704603994
Kaliningrad,Russia,8177.0530364480455
Ankara,Turkey,11053.215164710315
Jerusalem,Israel,9341.91890839067
Ibague,Colombia,1805.074946912005
Yichun,China,12811.610395534553
Bornova,Turkey,9076.513185986969
Valladolid,Spain,6341.1957337948525
New York City,United States,2595.2508080132225
Viena,Austria,8568.045539635687
Quelimane,Mozambique,12288.508125764016
Huizhou,China,15425.817737545856
Remscheid,Germany,7285.954440072392
Bukavu,Democratic Republic of the Congo,10656.511739909993
Gaoyou,China,11660.065219208202
Tiflis,Georgia,8991.942841413456
Athens,United States,2114.0260997820865
Santo Domingo,Dominican Republic,2999.7279728323424
Gold Coast,Australia,14189.052770047903
Conselheiro Lafaiete,Brazil,7481.449686424401
Marano di Napoli,Italy,7924.5658679479875
Zhuhai,China,12996.640267500623
Ahvaz,Iran,11182.24368327124
Mtwara,Tanzania,12714.339260926694
Newcastle,South Africa,11541.226117134622
Wasquehal,France,9120.836398341295
Criciuma,Brazil,7693.572882314724
San Pedro Sula,Honduras,3067.575612992965
Mixco,Guatemala,3481.3760712738804
Cosenza,Italy,8128.056450748557
Buenos Aires,Argentina,8477.140385506407
Alexandria,Egypt,9524.473528696743
San Pedro de Macoris,Dominican Republic,5041.42587389468
Reutlingen,Germany,7453.512269680929
Mixco,Guatemala,2247.086014535801
Alexandria,Egypt,9550.52324749793
Buenos Aires,Argentina,5907.22483599338
Charlotte,United States,2358.285019711859
Gorakhpur,India,14484.202318299827
Cabimas,Venezuela,3700.294263774216
Guarapuava,Brazil,5093.9561418134845
Modena,Italy,9878.527176083071
Bangkok,Thailand,14051.925496588072
Issy-les-Moulineaux,France,6935.0930961254335
Dresden,Germany,6502.022587771448
Echirolles,France,6920.880904520268
Deltona,United States,1599.1969247858062
Townsville,Australia,16536.96764394149
Mumbai,India,13639.183333039065
Philadelphia,United States,3778.5771176052745
Murfreesboro,United States,2768.5791114100143
Ghent,Belgium,5964.158370738751
Punta Arenas,Chile,9933.111269031253
Valencia,Venezuela,6488.510313940844
Santo Domingo,Dominican Republic,415.68572997400156
Qingdao,China,13947.44249504619
Munich,Germany,7281.410897545835
Manila,Filipinas,11888.165964069982
Quincy,United States,4187.8304421173625
Recklinghausen,Germany,10137.749737947817
Auckland,New Zealand,10542.178783430725
Tegucigalpa,Honduras,2272.3159400384575
Jodhpur,India,12032.647056807815
Santo Domingo,Dominican Republic,2393.1104384956843
Tokio,Japan,8829.339234361363
Carlisle,United Kingdom,7894.539932298693
Bottrop,Germany,10998.82343391805
Chinandega,Nicaragua,3102.9696864915772
Sao Paulo,Brazil,8218.815520896276
Columbus,United States,2890.0192408973194
Columbia,United States,1730.6621056904937
Lyon,France,7129.255703941672
Gujranwala,Pakistan,13029.136342425665
Brisbane,Australia,14630.760886811082
Rangoon,Myanmar (Burma),13473.097770396651
Tianjin,China,11132.880139179366
Gold Coast,Australia,14359.795081887944
Kano,Nigeria,9742.800379317874
Bayeux,France,6729.324157025013
Wellington,New Zealand,13717.669448068385
Lowestoft,United Kingdom,8339.440314167601
Geelong,Australia,16341.698415425917
Pescara,Italy,6973.954151631092
Sacramento,United States,3286.8235401323905
Viena,Austria,9766.403001389219
Cordoba,Mexico,3265.1486189424472
Madero,Mexico,1963.7241326421567
Remscheid,Germany,7306.010552844408
Singapore,Singapore,17592.061954499586
Zhangjiakou,China,10838.30490099151
Yakarta,Indonesia,18470.052417777584
Lomme,France,7012.430359865317
Masaya,Nicaragua,2229.926514058711
Lusaka,Zambia,14994.969244901129
Amravati,India,12563.274122517789
Huainan,China,11454.590813667499
Saltillo,Mexico,1327.741775284138
Johannesburg,South Africa,16637.496704574158
Charlotte,United States,868.8734832255637
Jacksonville,United States,1707.420033701962
Brisbane,Australia,15878.051491551281
Bekasi,Indonesia,15088.657917222234
Milwaukee,United States,1543.0229489044511
Lins,Brazil,9484.453641014767
Elx,Spain,6669.659868254754
Viena,Austria,8296.66766263581
Wilson,United States,1689.2106498587095
Le Blanc-Mesnil,France,5852.112565420153
Maastricht,Netherlands,7203.282064923804
Alexandria,Egypt,9555.9225567201
Porirua,New Zealand,13967.305394087907
Lagos,Nigeria,12350.097507092827
Hesperia,United States,3233.3750069562534
Seattle,United States,3625.2866085581068
Cary,United States,1825.933461499963
Royal Oak,United States,359.7248389155956
Frontera,Mexico,3082.685629816094
Gold Coast,Australia,11629.743256867148
Quetzaltenango,Guatemala,2306.606285870713
Ixtapaluca,Mexico,3457.4381715324384
Zwickau,Germany,6842.272214079416
Santo Domingo,Dominican Republic,378.14008880045253
Yichun,China,11123.00040707501
Yakarta,Indonesia,18483.359270212935
Barnsley,United Kingdom,6740.548588779395
Gaziantep,Turkey,8921.805602428394
Changshu,China,11805.15864332824
Fort Worth,United States,3483.341335730806
Granada,Spain,7098.895714132389
Bulawayo,Zimbabwe,15185.361534421985
Harrow,United Kingdom,4948.530687253518
Ponferrada,Spain,9085.274309122351
Salvador,Brazil,4612.4761774436265
Cucuta,Colombia,3269.400793339936
Marseille,France,7143.92007650417
Fresnillo de Gonzalez Echeverria,Mexico,7407.256539695792
Blumenau,Brazil,10061.372697172248
Xianyang,China,11789.096992487224
Tipitapa,Nicaragua,2241.4229170637823
Antofagasta,Chile,7145.884161168659
Upper Hutt,New Zealand,13704.029038860821
Breda,Netherlands,8279.23012249281
Qarshi,Uzbekistan,12255.57800451141
Chicago,United States,2466.054213480384
Portmore,Jamaica,1111.9238920989505
Dordrecht,Netherlands,7345.000228195861
Cortama,Spain,7309.362472291165
Bajos de Haina,Dominican Republic,5169.421228212981
Morelia,Mexico,2103.8490305026203
Mudanjiang,China,8999.847605840461
Widnes,United Kingdom,6658.801688441338
Philadelphia,United States,3797.4233464912154
Itu,Brazil,9775.787673478682
Chinautla,Guatemala,2636.273480851808
New York City,United States,3965.963250676913
Carrara,Italy,7766.287672512916
Coventry,United Kingdom,6716.598451836751
Gloucester,United Kingdom,6659.032281397827
Irapuato,Mexico,3710.033624612649
Matola,Mozambique,17297.922449135414
Caloundra,Australia,15873.831387380882
Salvador,Brazil,4617.885032727149
Mixco,Guatemala,3466.776092217674
Geelong,Australia,15125.84017330022
Mansfield,United Kingdom,6742.830274267606
Tegucigalpa,Honduras,2272.3168411881475
Columbus,United States,2888.0542193511105
New York City,United States,2600.621755590821
Saint-Dizier,France,7140.232648462839
Arak,Iran,12362.44934362535
Jackson,United States,1215.6405498057654
Borujerd,Iran,11046.196746842215
Seuol,South Korea,9237.889283965002
Bhopal,India,12432.046741844726
Copenhagen,Denmark,7640.405946398068
Kenosha,United States,672.3222359839278
Cape Town,South Africa,16467.57813516943
Newcastle,South Africa,13788.384176623336
Chingola,Zambia,12083.781441075069
Grigny,France,5899.530265085898
Carrara,Italy,7554.415664334176
Tegucigalpa,Honduras,2272.672286651344
Oceanside,United States,5324.898474897559
Versailles,France,9111.526684489914
Punta Arenas,Chile,10413.643417447356
Mixco,Guatemala,2781.20413997156
Lakeland,United States,1580.9549607157892
Bangkok,Thailand,16190.447449265497
San Miguelito,Panama,1745.9463843988085
Brisbane,Australia,14946.22060772497
Bury,United Kingdom,5815.729418137887
Jalna,India,14115.401220756257
Madrid,Spain,6845.962172560285
Makati,Filipinas,13406.48890205503
Kissimmee,United States,3856.70635348189
Carrefour,Haiti,2378.3774851691396
Geelong,Australia,16312.89064745479
Chongqing,China,12901.491484283417
Broken Arrow,United States,415.1895679026566
Shenzhen,China,15492.38850985068
Gorgan,Iran,9941.292974043356
San Francisco,United States,5827.217702296824
Managua,Nicaragua,2239.678163063677
Ipoh,Malasia,17129.737346809416
Aalst,Belgium,6746.426594335431
Jambi,Indonesia,15909.958762997505
Marseille,France,6581.0370504699185
Graz,Austria,7909.768915515675
Shenzhen,China,13040.41365323527
Pematangsiantar,Indonesia,14760.823057888922
Kalundborg,Denmark,6318.0068341381975
Madrid,Spain,6416.868412057681
Varanasi,India,14159.116524012003
Troy,United States,738.7386381243182
Balikesir,Turkey,9109.178984362647
Pirapora,Brazil,4584.627621775328
Atlanta,United States,884.0362075116187
Durango,Mexico,1175.9655745380787
Beaune,France,7130.68865343177
Santo Domingo,Dominican Republic,3347.0486893347093
Odivelas,Portugal,5936.092916201922
Bremen,Germany,9041.934126723387
Tulsa,United States,3518.706532429169
Xuzhou,China,11258.90636267673
Berlin,Germany,7730.105988814447
Bogor,Indonesia,16925.906391819542
Magdeburg,Germany,9118.076193013601
Tegucigalpa,Honduras,2803.148467585251
Beijing,China,13534.059623562107
Bangkok,Thailand,16185.224666988326
Las Tunas,Cuba,1138.6765756338332
Rawalpindi,Pakistan,12837.518045437766
South Bend,United States,892.2368588984298
Bhopal,India,13151.01088881222
Santo Domingo,Dominican Republic,378.24412139013634
Hamburgo,Germany,6460.974976469841
Rotterdam,Netherlands,7223.626851364044
Schiltigheim,France,7324.333658998417
East London,South Africa,13932.022470034806
Parma,Italy,7918.265548979935
Nice,France,7452.274835477426
Acireale,Italy,8312.54571376575
Johannesburg,South Africa,14624.716858098043
Sioux Falls,United States,1774.8880542822808
Morelia,Mexico,2231.2562767332265
Norwich,United Kingdom,6907.716689354557
Peterborough,United Kingdom,5743.4024838740115
Sydney,Australia,15711.83158969826
Tipitapa,Nicaragua,4484.854741175848
Mixco,Guatemala,3671.5774693677745
Santo Domingo,Dominican Republic,378.23285839272165
Santo Domingo,Dominican Republic,378.2958708887093
Gilbert,United States,4808.47760057431
Tegucigalpa,Honduras,2273.338694785086
Venlo,Netherlands,6285.484374768559
Columbus,United States,2082.477325874975
Paris,France,6665.337546394143
Tuxtla Gutierrez,Mexico,2771.4268861141345
Revere,United States,1073.1420663003512
Prato,Italy,9471.982737781484
Ranchi,India,13200.732241344196
Pulheim,Germany,7283.010859842957
Nancy,France,7242.258045300764
San Fernando,Trinidad and Tobago,1030.9703703695834
Gorakhpur,India,12450.119015881872
Temirtau,Kazakhstan,11499.125039851358
Alphen aan den Rijn,Netherlands,8920.95132312786
Toulouse,France,8198.521626258114
Saint-Chamond,France,6688.677659825636
Mahajanga,Madagascar,17433.76903974153
Chelyabinsk,Russia,8489.793176309366
Columbus,United States,3369.975581476367
Cologne,Germany,7582.296800951174
Arkhangelsk,Russia,8407.590870252634
Kalyan,India,12704.882882137266
Guatemala City,Guatemala,2606.7590372655795
Rach Gia,Vietnam,14298.254854280944
Pomona,United States,551.777015345083
Estocolmo,Sweden,7964.342492576056
Chengdu,China,11982.127295453076
Ciego de Avila,Cuba,1351.1810415165935
Ankara,Turkey,9486.94095496767
Palma de Mallorca,Spain,6311.290340521698
Los Angeles,United States,3846.591026351276
Toulouse,France,6177.8251223251
New York City,United States,744.2767759263721
Aswan,Egypt,10345.872358362243
Ninghai,China,14677.535506978937
Ravenna,Italy,9464.561095327477
Wollongong,Australia,15929.148258433783
Mwanza,Tanzania,11084.378886775234
Cagua,Venezuela,901.7338094231864
Letchworth,United Kingdom,7487.523056307799
Pescara,Italy,9977.17635739459
Saskatoon,Canada,2415.176806253897
Juiz de Fora,Brazil,10132.133872373714
La Rochelle,France,5572.4927969779665
Philadelphia,United States,2559.9897872563024
Chengdu,China,10248.216159419886
Bielefeld,Germany,8178.973605102373
Caucaia,Brazil,6145.4263758426505
Norderstedt,Germany,8498.577930958798
Stuttgart,Germany,6252.9628190758
Soyapango,El Salvador,2395.7853439901714
Berne,Switzerland,7331.134887557097
Zabrze,Poland,9739.797762040731
San Francisco,United States,3472.370548278659
Marseille,France,9963.853822228955
Puente Alto,Chile,7627.316515738092
Manila,Filipinas,13622.526900392037
Joinville,Brazil,6902.440414863225
Camacari,Brazil,4600.802117909204
Suffolk,United States,2254.2236189835126
Newcastle,South Africa,11542.268678670747
Fort-de-France,Martinica,6466.051404690434
Houston,United States,1645.925866030648
Chengdu,China,12094.500083004195
Luanda,Angola,9239.68458200187
Los Angeles,United States,5440.124324211371
Holon,Israel,9126.018925158156
Bilaspur,India,13411.141596120186
Hastings,United Kingdom,6845.457783107737
Chiclayo,Peru,3140.632085624297
Tegucigalpa,Honduras,2273.8297495132124
Acuna,Mexico,3711.6311460920497
Glasgow,United Kingdom,5575.779004931287
Detroit,United States,1399.9847645502564
Lahore,Pakistan,11479.655027362342
Greenwood,United States,2023.0732551417689
Radom,Poland,8271.036618342534
Mumbai,India,13950.24371649677
Charlotte,United States,1106.0424174770649
Santo Domingo,Dominican Republic,378.16938069035047
Yakarta,Indonesia,14823.156795352521
Dublin,Ireland,6077.821333647562
Bagdad,Iraq,10318.860082499787
Battipaglia,Italy,9117.229171997154
Guelma,Argelia,7401.259088233145
Auch,France,8784.864398768743
Broken Hill,Australia,16017.761082158948
Sydney,Australia,11838.979334049527
La Celle-Saint-Cloud,France,9092.148408505298
Lahore,Pakistan,12009.897343051052
Meizhou,China,12511.365096286621
Lima,Peru,3554.1376841464426
Carcassonne,France,9080.247859129342
Velletri,Italy,6937.427335610109
Dordrecht,Netherlands,7372.037577275299
Beverly,United States,531.0812866577103
Brescia,Italy,7566.241299667631
Wolfsburg,Germany,7550.1237105790815
St. Gallen,Switzerland,6332.051316179123
Cordoba,Mexico,3221.952360723914
Hamburgo,Germany,7497.215516044737
Santiago de los Caballeros,Dominican Republic,472.86765517750626
Puente Alto,Chile,8541.997462044537
Fort Worth,United States,2256.6725312279805
Greifswald,Germany,7698.270809421009
Lins,Brazil,7457.796774781973
Ras al Khaymah,United Arab Emirates,11681.233944395139
Elx,Spain,6674.682494216368
Carrefour,Haiti,638.5691288157864
Mubi,Nigeria,8578.8820345481
Muret,France,6849.7766571220245
Remscheid,Germany,6587.972228502704
Bangkok,Thailand,13928.988087502225
Oswego,United States,3289.4527493194532
La Ceiba,Honduras,2190.617092722334
Auckland,New Zealand,13753.428507821829
Recklinghausen,Germany,7305.396646160919
Farmington,United States,3842.909998156079
Marrakech,Morocco,6993.023775317998
Temecula,United States,5302.630172453034
Hanover,Germany,7480.100789585475
Heilbronn,Germany,6719.486253757877
Durango,Mexico,4037.6082032992517
Bangkok,Thailand,14572.952306622015
Tegucigalpa,Honduras,3821.9200247461886
Pantin,France,9012.73862575735
Hartlepool,United Kingdom,6781.759358205316
Tehran,Iran,9985.759804900468
Lanzhou,China,13858.773452399984
Hamburgo,Germany,7496.543030392469
Indore,India,13898.894509527028
Ankara,Turkey,9486.139494151963
Groningen,Netherlands,7272.052817911382
New York City,United States,696.3604622385818
Vijayawada,India,14742.407590528332
Culiacan,Mexico,3173.06255129337
San Francisco,United States,575.8120736607669
Abbeville,France,6715.8157378979
Grajau,Brazil,5886.226097844453
Groningen,Netherlands,9429.713582210597
Amiens,France,7777.904247412181
Punta Arenas,Chile,10312.328689371727
Badalona,Spain,9641.508634850876
Cape Town,South Africa,14228.557920792553
Brentwood,United States,484.8950360066301
Verona,Italy,7610.313031229334
Wiesbaden,Germany,7383.563665544832
Huyton,United Kingdom,6845.94598097659
El Ejido,Spain,6485.0053448574345
Tepic,Mexico,1833.8884090673137
Vijayawada,India,14065.955565831116
Cordoba,Mexico,1232.1981946641229
New York City,United States,2597.3717306990698
Brisbane,Australia,14931.362403909518
Domont,France,6950.272131197511
Basingstoke,United Kingdom,6732.541538788071
Rangoon,Myanmar (Burma),14759.2079340431
Wuchang,China,14598.384150840107
Newcastle,South Africa,12471.240467340847
Apeldoorn,Netherlands,7220.755640475829
Pila,Poland,8238.148031161312
San Miguelito,Panama,3522.8879698247138
Tlaquepaque,Mexico,3241.3537404284707
North Las Vegas,United States,5158.137669599499
Algiers,Argelia,7007.97495812297
Milan,Italy,9720.286346160474
Igarassu,Brazil,9174.262587493382
Ufa,Russia,10202.017203991458
Villeurbanne,France,7135.503947385307
Fort Lauderdale,United States,1707.7271908744224
San Luis Potosi,Mexico,3586.304928793059
Shiraz,Iran,11596.501980788848
Grenoble,France,7713.294498305118
Palmares,Brazil,7505.070581695232
Gorakhpur,India,14061.602650591476
Tucson,United States,3028.695632437201
Zabrze,Poland,8106.8833005505085
Bogota,Colombia,6458.076253867834
Paris,France,5950.447868990706
Puebla,Mexico,2672.872127180414
Coimbatore,India,14855.412360610939
Bochum,Germany,8005.136438567974
Santo Domingo,Dominican Republic,2772.548988370536
Altamira,Brazil,6849.158668897201
Inglewood,United States,420.64417629346457
Petapa,Guatemala,3188.2233702308413
Hamburgo,Germany,7497.797655486531
Noisy-le-Sec,France,5595.329788812439
Maracaibo,Venezuela,1030.8028058390544
Tegucigalpa,Honduras,2273.396621033745
Devonport,Australia,15533.926273874316
Warsaw,Poland,9620.630897984995
Coacalco,Mexico,2645.6487504328775
Marseille,France,7484.831255355394
Seattle,United States,5996.809462321196
Washington,United States,325.56190900100535
Melbourne,Australia,15562.827252261859
Santiago de Compostela,Spain,6039.9819303277045
Culiacan,Mexico,1715.0248970625983
Limoges,France,6853.921990051828
Amadora,Portugal,4805.295726939063
Bochum,Germany,7292.151091637912
Gera,Germany,9455.984240076596
Hermosillo,Mexico,4706.4477946385405
Solapur,India,14124.882036204133
Shanghai,China,11939.147608176076
Mexico City,Mexico,4000.3632948044033
San Francisco,United States,5823.685436593824
Bordeaux,France,6698.893735605594
Duisburg,Germany,6488.745046022083
Santa Ana,El Salvador,2522.910552372412
Ufa,Russia,10245.629884717106
Florence,Italy,7620.966955927774
Reynosa,Mexico,1632.0201162547858
San Pedro Sula,Honduras,2326.0665936745277
Montauban,France,6848.504839309912
Le Cannet,France,7279.939791634556
Gallarate,Italy,7412.348423312168
Guangzhou,China,13176.924862688275
Maracaibo,Venezuela,996.1283488366062
Bonn,Germany,9042.27781214485
Seattle,United States,5992.978361476422
Cerignola,Italy,10187.9258603293
Toowoomba,Australia,16212.896119933746
Stockton,United States,5727.987745219286
Springfield,United States,3274.586212082558
Ajmer,India,12220.777456897278
Toulon,France,6886.601311253538
Burbank,United States,5418.356184523645
Deuil-la-Barre,France,6947.3702924820045
Ezhou,China,14620.245471329796
Warsaw,Poland,6865.758153230284
Cucuta,Colombia,1301.5454928603174
Perth,Australia,15674.32459606132
Lazaro Cardenas,Mexico,3785.5823140360003
Wendeng,China,11014.422429110915
Istanbul,Turkey,10940.212779982201
Cordoba,Mexico,2963.195560644677
Ulaanbaatar,Mongolia,9994.049232848807
Kollam,India,14966.373139790661
Santa Fe,Argentina,5401.204338282059
Lisbon,Portugal,5940.369464614288
Villa Nueva,Guatemala,3191.282677411437
Miramas,France,6256.127995583297
Lunel,France,9546.225285211269
Linz,Austria,7833.631815190631
Bogota,Colombia,6023.323813703764
Los Angeles,United States,2349.6216786742607
Sheffield,United Kingdom,6716.357209695919
Leon,Nicaragua,4060.0673954176877
La Paz,Bolivia,6044.912183343003
Muret,France,7622.569154802352
Jackson,United States,2562.4071279250766
Atsugacho,Japan,10010.461339263356
Kulti,India,14536.548263905801
Mackay,Australia,11525.573179131214
Santo Domingo,Dominican Republic,2534.9283322008832
San Luis Potosi,Mexico,2950.332805234638
Florence,Italy,7647.190549715016
Santa Ana,El Salvador,3230.140843985021
Madrid,Spain,9320.463161915188
Englewood,United States,2135.740287617904
Gradignan,France,8749.350306969076
San Salvador,El Salvador,2257.3117732178016
Nanning,China,13383.117939649215
Mixco,Guatemala,2149.090655465506
Iskenderun,Turkey,9879.430819248468
Budyonnovsk,Russia,11058.944681062821
Puebla,Mexico,3262.0449765980443
Mersin,Turkey,9753.80584667601
Rawalpindi,Pakistan,12842.871673845355
Medan,Indonesia,14389.2897167658
Geelong,Australia,16316.102224018112
Samarinda,Indonesia,18028.638091890905
Yiwu,China,11135.963613910139
Mangalore,India,14519.7535930047
Nairobi,Kenya,14696.292631752141
Varanasi,India,12321.14335653717
Qarshi,Uzbekistan,11945.330343432339
Lisbon,Portugal,5941.16733197003
Lille,France,7011.218548513725
Columbia,United States,3419.018822633807
Santo Domingo,Dominican Republic,3286.9119834334297
Passau,Germany,8483.479421254988
Orizaba,Mexico,2524.226795418728
Jeddah,Saudi Arabia,13343.099449253892
Viena,Austria,9688.414232162955
Ardebil,Iran,10279.923481620366
Nom Pen,Camboya,16574.841687998392
Cadereyta,Mexico,3871.989936294504
Turin,Italy,7355.442903728401
Camaguey,Cuba,1254.3856619149967
Castrop-Rauxel,Germany,9161.982879778609
Birmingham,United Kingdom,8442.678374707119
Kanpur,India,13900.287739445686
Quincy,United States,383.64957242828433
Alexandria,Egypt,10811.931096059898
Khomeynishahr,Iran,11340.028690907595
Newark,United States,2604.8249452319965
Ibadan,Nigeria,7682.154250311604
San Luis Potosi,Mexico,1697.3796660524042
Concord,United States,2814.5663203448203
Cotonou,Benin,7559.167663265363
Cannes,France,7308.957965738583
Tegucigalpa,Honduras,3246.723067930674
Quito,Ecuador,3783.9459340137046
Moers,Germany,7271.1950254447265
Adelaide,Australia,17082.494816758768
Managua,Nicaragua,4035.448893138669
Bacolod City,Filipinas,11884.765569515735
Nakuru,Kenya,11341.865071306747
Pasadena,United States,5.627840859291166
Auburn,United States,2514.750727252302
Mexico City,Mexico,3444.7767640382067
London,United Kingdom,8310.91213101295
Bangalore,India,13381.603139302106
Aracatuba,Brazil,4701.105396105072
Consolacion del Sur,Cuba,2196.4951884645734
San Francisco,United States,561.4903310009707
Curitiba,Brazil,5176.421556999739
Westland,United States,1650.9649087451537
Brisbane,Australia,15459.388357411355
Grigny,France,6060.565232484703
Sandnes,Norway,6119.912248736193
Santiago de Cuba,Cuba,2024.4455429238142
Little Rock,United States,2389.839414849869
Tegucigalpa,Honduras,2272.3594320929424
Wuxi,China,9847.503865527211
Chicago,United States,616.8591941557805
Bangkok,Thailand,14798.84408559321
Frankfurt,Germany,8332.021335032221
Hereford,United Kingdom,6632.664551769257
La Rochelle,France,6669.497031784587
Leon,Nicaragua,3238.9146439979813
Huehuetenango,Guatemala,2706.1780301094786
Vitoria,Spain,6516.4642934833455
Odense,Denmark,8759.785768308906
Port Moresby,Papua New Guinea,16287.251124133303
Rockhampton,Australia,16160.45379234416
Kendari,Indonesia,15733.206760102787
Harare,Zimbabwe,13404.937467070733
Waitakere,New Zealand,13987.175088129892
Hamburgo,Germany,6280.856922760262
Chicago,United States,1150.4464480232443
Pasig,Filipinas,16285.11781409604
Avon,France,5786.477214951081
Tarbes,France,8617.977043402005
Mangalore,India,13710.933280851084
Saltillo,Mexico,2297.0584390130275
Bryansk,Russia,9971.260942292145
Hermosillo,Mexico,4676.608388756266
Kashan,Iran,10502.968037702263
Santa Marta,Colombia,5118.329392965895
Shanghai,China,14462.311917783893
Mejicanos,El Salvador,2359.152412134558
Silopi,Turkey,10243.313731933971
Mexico City,Mexico,3151.2950019685236
Dortmund,Germany,7327.269497648738
Sao Pedro da Aldeia,Brazil,10088.776918871421
Buenos Aires,Argentina,9158.314976663156
Malayer,Iran,12330.487579952876
Los Angeles,United States,493.58857838196144
Meyzieu,France,7116.55634274672
Visakhapatnam,India,14835.717671517476
Himeji,Japan,11240.559412143823
Bacolod City,Filipinas,16643.060807005946
Yakarta,Indonesia,16096.458386894663
Naples,Italy,9836.113898017693
Palmerston,Australia,16057.237739127364
Talence,France,6700.50601479432
Huambo,Angola,9641.150981003038
Hangzhou,China,11571.87242294348
Madrid,Spain,5941.3104313685135
Tegucigalpa,Honduras,2273.837399375538
Versailles,France,6933.82149267494
Trento,Italy,9785.054695487468
Yamoussoukro,Marfil Coast,7407.256539695792
Portmore,Jamaica,4617.321612622493
Jackson,United States,2840.725741087256
Lagos,Nigeria,7658.716638987571
Cienfuegos,Cuba,2286.7256540753215
Newark,United States,2606.5559193315394
Lima,Peru,3551.851658777675
Elx,Spain,6117.054352641652
Bolzano,Italy,7384.831514805165
Berlin,Germany,7852.295669823905
Shimonoseki,Japan,11283.2281718042
Mogadishu,Somalia,15514.120187701912
Pescara,Italy,7884.857834292431
Berlin,Germany,5951.710476439164
Hamburgo,Germany,6152.109002833414
Kampala,Uganda,12544.75997146496
Adelaide,Australia,15413.638046378728
Mexicali,Mexico,5139.933051344349
Melbourne,Australia,12793.6785715665
Gulbarga,India,13763.323170183574
Philadelphia,United States,3794.5505127846222
New York City,United States,2591.6809491474587
Bologna,Italy,9969.85229842433
Sahuayo de Jose Maria Morelos,Mexico,3822.237191326127
Alexandria,Egypt,9553.486668205553
Ho Chi Minh City,Vietnam,16704.380649386374
Wollongong,Australia,12301.765330355383
Bacolod City,Filipinas,11777.992600240543
Resende,Brazil,9998.976467459697
Los Angeles,United States,49.32399689511516
Meyzieu,France,6568.575776244477
Petapa,Guatemala,2614.5419708373706
Guatire,Venezuela,856.0324214384407
Abakaliki,Nigeria,12768.544459130706
Apodaca,Mexico,1695.0291510947843
Kolwezi,Democratic Republic of the Congo,10541.620724578028
Schiltigheim,France,8712.156190198823
Brasilia,Brazil,3479.0717198715847
Kharkiv,Ukraine,9343.951830718444
Manila,Filipinas,12266.739358258355
Buenos Aires,Argentina,8251.325764785692
Agrigento,Italy,8019.333760320061
Vitry-sur-Seine,France,9068.765289395911
Wakefield,United Kingdom,5551.965888702215
San Miguelito,Panama,3664.352568470738
Nom Pen,Camboya,16572.742722610532
Manaus,Brazil,7359.444807780116
Bottrop,Germany,7617.495875842907
Sao Pedro da Aldeia,Brazil,5254.561819680572
Kanpur,India,13329.872214433575
Saint-Priest,France,7109.717141947599
Newark,United States,2506.893634973116
Oran,Argelia,6614.208831140486
Oceanside,United States,1814.1904956944059
San Pedro Sula,Honduras,3104.288620064022
Lagos,Nigeria,9197.690140814413
Longueuil,Canada,3063.20024939923
Cuiaba,Brazil,3901.533575755679
La Ceiba,Honduras,3701.1892075941632
New York City,United States,1984.5400884258752
Nishinomiya,Japan,11149.887029324122
Grasse,France,7301.721121631027
Bochum,Germany,7103.8109975036305
Hermosillo,Mexico,491.4039271641654
Lucknow,India,12593.18101570363
Panama City,Panama,2923.135285024702
Kowloon,Hong Kong,15521.698787298265
Miramas,France,7145.275048292122
Tabuk,Saudi Arabia,10365.782211961105
Brumado,Brazil,6943.735036429638
Izmir,Turkey,9832.568920691869
Soweto,South Africa,12882.766158764261
New Bedford,United States,1463.940966148204
Chilpancingo,Mexico,2517.6173277715084
Toledo,United States,809.8213695487281
Philadelphia,United States,2548.0429096238254
Rangoon,Myanmar (Burma),13301.356230313846
Remscheid,Germany,7303.082571569095
Melbourne,Australia,14477.373696048106
Houston,United States,1469.4501693018142
Gagny,France,6942.094288839848
Ardebil,Iran,10731.933259955153
Santo Domingo,Dominican Republic,2362.6087823227444
Daca,Bangladesh,14718.632019226945
Ocotlan,Mexico,3256.5417864773285
Raleigh,United States,1541.4513815518244
Leon,Nicaragua,1959.719468029561
Yangquan,China,10563.410238516186
Burnley,United Kingdom,6645.615108924305
Dormagen,Germany,9154.048895711472
Chillan,Chile,6101.332672504721
Aprilia,Italy,7783.719083563374
Jaipur,India,13561.903227547145
Stockport,United Kingdom,5555.233743787617
La Paz,Bolivia,3850.3103489965906
Watford,United Kingdom,7814.531449919264
Turgutlu,Turkey,9112.996342907722
Nanchang,China,12595.930682646685
Stuttgart,Germany,6604.880570789193
Istanbul,Turkey,8293.282835763861
Surakarta,Indonesia,15326.594438322136
Portici,Italy,7940.292894060317
Utrecht,Netherlands,9735.33313404696
Borujerd,Iran,12202.02905798703
Whangarei,New Zealand,12670.530808881356
Santo Domingo,Dominican Republic,378.3267384314178
Bayamo,Cuba,1104.5617982553863
Marseille,France,9697.07480105052
Perth,Australia,18477.423285930934
Donets'k,Ukraine,10142.50441120455
Nuremberg,Germany,7587.061605381669
Juarez,Mexico,5756.178654401322
Helsinki,Finland,8612.325262384707
Las Rozas de Madrid,Spain,8291.139772547785
Maracay,Venezuela,5770.139411653045
Muret,France,6848.24422151654
Maceio,Brazil,4565.85291463064
Bandung,Indonesia,16249.038937325031
Esteli,Nicaragua,2198.700451647959
Chicago,United States,1383.50303358773
Zhaoyuan,China,10049.433134134502
Wollongong,Australia,15629.218359643966
Albertville,France,6267.68688282124
Tamworth,United Kingdom,5912.260109104577
Ercolano,Italy,7941.024936224824
Langenfeld,Germany,7269.325126572643
Newcastle,South Africa,13446.116589166568
Innsbruck,Austria,9753.277253527438
Siegen,Germany,6129.030879971639
Estocolmo,Sweden,7962.202971278965
Gold Coast,Australia,10838.781105663515
Wadi as Sir,Jordan,10053.414400799564
Geraldton,Australia,15028.58325511778
Manaus,Brazil,2455.5168909910294
Salem,United States,1379.6243259878017
Noisy-le-Grand,France,8161.450582344394
Adelaide,Australia,16938.274831002058
Madrid,Spain,6416.825336234537
Chicago,United States,3308.0546549000287
Limay,France,9098.965503353462
Queanbeyan,Australia,16038.350770774616
Bagnolet,France,9023.292396329416
Berlin,Germany,9119.189288585847
Saint-Denis,France,6951.4351829743655
Tamarac,United States,1676.7683416066889
Frontera,Mexico,2774.1387388123226
Seattle,United States,5995.922855530678
Rangoon,Myanmar (Burma),15685.192612047755
Skokie,United States,3321.1876380675258
Adelaide,Australia,13504.378264879164
Newcastle,South Africa,11539.303489907834
Rochdale,United Kingdom,8480.80201832345
Casablanca,Morocco,6042.52949354762
Juiz de Fora,Brazil,10020.649270859654
Poltava,Ukraine,9178.366782645871
Noisy-le-Sec,France,9179.378799815311
Amman,Jordan,12202.917750791146
Bekasi,Indonesia,14439.687143721958
Los Angeles,United States,5411.309896959369
Los Angeles,United States,5409.650695075259
Warangal,India,12974.96213718906
New York City,United States,1812.5153565466508
Puducherry,India,15507.456229903362
Wad Madani,Sudan,13171.122652794564
Dakar,Senegal,7910.18001653
Jieyang,China,11413.633500633581
Ninghai,China,14683.606581914615
Holguin,Cuba,1077.0850284271482
New York City,United States,2596.6245877844976
Thane,India,13814.007878048582
Leipzig,Germany,6879.409967900545
Bagdad,Iraq,9961.933336574384
Los Angeles,United States,2745.7299375761704
Toulon,France,7220.41868344376
Acuna,Mexico,1739.3047194075655
Seattle,United States,3706.076056751602
Adelaide,Australia,13390.93379657397
Villahermosa,Mexico,2834.5595232450373
Estocolmo,Sweden,7965.412946435541
Sagunto,Spain,6923.822702164522
Nelson,New Zealand,12067.240726455557
Sonsonate,El Salvador,2540.6953757379097
Lins,Brazil,7730.316405482007
Nashville,United States,2822.748360552402
Bologna,Italy,7310.875482398772
Adelaide,Australia,16938.702330269443
Manila,Filipinas,12963.980130980091
Dakar,Senegal,5223.813688427382
Saint-Jean-de-la-Ruelle,France,6673.248523528347
Harare,Zimbabwe,13223.602606890396
Yonkers,United States,1668.255946641317
Uvinza,Tanzania,12063.58208025662
Nakhon Ratchasima,Thailand,14383.91411579526
Springfield,United States,2779.965387132152
Limoeiro do Norte,Brazil,7481.8798207235295
Kartal,Turkey,8224.678044714168
Xuzhou,China,14182.471676963225
Nelson,New Zealand,14430.530609319438
Ceyhan,Turkey,10489.262212282329
Melbourne,Australia,13520.445682845726
Chinandega,Nicaragua,2354.204407803513
Newcastle upon Tyne,United Kingdom,6735.744519066701
Nagasaki,Japan,14064.918775497748
Mons-en-Baroeul,France,7790.398691641422
Bebington,United Kingdom,6499.175628700653
Depok,Indonesia,16845.800065521646
Viena,Austria,7184.337035657031
Villa Nueva,Guatemala,2818.158129620407
Araguaina,Brazil,9279.485042521386
West Jordan,United States,3014.983985155595
Radom,Poland,6920.418655012712
Ankara,Turkey,11008.454701454337
Cape Town,South Africa,10663.490641024428
Basel,Switzerland,7335.658497803939
Brisbane,Australia,12054.355221885591
Chilpancingo,Mexico,2605.856966250593
Marbella,Spain,8672.472581785754
Ulsan,South Korea,11043.03803871815
Le Havre,France,8740.11720238799
Porto,Portugal,6115.280199556718
Guelmim,Morocco,5782.7518478387465
Aubervilliers,France,5756.924755205751
Waynesboro,United States,3261.8222616257203
Neiva,Colombia,5570.6226474572
Portici,Italy,7914.343996534335
Vlore,Albania,10683.664409584653
Zhuhai,China,15520.440401191212
Toluca,Mexico,2423.9186639517716
Izmir,Turkey,9064.707460436362
Spanish Town,Jamaica,1120.284590012981
Riyadh,Saudi Arabia,10689.716601809043
Senhor do Bonfim,Brazil,6808.9703423744
Hamburgo,Germany,8333.39686953475
Frontignan,France,6534.945655196763
Guayaquil,Ecuador,5054.592632016868
Kathmandu,Nepal,12927.060496784954
Mumbai,India,13541.455670425323
Milan,Italy,6701.523735110488
Mont-de-Marsan,France,9337.733225249956
Grenoble,France,6464.192394547933
Manila,Filipinas,14865.279956812165
Buenos Aires,Argentina,5906.533308000953
Ulaanbaatar,Mongolia,11813.536304190617
Yaounde,Cameroon,8604.003098456047
Den Helder,Netherlands,6042.852381353486
Tegucigalpa,Honduras,2273.541115712204
Jambi,Indonesia,14463.033091098538
K'ut'aisi,Georgia,10146.521713993772
Dormagen,Germany,7283.829029778934
Shiraz,Iran,12891.682322194072
Mons-en-Baroeul,France,6989.874295170645
Springfield,United States,3274.7029749924154
Daejeon,South Korea,11374.38206219151
Rasht,Iran,9922.59638530055
Guwahati,India,12702.179028163095
Lunel,France,7073.2071963219305
New York City,United States,35.892816736000476
Toluca,Mexico,3098.137442075123
Wuxi,China,10096.735095982423
Bron,France,7024.633587670813
Mashhad,Iran,11725.89418653615
Stadtlohn,Germany,7297.866090115488
Brisbane,Australia,14186.064322599348
Lowestoft,United Kingdom,6522.699235853355
Wollongong,Australia,15909.504084621312
Plantation,United States,1755.0844918553516
Leon,Nicaragua,4018.450457811314
Soissons,France,6496.375099631972
Los Mochis,Mexico,4458.7892873701185
Tehuacan,Mexico,3275.51269419329
Bekasi,Indonesia,18480.661791677685
Bologna,Italy,7632.873304886641
Zhaoqing,China,15438.844898947551
Consolacion del Sur,Cuba,2136.431438358272
Urganch,Uzbekistan,10085.250418559448
Bellevue,United States,996.7008069354255
Ghent,Belgium,7318.667414721175
Buenos Aires,Argentina,5907.345782206685
Nice,France,7327.661802469801
Algiers,Argelia,7007.117409453461
East Kilbride,United Kingdom,6149.9705225327625
San Miguelito,Panama,1743.2547893204644
Lisbon,Portugal,7708.996572366588
Hamburgo,Germany,6701.187024128351
Hamburgo,Germany,8947.22384986639
Mbandaka,Democratic Republic of the Congo,11275.158893359247
Hanoi,Vietnam,15580.189225639793
Sittard,Netherlands,7212.904193798551
Mexico City,Mexico,2027.2885451055433
Yamoussoukro,Marfil Coast,7407.256539695792
Qarshi,Uzbekistan,10289.286804886271
Bath,United Kingdom,7835.509761711191
New Albany,United States,1105.9342959279297
Whitby,Canada,1999.675315025721
Marseille,France,9719.460534388008
Upsala,Sweden,7915.289891588777
Beijing,China,11617.476363884947
Newcastle,South Africa,13384.101193198107
Los Angeles,United States,1139.5188375639202
Courbevoie,France,6943.601874900288
Vijayawada,India,14740.602848403567
Daca,Bangladesh,12832.034755473072
Santiago de los Caballeros,Dominican Republic,2394.649313067365
Ajman,United Arab Emirates,11482.57886637157
Masjed Soleyman,Iran,11201.310682113364
San Francisco,United States,5855.905476518527
Philadelphia,United States,1003.7499480182919
Villa Nueva,Guatemala,3736.718198167
Poole,United Kingdom,9144.970049973954
Los Angeles,United States,3758.0135337400125
Ujjain,India,13859.889113930041
Newcastle,South Africa,15011.912239525594
Slupsk,Poland,7955.020178739285
Montreuil,France,8912.295727612487
Newark,United States,279.7870720005907
Burnley,United Kingdom,6691.523661413689
Manukau City,New Zealand,13349.977529637965
Santo Domingo,Dominican Republic,2145.2777681731704
Panama City,Panama,1756.9328500928798
Sukabumi,Indonesia,16198.204426902013
Bundaberg,Australia,15967.342277277176
Mexico City,Mexico,3237.9473197087846
Lille,France,7017.78947938356
Irapuato,Mexico,2249.4957381283944
Portmore,Jamaica,1111.9210516065561
Taipei,Taiwan,15135.23892896115
Castres,France,6095.178257502256
Jiaxing,China,11949.446935014796
Villa Nueva,Guatemala,2618.588885078843
Lucknow,India,13898.431112649956
Chattanooga,United States,2462.310445869018
Tegucigalpa,Honduras,3664.5135346915754
Culiacan,Mexico,4293.984891618713
Bandung,Indonesia,17923.585347948305
Vassouras,Brazil,8479.916090371822
Coimbra,Portugal,6019.419215949963
Villejuif,France,9106.1106881075
Buenos Aires,Argentina,10006.123782723675
Morelia,Mexico,3213.4982700875057
San Salvador,El Salvador,2780.2377485727025
Kigali,Rwanda,10769.529798245927
Medan,Indonesia,16205.060212486698
Randfontein,South Africa,11281.645288585893
New York City,United States,3842.6979110586167
Porto Alegre,Brazil,7912.892968449287
Cairo,Egypt,9714.687415121109
Khasavyurt,Russia,10373.408804651797
Annaba,Argelia,6846.653486829341
Foshan,China,15442.568885068038
Los Angeles,United States,3429.346661140597
Brasilia,Brazil,3476.601259231196
Culiacan,Mexico,4295.757235279943
Philadelphia,United States,2561.278991495144
Devonport,Australia,15999.970608640342
Tegucigalpa,Honduras,3491.1795053610367
Orizaba,Mexico,2648.7937170492764
Provo,United States,878.3949645828019
Tianjin,China,13625.620648138218
Toledo,United States,199.06946618782953
Conflans-Sainte-Honorine,France,9045.542693412843
Bajos de Haina,Dominican Republic,2497.495179050967
Shimonoseki,Japan,9914.22160343754
Palermo,Italy,9681.956742484506
Los Angeles,United States,3187.0004033416967
San Miguelito,Panama,4910.406074732793
Depok,Indonesia,18509.137043161893
Sant Boi de Llobregat,Spain,6244.992224681499
Amadora,Portugal,7995.60765251943
Tulancingo,Mexico,3263.2742952123745
Abidjan,Marfil Coast,7407.256539695792
Cuscatancingo,El Salvador,2491.055355992
Ivanovo,Russia,7866.220031309772
Santiago de Compostela,Spain,6312.182225255052
Balikesir,Turkey,8645.620180435819
Sesto San Giovanni,Italy,9587.930900109639
Noisy-le-Sec,France,9099.028885010832
Whitby,Canada,3077.560161887689
Amravati,India,13709.000101534895
Gisborne,New Zealand,13463.902463261265
San Salvador,El Salvador,4839.661842261902
Joinville,Brazil,5275.782648105793
Muret,France,7294.657830505438
Plock,Poland,9601.675585855572
Akron,United States,533.8808265870746
Dar es Salaam,Tanzania,12892.096179252196
Jackson,United States,2632.8697654532693
Casablanca,Morocco,8639.258426612263
Bahia Blanca,Argentina,8660.472302031989
Canberra,Australia,12663.7685091579
Villa Nueva,Guatemala,2342.251217828048
Salvador,Brazil,4592.726946952282
Kuala Terengganu,Malasia,13813.980622680052
Bangkok,Thailand,13673.870383987394
Soyapango,El Salvador,2487.1216893429146
Franklin,United States,3317.2003805333516
Morelia,Mexico,1260.8612604793086
Pulheim,Germany,9142.350998856082
Shimoga,India,14471.195379965593
Santo Domingo,Dominican Republic,378.5750339033031
Resistencia,Argentina,5127.191231380079
Zurich,Switzerland,7407.677051505498
Jacksonville,United States,1340.114678643265
Houston,United States,2328.194787612689
Henderson,United States,2103.7233319443485
Thiais,France,7305.967102151161
Santo Domingo,Dominican Republic,2505.1038194867488
Pune,India,12974.185954675364
Seattle,United States,5997.059083190897
Newcastle,South Africa,11538.581743314666
Magdeburg,Germany,10742.889802834996
Preston,United Kingdom,6943.099603370406
Magdeburg,Germany,9196.616501901803
Lafayette,United States,2911.6099261475
Shah Alam,Malasia,14271.36520022982
Oslo,Norway,6317.4130377757465
Quetzaltenango,Guatemala,3104.7090895629394
Bolton,United Kingdom,8247.459161421688
Bury,United Kingdom,6518.20422427014
Buenos Aires,Argentina,8119.018506834006
Santo Domingo,Dominican Republic,5266.484351548395
Likasi,Democratic Republic of the Congo,10717.404948971936
Valenzuela,Filipinas,11323.530106386817
San Francisco,United States,5824.1687865173435
Timaru,New Zealand,11258.276106361114
Espoo,Finland,6608.808969960538
Yakarta,Indonesia,16082.867153012596
San Francisco,United States,5824.481290303987
Santo Domingo,Dominican Republic,3057.8574995307044
Kendari,Indonesia,18158.71736008812
Etawah,India,13800.655998343947
Ilopango,El Salvador,3048.2577038362388
Berlin,Germany,7733.284160076004
Tegucigalpa,Honduras,2272.7252363619846
Zapopan,Mexico,1595.7432527274138
Teramo,Italy,7855.009692731389
Lucca,Italy,9829.95581977557
Breda,Netherlands,8599.056990644423
Berlin,Germany,8920.096475768862
Brescia,Italy,7561.302270919695
Soyapango,El Salvador,3217.6547548117055
Afragola,Italy,7840.490357773569
Managua,Nicaragua,4544.55979327506
Costa Mesa,United States,5374.938775420621
Xiangfan,China,14438.061470574577
Bolzano,Italy,7725.366640396122
Herne,Germany,7305.6112922317425
Nelson,New Zealand,13696.545603256716
Valinhos,Brazil,7330.204278837431
Minden,Germany,9153.342861975543
Valencia,Venezuela,3878.5391399864725
San Cristobal de Las Casas,Mexico,2828.783730059289
Santo Domingo,Dominican Republic,3142.0119434068274
Cabo de Santo Agostinho,Brazil,7812.878459134535
Versailles,France,6906.671054985496
Salamanca,Mexico,3657.122353169329
Laredo,United States,2759.7037701485774
Cairo,Egypt,9159.616551075653
Asahikawa,Japan,8219.906081275327
Gisborne,New Zealand,11837.734459812249
Magnitogorsk,Russia,9310.170951505133
Soyapango,El Salvador,3625.0162864060517
La Spezia,Italy,7514.474607559504
New York City,United States,1992.7343609536279
Manila,Filipinas,12975.127300743938
Kuala Lumpur,Malasia,17302.343373518914
Dos Hermanas,Spain,9564.112451376832
Chicago,United States,3303.719720947164
Capua,Italy,7063.951033836296
Minna,Nigeria,10655.905210719222
Les Clayes-sous-Bois,France,6617.562707497489
Atlanta,United States,1025.1596872732523
Wuchuan,China,12888.194843371148
Gaziemir,Turkey,8035.918130132735
Guatire,Venezuela,865.1028069174813
San Salvador,El Salvador,4204.731056501959
Sandy Springs,United States,1523.460674511014
Argenteuil,France,8941.60595941058
Tieling,China,10315.78870173342
Lome,Togo,7403.596197972343
Quincy,United States,3703.8546026157396
Dublin,Ireland,5168.558374035005
Goiania,Brazil,4290.095285255356
Lviv,Ukraine,8506.13804475043
Morelia,Mexico,1546.845238466831
Bayonne,France,9309.266098273472
Yaounde,Cameroon,8603.992935090682
Louisville,United States,2906.650888379098
Benin City,Nigeria,9993.308988383862
Jeddah,Saudi Arabia,11237.020367534002
Philadelphia,United States,3997.898091387635
Mangalore,India,13251.747363628061
Adelaide,Australia,16936.321601959302
La Ceiba,Honduras,2189.9834208277643
Toledo,United States,3117.25716186766
Viena,Austria,7616.557317588416
Uithoorn,Netherlands,8946.814378516869
Viena,Austria,7984.617518595176
Marseille,France,7145.849790924193
Lagos,Nigeria,7623.448549889951
Den Helder,Netherlands,7148.440167383711
Hasselt,Belgium,7178.071988812876
Mixco,Guatemala,3928.0437644434287
San Francisco,United States,4134.940492879005
Montreal,Canada,3096.7718285886644
Budapest,Hungary,7409.858065903122
Maracaibo,Venezuela,3194.5760259913427
Depok,Indonesia,15537.077960634117
Nanterre,France,6936.737065385334
Medan,Indonesia,15026.504921185382
Depok,Indonesia,14001.26929880988
Lucknow,India,12382.293728880024
Toulon,France,7220.787312746829
Zaanstad,Netherlands,6302.554469706906
Brisbane,Australia,12862.430044684028
Saint-Herblain,France,8918.68921246883
Trier,Germany,9137.023308567352
Columbus,United States,2886.360372304846
Tegucigalpa,Honduras,2273.4922715238667
Istanbul,Turkey,8240.842706461408
Borujerd,Iran,11050.568465355413
Sao Paulo,Brazil,7570.270772549797
Zlatoust,Russia,10421.301738341394
New York City,United States,2590.737770512155
Freiburg,Germany,9428.60179019477
Camacari,Brazil,9883.747823142983
Wetzlar,Germany,7610.842067694987
Manaus,Brazil,5092.672331681507
Cherkasy,Ukraine,9030.805463876968
Bangalore,India,14748.066062890004
Albany,Australia,18094.089076805227
La Ceiba,Honduras,2870.311638151956
Chicago,United States,3301.588787019248
Mexicali,Mexico,5142.836405770897
Aix-en-Provence,France,9515.742242489503
Carrefour,Haiti,2668.03315279873
Camaguey,Cuba,2312.732152912023
El Ejido,Spain,7267.532287849866
Bari,Italy,9862.595381355219
Sao Goncalo,Brazil,10013.437509952482
Fremont,United States,5783.3879110355865
Manila,Filipinas,16280.781660037715
Yonkers,United States,2617.5032436976408
San Salvador de Jujuy,Argentina,6709.392296949384
Burnley,United Kingdom,5635.858888131254
Palmira,Colombia,1956.289286438928
Kano,Nigeria,8028.951499215855
Presidencia Roque Saenz Pena,Argentina,7308.5448362067
Katsina,Nigeria,9543.810792755796
Arbil,Iraq,10790.129867831927
Douai,France,7009.647714436378
Sao Paulo,Brazil,9866.91124532594
Salem,United States,3446.188048303576
Dar Chioukh,Argelia,7064.038347823445
San Pedro Sula,Honduras,3158.6720057304565
Acarigua,Venezuela,2305.445726006574
Columbus,United States,3137.545192423047
Altamira,Brazil,8039.55811838786
Memphis,United States,1369.554530059822
Benevento,Italy,8027.521632006858
Slupsk,Poland,9278.790864994173
Manukau City,New Zealand,13394.451943238953
Lons-le-Saunier,France,6735.72150655294
Irapuato,Mexico,3405.3092745789804
Dieppe,France,8650.943510129504
Salzburg,Austria,9123.017006189388
Palma Soriano,Cuba,2264.9110556149094
San Lorenzo,Paraguay,4914.859391207289
New York City,United States,864.2423833942609
Santiago de Cuba,Cuba,1014.2108079167248
Mixco,Guatemala,2616.9458330551206
Thiruvananthapuram,India,14999.383672779943
Treviso,Italy,7699.106419843038
San Francisco,United States,5852.881456103926
Haarlem,Netherlands,5791.692512889441
Apeldoorn,Netherlands,7226.219624117716
Antibes,France,7634.697617164971
Remscheid,Germany,8638.814158935433
Waco,United States,383.976917515862
Cochabamba,Bolivia,5902.683289303501
Philadelphia,United States,1042.2550569774758
Waitakere,New Zealand,11170.09390607242
Esteli,Nicaragua,2251.000030608479
Queretaro,Mexico,8887.410009464358
Atlanta,United States,2480.023583253218
Escuintla,Guatemala,2671.638372693981
Pau,France,10955.95982147639
Sonsonate,El Salvador,2541.6768638078997
Manizales,Colombia,4029.128414321217
Contramaestre,Cuba,1061.0332106433148
Tlalpan,Mexico,1638.9269912477255
Diadema,Brazil,5109.658214965191
Montes Claros,Brazil,9471.130728279282
Rochester Hills,United States,3136.611882332431
Bergen op Zoom,Netherlands,7221.746799665191
San Pedro Sula,Honduras,1630.8829965222149
Saint-Laurent,Canada,3099.3667393744167
Uvira,Democratic Republic of the Congo,10716.500709684045
Jos,Nigeria,8096.888420460906
Catania,Italy,8060.973453187922
Alexandria,Egypt,9553.596232220272
Paris,France,6925.678380342089
Yogyakarta,Indonesia,16339.765794205276
Philadelphia,United States,2549.7583179341714
Toulon,France,6371.838614865484
Provo,United States,1259.1464299586983
Toledo,United States,803.9820013857893
Colorado Springs,United States,3913.1464602139076
Bielefeld,Germany,6121.124317926642
Kokshetau,Kazakhstan,10416.084844054352
Kuala Lumpur,Malasia,16556.876021094613
Santa Clara,Cuba,3880.496333028317
Grodno,Belarus,8849.893365730513
London,United Kingdom,6186.2684333233
Darmstadt,Germany,6792.311758274702
Florence,Italy,9779.961179016185
Ararangua,Brazil,5512.243729358641
Hollywood,United States,3302.933115245124
Glasgow,United Kingdom,7675.062359936568
Santo Domingo,Dominican Republic,5126.67230459674
Plantation,United States,1709.977386498757
Shkoder,Albania,8338.557040106083
Santo Andre,Brazil,9172.682401661756
Letchworth,United Kingdom,6774.722893628394
Pistoia,Italy,7321.350635846573
Sanandaj,Iran,12214.96323847872
Tegucigalpa,Honduras,3110.000982699668
Colon,Panama,1761.9251414043388
Dos Quebradas,Colombia,1623.5249269474975
Zhengzhou,China,14140.964050523799
Perth Amboy,United States,2579.296597675322
Ocotlan,Mexico,3825.3671549015908
Little Rock,United States,1739.3737829608435
Queretaro,Mexico,3523.4500374250497
Chelles,France,8029.319025094503
Agra,India,11958.919914090418
Sao Paulo,Brazil,7481.803457773649
Garforth,United Kingdom,6181.618438814404
Camaguey,Cuba,2255.037959364983
Ardebil,Iran,10736.38305118559
San Luis Rio Colorado,Mexico,5073.19892524044
Ajmer,India,13616.26482689689
Chittagong,Bangladesh,14931.386984047187
San Francisco,United States,5856.49332226754
Peterborough,United Kingdom,8655.38804818728
New York City,United States,2001.95339760822
Belleville,United States,3205.5166805394983
Texas City,United States,2114.238513546926
Aprilia,Italy,8880.534886888036
Changshu,China,14428.330977099547
Kahramanmaras,Turkey,9864.62463331563
Ulaanbaatar,Mongolia,12638.47776263855
Batna,Argelia,7274.4689908468
Trapani,Italy,7486.401908544236
Las Pinas,Filipinas,16293.690538242981
San Clemente,United States,3299.3354705150227
Berlin,Germany,7381.270016669041
Bryansk,Russia,9984.115754947336
Cainta,Filipinas,16279.885201841385
Bamako,Mali,7072.8975741289605
Springfield,United States,3276.7691140395573
Tehuacan,Mexico,3275.7514988321573
Sao Paulo,Brazil,5079.190414410591
Lucknow,India,12981.949354260716
Perth,Australia,18478.021390563168
Casablanca,Morocco,9591.297177614068
Luanda,Angola,11568.391802820513
Esenyurt,Turkey,9109.883999560934
Bucaramanga,Colombia,3737.4752318575893
Bandundu,Democratic Republic of the Congo,9607.64514552788
Huehuetenango,Guatemala,2741.386537192569
Saint-Nazaire,France,5805.841003452571
Villefontaine,France,6188.211540065018
Huehuetenango,Guatemala,3278.1483218623157
Canberra,Australia,16051.75093580106
Bath,United Kingdom,6647.140466227777
Sindelfingen,Germany,9176.21377219393
Cerignola,Italy,8143.136757299744
Aprilia,Italy,7783.696477803087
Flensburg,Germany,7460.182335629859
Nom Pen,Camboya,14228.982269649488
Huaibei,China,14219.43490343873
El Progreso,Honduras,2305.7787128057894
Mysore,India,14741.40567931095
Gold Coast,Australia,13705.081984461624
Perth,Australia,15569.20486993473
Kupang,Indonesia,18621.37506017333
Naihati,India,14701.337889913177
Bihar Sharif,India,14326.842551712707
Ningbo,China,14609.102808273372
Kunming,China,15072.074985207148
Lagos,Nigeria,12176.141564748526
Bandar-e Anzali,Iran,11477.79730031913
Redlands,United States,1124.34503574812
San Martin,El Salvador,3878.4480876796692
Manila,Filipinas,12516.743586642806
Paris,France,8884.131111859591
Acerra,Italy,7936.345401235303
Ciego de Avila,Cuba,1348.4208034918076
Philadelphia,United States,3776.4806978042225
Viena,Austria,7988.64182651014
Acarigua,Venezuela,3148.9346277636237
La Romana,Dominican Republic,275.3768930098919
Santo Domingo,Dominican Republic,378.1625845757198
Porto Alegre,Brazil,5582.13342783501
Depok,Indonesia,18503.87195831656
Kitchener,Canada,3337.7003619210027
Bayamo,Cuba,2260.52650182485
Chaguanas,Trinidad and Tobago,6229.333103946221
Kinshasa,Democratic Republic of the Congo,11058.938713802056
Manila,Filipinas,14807.237534326414
Chicago,United States,1612.571898622511
Huambo,Angola,11629.384773136697
Saltillo,Mexico,3654.2761448293227
Dakar,Senegal,5224.2365948577535
Galway,Ireland,6242.439031193133
Cormeilles-en-Parisis,France,6590.072019312394
Montevideo,Uruguay,9120.629609799264
Shenzhen,China,15487.675834742411
Jerusalem,Israel,10005.8704649039
Columbia,United States,2278.025500500278
Hargeysa,Somalia,14519.292080005347
Hurghada,Egypt,12146.85909007071
Yaritagua,Venezuela,5378.250927870395
New York City,United States,2594.6522675271653
Paris,France,6947.473099099485
Managua,Nicaragua,4114.886458546527
Casablanca,Morocco,6044.414239621818
Masterton,New Zealand,13357.88311105743
Herten,Germany,6274.266709336674
Athens,United States,844.3688050722399
Kunming,China,13948.447674967661
Barcelona,Spain,6900.37207417344
Great Falls,United States,1269.5489735693943
Termez,Uzbekistan,12185.93635798769
Villa Nueva,Guatemala,3305.2788108061513
Changde,China,14770.825277566533
Salvador,Brazil,4594.5249893210985
Kolhapur,India,14231.065172696302
Ostrava,Czech Republic,9784.256838129711
Wollongong,Australia,15926.954391467736
Houston,United States,1989.2449110849202
Coventry,United Kingdom,6716.964638087866
Villa Nueva,Guatemala,3338.4038805177
Estocolmo,Sweden,7122.0158108707255
Ajmer,India,13515.87670573078
Cairo,Egypt,9717.995489064653
Umuarama,Brazil,4855.614008251121
Taranto,Italy,8172.719878082131
Tegucigalpa,Honduras,2273.1440598834192
Reading,United Kingdom,5706.40374939432
Heerlen,Netherlands,6311.756808257292
Chinautla,Guatemala,2017.3504321569712
Harrow,United Kingdom,6784.6131833383315
Viena,Austria,7893.502188951917
Xinzhou,China,13678.47048163688
Nelson,New Zealand,13498.389927051036
Marion,United States,2146.6014948478337
Kuala Lumpur,Malasia,14165.044768099331
Newark,United States,2604.3315212786993
Bishkek,Kyrgyzstan,11908.841930223492
Hengyang,China,12690.714962196524
San Antonio,United States,3484.2385937106674
Port Harcourt,Nigeria,8097.6514941860905
Perth,Australia,17575.92994017185
Zapopan,Mexico,3887.079187262835
Viena,Austria,9827.61281078902
Great Falls,United States,1611.1226156757298
Suzhou,China,11845.499847270905
Cotonou,Benin,8660.649632593058
Paris,France,6944.890494581621
San Pedro Sula,Honduras,3019.971229785546
Sant Boi de Llobregat,Spain,6906.608283109405
San Pedro Sula,Honduras,2325.7481449064335
Arusha,Tanzania,11513.911642805637
Charleroi,Belgium,5431.283398848101
Sao Benedito,Brazil,3731.4081098182196
Plock,Poland,8156.958537043778
Andijon,Uzbekistan,12210.369341684645
Anqing,China,14587.538482686223
Henderson,United States,3325.6904597876787
Mexico City,Mexico,2713.6527025788064
Registro,Brazil,5140.9198572591495
Kaspiysk,Russia,9819.23421408718
Santo Domingo,Dominican Republic,2483.739679034131
Annaba,Argelia,6827.703562599055
Zaanstad,Netherlands,7120.197220481585
Santo Domingo,Dominican Republic,2963.2926153818726
Bochum,Germany,9137.858741782264
Toledo,United States,3063.9693031097204
Cuscatancingo,El Salvador,3200.0258448503855
Jinjiang,China,15210.378336878952
Mount Vernon,United States,2608.962295941049
Pasig,Filipinas,14438.494746421495
Nagasaki,Japan,14068.899277441782
Singapore,Singapore,15762.839753928654
Cordoba,Mexico,2745.858123374515
Lund,Sweden,8922.926113904083
Houston,United States,2218.874186344401
Neunkirchen,Germany,6651.01713473751
Managua,Nicaragua,4070.1474102169736
Springfield,United States,3272.2271304187016
Zaporiyia,Ukraine,9350.863388540218
Brasilia,Brazil,3460.3214594958845
Sialkot,Pakistan,13026.059563960674
Bridgetown,Barbados,4117.683003840037
Katowice,Poland,9768.587299721396
Girona,Spain,6970.908669245235
Fayum,Egypt,9345.860806979115
Pontevedra,Spain,7494.668664237018
Palma de Mallorca,Spain,6960.951948432288
Dublin,Ireland,8032.348515962347
Paris,France,6945.0957913057555
London,United Kingdom,6170.9462579361825
Trento,Italy,9679.318944587625
San Salvador,El Salvador,2544.301078995827
Versailles,France,6934.118302178271
Wuhan,China,8800.71991679671
Bezerros,Brazil,7096.257847661568
Columbus,United States,2832.2145109680464
Plovdiv,Bulgaria,8762.939681026193
Narbonne,France,6980.706539467529
Kisumu,Kenya,11196.117844563463
Cairo,Egypt,12221.819628430738
Hengyang,China,15004.574175657417
Washington,United States,3628.815004824856
Taipei,Taiwan,12563.411946755712
Tegucigalpa,Honduras,2272.5513430473607
Niagara Falls,United States,1340.7860331904199
Konya,Turkey,9534.328603621205
Owerri,Nigeria,8857.834649237846
Porto,Portugal,6013.4020074895125
Herne,Germany,6053.525205582651
Mazyr,Belarus,7493.57352270778
Park Ridge,United States,2605.7355113663
Aalst,Belgium,7088.673005121716
Nizhyn,Ukraine,9006.392250999452
Lakeville,United States,1156.1261822436857
Brighton,United Kingdom,6179.630436568141
Ankara,Turkey,9487.686693542717
Mashhad,Iran,12346.694259724345
Venice,Italy,7714.723682494963
Maceio,Brazil,7339.618184794336
Montevideo,Uruguay,8510.313856160485
Managua,Nicaragua,3219.9013930428196
Bondy,France,9106.367816520084
Vijayawada,India,13096.735232870487
Geraldton,Australia,17362.19359693944
Tiruppur,India,14828.711323555757
East London,South Africa,11483.261603385114
Bryansk,Russia,9964.159697222054
Perth,Australia,16118.171861843592
Istanbul,Turkey,9132.032930558757
Las Tunas,Cuba,1137.5749701506602
Umuarama,Brazil,7622.899510057852
Grevenbroich,Germany,6028.203400502016
Mexico City,Mexico,3452.533082096534
Bilbao,Spain,6503.633667436486
Choloma,Honduras,2315.5136759892816
Stuttgart,Germany,6305.620313375638
Surabaya,Indonesia,18779.388789966833
San Salvador,El Salvador,1553.4814032574336
Nelson,New Zealand,10879.924681524306
Santo Domingo,Dominican Republic,3467.0694452899434
Jinhua,China,14725.254497196642
Lancaster,United States,1601.9530360232236
Bridgetown,Barbados,922.5695489454909
Houston,United States,2176.134307684892
Villeneuve-d'Ascq,France,7018.875561893708
Muzaffarpur,India,12121.500047734222
Warrnambool,Australia,15506.961438646205
Kathmandu,Nepal,14078.634004680103
Newark,United States,736.4122234626799
Euskirchen,Germany,6250.2595563894565
Santiago de los Caballeros,Dominican Republic,475.4811454372757
Seuol,South Korea,10522.38045453809
Managua,Nicaragua,2275.909148709153
Tegucigalpa,Honduras,3920.279023514406
Nagercoil,India,14158.057306774215
Siedlce,Poland,8421.315965740785
Oyonnax,France,7194.783332844977
Cassilandia,Brazil,4434.207226356988
Varzea Grande,Brazil,3917.3711400000907
Kinshasa,Democratic Republic of the Congo,12322.562411899426
Marseille,France,6745.709079384141
Medellin,Colombia,1335.9187587106783
Pontoise,France,6936.474847718596
Hyderabad,Pakistan,13293.650618485179
Pulheim,Germany,9173.422708663027
San Rafael,Argentina,5856.332363033467
Santo Domingo,Dominican Republic,378.271737830155
Frontera,Mexico,2748.902827731938
Baku,Azerbaijan,11459.671958609104
Euskirchen,Germany,6723.181857820296
Mersin,Turkey,9752.143602443604
Managua,Nicaragua,5027.061154562207
Athens,United States,2429.856754618362
Caucaia,Brazil,9840.968606060958
Paris,France,6946.1094941843685
Agadir,Morocco,5858.520796231189
London,United Kingdom,7944.01804738508
Noisy-le-Sec,France,6956.955114470211
Ufa,Russia,10107.513424073071
Mashhad,Iran,10733.175079331888
Adelaide,Australia,13403.819397030364
Brisbane,Australia,15877.831473791695
Kanpur,India,13296.143040229063
Lugansk,Ukraine,8673.80103349294
Auburn,United States,1359.2354792761982
Kano,Nigeria,8028.22190911058
Jining,China,11432.585129852925
Doha,Qatar,10795.876749619903
Villa Nueva,Guatemala,2424.9333299613104
Santo Domingo,Dominican Republic,378.56845608265024
Tlalnepantla,Mexico,3438.1563598019147
Cergy,France,6932.357455402146
Gera,Germany,8313.100795999893
New York City,United States,1176.654877729045
Melbourne,Australia,16279.562273967857
Bezerros,Brazil,4460.355905028672
Caloocan,Filipinas,13643.245867685124
Cerignola,Italy,8032.928412463721
Girona,Spain,9571.942013113838
Bogota,Colombia,5611.931446719124
Qazvin,Iran,12140.205852690424
Ganganagar,India,12680.418197033474
New York City,United States,1.7161728786197277
Fayum,Egypt,9686.03780917341
Palembang,Indonesia,18070.365514915655
Seuol,South Korea,8698.380035844635
Kita-ku,Japan,13704.205867807332
Resende,Brazil,9979.396860324807
Coyoacan,Mexico,2298.5036173263197
Antofagasta,Chile,6733.740953606041
Xinshi,China,11062.137047412727
Poltava,Ukraine,10340.478749353853
Saqqez,Iran,11664.98987302961
Seattle,United States,5289.416542920464
Dalian,China,10959.165415621357
Latina,Italy,7753.239600528555
Quelimane,Mozambique,16940.06503831051
Fort-de-France,Martinica,694.6530764154613
Xiaogan,China,10786.593192755598
Bangalore,India,14327.12943900485
Zahedan,Iran,12274.889529876353
Noisy-le-Sec,France,6960.398610518648
Pune,India,13781.457576867908
San Salvador,El Salvador,4325.387216804055
Oxnard,United States,1608.0629743685602
Xi'an,China,11633.7108109809
Rangoon,Myanmar (Burma),12999.036593688523
Soyapango,El Salvador,2522.40584716999
Mixco,Guatemala,3456.8875905607697
Beverly,United States,1821.520847546773
Houston,United States,3203.917137458171
Medan,Indonesia,17094.11082050713
Dublin,Ireland,7809.4735738717745
Odense,Denmark,7525.976921807207
Carrollton,United States,2675.316056214246
Ikot Ekpene,Nigeria,11156.027215812894
Leon,Nicaragua,2925.1544555834066
Santo Domingo,Dominican Republic,378.51281148004705
Edinburgh,United Kingdom,5240.8856755625
Saltillo,Mexico,3654.163513033497
Viena,Austria,8141.119156509965
Kuito,Angola,9751.209017106434
Cleveland,United States,3877.725245928717
San Cristobal de Las Casas,Mexico,2919.537323443827
Manila,Filipinas,11474.040532676401
Hangzhou,China,14595.405641642912
Brisbane,Australia,14345.306469812378
Benidorm,Spain,6137.432940014418
Shuangcheng,China,8512.072325193312
Vesoul,France,7227.81738884117
Dnipropetrovsk,Ukraine,9309.384789658778
Ad Diwem,Sudan,12254.241689926637
Genk,Belgium,7181.237725998876
Ilopango,El Salvador,2478.1361075263144
Sydney,Australia,15917.657738254047
Cuscatancingo,El Salvador,2490.598226529787
Lanzhou,China,13863.546238244124
Pila,Poland,7950.416349900704
Tegucigalpa,Honduras,2273.1767471941685
Harrogate,United Kingdom,6748.073404495076
Toulouse,France,9296.451967972102
Paris,France,5834.967916393832
Hampton,United States,799.1730605823385
Sao Goncalo,Brazil,5210.383371805411
Pompano Beach,United States,1554.7714895711117
Taza,Morocco,6381.361120794049
Fresnes,France,7742.639788497405
Odense,Denmark,8777.285959449431
Clichy-sous-Bois,France,6965.913482692076
Chesterfield,United Kingdom,5438.41763668893
Frontera,Mexico,1025.3230867545517
Dos Quebradas,Colombia,5835.265543678978
San Francisco,United States,5822.868211480435
Buenos Aires,Argentina,5907.805194934493
Masaya,Nicaragua,2228.5159841577356
Jacobina,Brazil,7040.135481393676
Managua,Nicaragua,2585.429295031264
Velletri,Italy,8078.376262653928
London,United Kingdom,6779.587963028713
Managua,Nicaragua,2240.922338433416
Vadodara,India,12962.124628857622
Mount Gambier,Australia,16598.103944266528
Valencia,Venezuela,9201.621457678091
Macapa,Brazil,5489.024741824877
Porto-Novo,Benin,12553.79410959933
Aylesbury,United Kingdom,6754.455893046434
Padang,Indonesia,17608.931615151625
Seuol,South Korea,13882.965458795406
Seattle,United States,5992.227484653134
Villa Nueva,Guatemala,3525.9968579598467
Miramas,France,9656.456439060812
Newcastle,South Africa,13902.094154280574
Greenwood,United States,1354.5215539444046
Alexandria,Egypt,8704.318911225708
Andover,United States,1824.59345949505
Basra,Iraq,11154.644922862022
Wellington,New Zealand,12631.450625191419
Boca Raton,United States,3907.0407562655846
Chengdu,China,14485.159782099468
Apodaca,Mexico,487.2052575422114
Xi'an,China,13048.94816986801
Bangor,United States,1962.3817013648058
Ho Chi Minh City,Vietnam,13923.786576925831
Trento,Italy,7613.1489016496935
Saint-Louis,France,7303.460751419455
Preston,United Kingdom,8461.564336955675
London,United Kingdom,8828.884084582345
Odense,Denmark,8962.217727565332
Tarbes,France,8165.649812359891
Tegucigalpa,Honduras,2273.2753014611726
New York City,United States,2596.8248481196483
Mombasa,Kenya,11851.8749293163
New York City,United States,2595.6305021711883
Franca,Brazil,4766.334261141319
Jiangdu,China,14355.161235835609
Tijuana,Mexico,475.2473587969857
Brest,France,8725.709812484041
Villeneuve-d'Ascq,France,6994.459612858055
Santo Domingo,Dominican Republic,378.73663846045446
Valencia,Venezuela,3629.3002831483595
Paris,France,5861.612328922057
Tlalpan,Mexico,3173.4128819417406
Thiruvananthapuram,India,14374.598958659202
Rockhampton,Australia,14968.71720493591
Thousand Oaks,United States,59.7112977296983
Christchurch,New Zealand,13873.411422427642
Irapuato,Mexico,2294.7686009300774
Oakland,United States,4128.998803784631
Santo Domingo,Dominican Republic,378.72541409615667
Solihull,United Kingdom,8412.665478638648
Silao,Mexico,3682.4431045191664
Leominster,United States,1050.7108820935632
San Miguelito,Panama,3262.424437156907
Ruda Slaska,Poland,6858.038443373024
Sao Paulo,Brazil,6840.498859349904
Rancagua,Chile,5819.519173927745
Los Angeles,United States,2703.309316672408
Santo Domingo,Dominican Republic,4430.579736145464
Lakeville,United States,1406.906228335816
Apodaca,Mexico,2856.0404600362403
Hermosillo,Mexico,967.591915897868
Geelong,Australia,16692.60245844004
Offenbach,Germany,7414.083756288018
Carrara,Italy,7574.092712651812
Ufa,Russia,8766.308310552064
Mexico City,Mexico,3452.81402476557
Chinandega,Nicaragua,4216.331650622216
San Miguelito,Panama,5358.066016584677
Verona,Italy,7610.643075643024
Pavlodar,Kazakhstan,11445.179240667972
Canberra,Australia,13872.44617103798
Salzburg,Austria,8602.99383407969
Leon,Nicaragua,3174.9270677552536
Darmstadt,Germany,7409.87761361328
Breda,Netherlands,9038.986218695256
Les Pennes-Mirabeau,France,7170.027146609327
Alexandria,Egypt,9553.862273052275
Zilina,Slovakia,7077.287252832035
Yueyang,China,12609.242904238286
Santo Domingo,Dominican Republic,378.51314050453595
Buenos Aires,Argentina,8640.739320228819
San Francisco,United States,5824.389510868883
Civitavecchia,Italy,7711.82706845777
Plano,United States,3453.8168882110817
Juarez,Mexico,2393.4860185473435
Bacolod City,Filipinas,15640.315817472372
Amol,Iran,11899.732569406098
Abidjan,Marfil Coast,7407.256539695792
Garforth,United Kingdom,6750.505008137812
Langenfeld,Germany,7288.307824703491
Mixco,Guatemala,2875.5689324067043
Ocana,Colombia,1338.5097620412446
Magdeburg,Germany,7614.896848938476
Santa Cruz de la Sierra,Bolivia,6562.321216272664
Nice,France,7298.421139231256
Palembang,Indonesia,15959.100356602805
El Progreso,Honduras,4674.382550212337
Conway,United States,1064.2259715308862
Brisbane,Australia,16114.046741536864
Carrefour,Haiti,2236.395140030603
Dreux,France,6853.758908746268
Gillingham,United Kingdom,6503.535418481949
Maroua,Cameroon,12756.18564139494
Mumbai,India,12703.504030636186
London,United Kingdom,6070.190766724824
Sydney,Australia,15919.369568921764
Consolacion del Sur,Cuba,1849.955266498458
Santiago de Cuba,Cuba,1013.6845309448049
Pasadena,United States,23.419747754545675
Cuernavaca,Mexico,3389.504766637831
Waterlooville,United Kingdom,8809.51614951318
Guarulhos,Brazil,9341.151877693272
Leon,Nicaragua,3409.2622792331154
Denpasar,Indonesia,16274.585934111738
Paris,France,6946.526910813638
Accra,Ghana,7307.9957183317565
New York City,United States,362.1379535681772
Draper,United States,4987.350856606021
Gothenburg,Sweden,8314.96975503612
Santa Catarina,Mexico,1121.0818767447322
Antofagasta,Chile,8070.625627136025
Bangalore,India,14060.058728505694
Depok,Indonesia,16002.878853307706
Neuilly-sur-Seine,France,6943.981942670804
Chongqing,China,14629.387164515478
Soissons,France,6656.441463424107
Dumai,Indonesia,17434.154925497845
Buenos Aires,Argentina,8426.919280595335
Houston,United States,371.26024034771973
Carcassonne,France,6927.606965352934
Wuchuan,China,11635.175982521627
Carrollton,United States,1409.1596108294343
Paris,France,8431.517613348156
Grevenbroich,Germany,9035.86695149027
Oullins,France,7126.675597628308
Zapopan,Mexico,3887.623052906242
Nakhon Ratchasima,Thailand,16120.013529781594
Seattle,United States,5996.510087784962
San Salvador,El Salvador,3796.529313432675
Hartlepool,United Kingdom,6349.744796911405
Jurema,Brazil,6604.815575929805
Lagos,Nigeria,12482.922178191287
Cesena,Italy,9814.36882107832
Paulista,Brazil,4512.6054662399365
Bishkek,Kyrgyzstan,12147.949077587866
Tegucigalpa,Honduras,3764.123945951468
Jos,Nigeria,12639.651857328165
Los Angeles,United States,1707.0530299023067
Bogota,Colombia,5802.239801981272
Reggio nell'Emilia,Italy,9842.877482444566
Morelia,Mexico,2719.0960530883003
Potenza,Italy,7973.97269958965
Gravatai,Brazil,5583.482232573985
Paramaribo,Suriname,10923.653733241561
Nanning,China,12804.359088867599
Hasselt,Belgium,7862.946970748015
Beauvais,France,9045.377160396738
Maisons-Alfort,France,8462.523643940522
Torcy,France,6943.428867435737
Reading,United Kingdom,6097.63972059461
Jiaxing,China,11952.51718508818
Singapore,Singapore,14566.871347116714
Brindisi,Italy,8224.126659822845
Mexico City,Mexico,1313.6444656225865
Mersin,Turkey,10182.460782593891
Kayes,Mali,6006.753089891843
Minden,Germany,7521.2799688013965
Roosendaal,Netherlands,8985.87001066402
San Francisco,United States,566.796454671251
Torremolinos,Spain,6332.472481734725
Metz,France,7233.442148531338
Jerusalem,Israel,10004.673855535566
Adelaide,Australia,14274.394998490396
Bhopal,India,13969.839655705196
Jerez de la Frontera,Spain,8149.369292749692
Le Blanc-Mesnil,France,6956.708939249935
Gold Coast,Australia,11622.518637348418
Araguaina,Brazil,3450.633698534339
Itajai,Brazil,5347.366309387008
Genk,Belgium,6183.653152339849
Cirebon,Indonesia,15924.047027619603
Karaganda,Kazakhstan,10180.918474335394
Anapolis,Brazil,8213.451708946068
Brasilia,Brazil,8409.485372016548
Los Angeles,United States,5411.040688680865
Lome,Togo,10285.083274208373
Appleton,United States,3546.774082188449
Palembang,Indonesia,18070.59780320666
Baltimore,United States,2529.809420839907
Kilwinning,United Kingdom,7510.288898052956
Calabar,Nigeria,8205.036773810069
Khouribga,Morocco,5902.432517704762
Gloucester,United Kingdom,6657.718409214031
Recife,Brazil,6920.421550628628
Hoover,United States,2766.014318264902
Toulon,France,8212.113286058498
Bayonne,France,5865.7463428173205
Metz,France,6099.382654625125
Darton,United Kingdom,6738.907160316147
Glasgow,United Kingdom,8256.659656368962
Santa Clara,Cuba,3368.150440344495
Culiacan,Mexico,4296.564108116401
Iquitos,Peru,5613.215557287832
Seuol,South Korea,9597.556551426464
Springfield,United States,2583.247645279072
Beira,Mozambique,16942.12459028428
Wad Madani,Sudan,13831.967699414085
Little Rock,United States,1653.4426652812317
Santo Domingo,Dominican Republic,378.8907767879184
Juarez,Mexico,4287.904729776343
La Baule-Escoublac,France,8869.25972882062
Tegucigalpa,Honduras,3001.6973272652313
Santo Domingo,Dominican Republic,2574.91924045006
Saumur,France,5795.010407319513
Huambo,Angola,9641.816588917325
Tegucigalpa,Honduras,4030.156757781297
Santiago de Cuba,Cuba,4841.434818162273
Allauch,France,7185.889292992649
Apodaca,Mexico,3580.6992207004073
Salavat,Russia,10355.036916134639
Le Chesnay,France,8467.318341016718
Neubrandenburg,Germany,7716.354750159195
Zapopan,Mexico,3888.918268784982
Himeji,Japan,11422.808117555494
Paris,France,8963.111740672324
Glasgow,United Kingdom,6609.614276784542
Superior,United States,3943.9961650462474
Los Angeles,United States,5410.335645334199
Changwon,South Korea,13875.466964611387
Westminster,United States,4436.480480979166
San Salvador,El Salvador,3227.124443415995
Owensboro,United States,2853.8354324806855
Chittagong,Bangladesh,13161.25622623383
Tegucigalpa,Honduras,3817.4910771109753
Columbus,United States,2889.6588402987386
La Chorrera,Panama,4813.456047679173
Redditch,United Kingdom,6729.217699046459
Tarbes,France,9375.663590915306
Talence,France,6670.713695947877
Los Angeles,United States,1664.8148105291016
Buenos Aires,Argentina,5912.467836858761
Sterlitamak,Russia,8517.777417569394
Lake Forest,United States,2800.041617637966
Kigoma,Tanzania,11349.075840465104
Casablanca,Morocco,7126.879846398683
Carrollton,United States,3286.932930263816
Porto Alegre,Brazil,5580.817336315873
San Sebastian,Spain,6956.880886108467
Ponte Nova,Brazil,4982.830300435132
Karbala,Iraq,11907.94362583794
Ulaanbaatar,Mongolia,9965.84461782007
Choloma,Honduras,2315.629791414359
Manzanillo,Cuba,2455.116621231607
Ibb,Yemen,14375.686202387395
Fontenay-le-Comte,France,6053.817386435378
Paranagua,Brazil,5210.713913600129
Potenza,Italy,8184.312063604947
Halesowen,United Kingdom,6721.108400309619
Noisy-le-Grand,France,6825.68039970583
Puerto Montt,Chile,9121.26434532278
Euskirchen,Germany,6074.8623708381965
Palma de Mallorca,Spain,6596.063360652077
San Francisco,United States,150.78904213289474
Kozhikode,India,14740.788073125424
Sant Boi de Llobregat,Spain,9735.627006790904
Berlin,Germany,8691.404859000584
Jixi,China,8841.857459595818
Rostock,Germany,7635.211862723296
Sterling Heights,United States,3182.4219851631105
Ankara,Turkey,8840.927535873629
Ninghai,China,12024.780576784888
Brisbane,Australia,15511.81702758074
Taubate,Brazil,7833.243017894221
Cleveland,United States,2961.044942748043
Norderstedt,Germany,7496.086102260277
Delhi,India,12291.340524313993
San Salvador,El Salvador,4132.340444886985
Santo Domingo,Dominican Republic,5705.948451576744
Luanda,Angola,14241.063757469781
Frankfurt,Germany,6259.280737568063
Bayeux,France,6033.730087307035
Huehuetenango,Guatemala,2741.11665872242
Ujjain,India,13738.784292523735
Chatou,France,6940.302962744461
Serra,Brazil,5107.31326223511
Albany,Australia,15085.791591535335
La Ceiba,Honduras,4800.529087603499
Huddersfield,United Kingdom,6868.978975241503
Mixco,Guatemala,2651.959499641687
Serra,Brazil,8628.217858441572
Los Angeles,United States,442.86034551330613
Yakarta,Indonesia,16191.981234365358
Austin,United States,3437.882157082559
Mangalore,India,14521.150553224034
Kartal,Turkey,9064.02238492422
Rome,Italy,7768.448812329761
Casablanca,Morocco,6044.669257981802
Amsterdam,Netherlands,8985.110424356586
Leon,Nicaragua,2952.7545882232657
Santo Domingo,Dominican Republic,2765.0890519787113
Campeche,Mexico,2546.03539726455
Palmerston,Australia,16053.403779132188
Gorakhpur,India,13228.145219734015
Langen,Germany,6758.73272685174
Oosterhout,Netherlands,6673.226704220379
Seattle,United States,5996.394295814719
St. Catharines,Canada,342.16474076414215
La Teste-de-Buch,France,6699.008953472798
Arlington Heights,United States,3339.6269612618544
Pasadena,United States,5406.0459654076085
Philadelphia,United States,2554.4265596793953
Bahia Blanca,Argentina,9892.401538547096
Los Angeles,United States,3935.336834688895
Dijon,France,6808.383047780148
San Jose de las Lajas,Cuba,1866.105557574591
Naumburg,Germany,7607.754269361851
Columbus,United States,692.7790755723786
Yakarta,Indonesia,18489.49633070951
San Lorenzo,Paraguay,7804.395932854788
Annaba,Argelia,10332.9284945162
Santo Domingo,Dominican Republic,5103.84345408125
Resita,Romania,8453.191027836749
Castres,France,5978.251011518449
Benin City,Nigeria,7898.2690431170395
Worcester,United Kingdom,5497.827613867929
San Pedro Sula,Honduras,1813.4765233878848
Peterborough,United Kingdom,8497.735816757133
Tours,France,8543.60437994937
Ghent,Belgium,6321.34087848037
Maputo,Mozambique,13946.785897148491
Puente Alto,Chile,9462.325708376911
San Miguelito,Panama,1742.8490541454669
Sindelfingen,Germany,9217.029002072748
Berlin,Germany,6403.710177350545
Ajmer,India,13497.333729250146
Mixco,Guatemala,4728.867087137759
Bologna,Italy,6968.752589943512
Philadelphia,United States,636.9872258494731
Nom Pen,Camboya,16569.705725994256
Laohekou,China,14390.159539226686
Mataram,Indonesia,16424.874263945043
Opole,Poland,8065.131243089477
Apodaca,Mexico,2105.060339390312
Santo Andre,Brazil,7770.766166758917
Lannion,France,6504.8595185396425
Murfreesboro,United States,2810.220861689052
Tegucigalpa,Honduras,2307.451140898239
San Salvador,El Salvador,1938.3788848176418
Kinshasa,Democratic Republic of the Congo,10082.403172126604
Soissons,France,8962.953782368297
Toluca,Mexico,3505.679749980618
Licheng,China,10304.297180071027
Sydney,Australia,15915.633798311645
Presidencia Roque Saenz Pena,Argentina,8185.965031937337
Wiesbaden,Germany,6213.315278286192
Lorain,United States,2959.364665207533
Boulogne-Billancourt,France,6945.542039664035
London,United Kingdom,6580.298723871611
Los Angeles,United States,5409.796099153313
Bologna,Italy,6670.800783360677
Apopa,El Salvador,1764.1274989910562
Los Angeles,United States,5409.6007721552905
Hanover,Germany,11250.838569483385
Lagos,Nigeria,7658.72428173695
Santo Domingo,Dominican Republic,378.011473849619
Dublin,Ireland,8294.523806278276
Quelimane,Mozambique,11977.38918715228
Avellino,Italy,8004.852930798317
San Salvador,El Salvador,1776.0019875319063
Sassari,Italy,7457.3072990457395
Tegucigalpa,Honduras,3220.8069902139523
Hidalgo,Mexico,2668.2379941259446
Columbus,United States,3036.090780254797
Sakaka,Saudi Arabia,11800.9329678547
Port Harcourt,Nigeria,8097.626161121828
Leon,Nicaragua,2305.0882031940578
Bulawayo,Zimbabwe,13236.531947480276
Jackson,United States,2624.3004892492427
Jinhua,China,14727.065211757537
Gisborne,New Zealand,13790.25206431827
Lippstadt,Germany,7864.080422721804
Tarragona,Spain,6835.623584632961
Cergy,France,9050.819170450895
Cosenza,Italy,7313.053038268809
Jurema,Brazil,6942.510153100681
Chicago,United States,314.1127918237052
Newark,United States,55.208901845992365
San Francisco,United States,970.0262622987445
Rajkot,India,13059.330338743704
Coacalco,Mexico,2472.681290711693
Panama City,Panama,4845.7857895591105
Al Mubarraz,Saudi Arabia,13306.200117579387
Moca,Dominican Republic,455.1029622491993
Valladolid,Spain,6356.227202998577
Bhiwandi,India,13062.89298435287
Brasilia,Brazil,5982.437675269639
Wagga Wagga,Australia,12454.398293694827
Skokie,United States,1547.1356829343251
San Juan de la Maguana,Dominican Republic,2472.4432553141396
Fatehpur,India,13987.954786874414
San Francisco,United States,3274.0255427279744
Taranto,Italy,10267.61785165125
Aswan,Egypt,12854.282771314483
Tangier,Morocco,6215.127757081609
Adelaide,Australia,16966.3149585157
Mixco,Guatemala,2652.571610939111
Bryan,United States,3325.7096353843253
Zanjan,Iran,11383.84905430513
Casablanca,Morocco,9163.86935401621
Panama City,Panama,3441.36081375661
Chitungwiza,Zimbabwe,13692.357693958027
Sydney,Australia,15467.552942492044
Djougou,Benin,8699.945096873693
Limeira,Brazil,8089.11479854695
Villa Nueva,Guatemala,2618.0453595259473
La Ceiba,Honduras,2190.3900110196446
Choluteca,Honduras,3121.334741739394
Leon,Nicaragua,2306.3139523215236
Cucuta,Colombia,1307.34247620988
Wuchang,China,12140.42055031824
Libreville,Gabon,13355.156148508955
Radom,Poland,7107.850533009969
Villa Nueva,Guatemala,3288.881041823911
Capelle aan den IJssel,Netherlands,7125.858441913447
Rotorua,New Zealand,13133.682816174642
Villefontaine,France,7127.1169028236945
Daejeon,South Korea,9665.769346630777
Hamburgo,Germany,5676.819192216302
Panama City,Panama,3508.6742939029195
Istanbul,Turkey,9137.064560092045
Casablanca,Morocco,9521.409470139079
Nice,France,9631.460249428337
Monterrey,Mexico,3011.5840926468886
Santo Domingo,Dominican Republic,494.8676567359745
Medellin,Colombia,1685.5440126764013
Cucuta,Colombia,1308.5549994611456
Palmares,Brazil,4506.832821845561
Bene Beraq,Israel,7407.256539695792
Coffs Harbour,Australia,11710.171636907546
Drogobych,Ukraine,8194.589495956088
Hermosillo,Mexico,3472.904994168446
Sancti Spiritus,Cuba,1469.9992979615445
Limeira,Brazil,7782.519786274771
Cairo,Egypt,9715.741105519204
Mentor,United States,3239.4920214665344
Soyapango,El Salvador,2487.339187650607
La Seyne-sur-Mer,France,6695.234014944321
Bursa,Turkey,9163.27450333257
Madrid,Spain,7970.509932192167
Saint Petersburg,United States,1546.206370718362
San Miguelito,Panama,4108.355916748982
Vannes,France,7671.011925562576
Kigoma,Tanzania,15300.323021028438
Roissy-en-Brie,France,9010.20624879058
Jember,Indonesia,18891.303205493456
Miramas,France,8620.905624342777
Amatitlan,Guatemala,3492.1036440687085
Edinburg,United States,3384.3111023479305
Kharkiv,Ukraine,9319.683099499971
San Sebastian,Spain,9141.01263208108
Hinckley,United Kingdom,5875.441614295844
Salamanca,Mexico,1987.005376734628
Managua,Nicaragua,2239.247874448576
Mougins,France,9523.560050766051
Birmingham,United Kingdom,6674.516707946382
Tegucigalpa,Honduras,2379.611100287085
Manzanillo,Cuba,615.3835545458019
Borujerd,Iran,11046.32556482509
Saint-Louis,France,6518.73133045738
Bagdad,Iraq,10450.288497977477
San Francisco,United States,5824.485960718953
Itapetininga,Brazil,5027.778109130429
San Miguelito,Panama,3715.3994910824717
Cairo,Egypt,9718.966146436647
Sapucaia do Sul,Brazil,7674.059151781059
Stockport,United Kingdom,7496.578498343776
Sindelfingen,Germany,6207.82411288783
San Salvador,El Salvador,3509.835714026763
The Hague,Netherlands,6201.276929795319
Chelles,France,5876.849992267551
Ho Chi Minh City,Vietnam,13990.562617648506
Hasselt,Belgium,7226.560568122868
Porirua,New Zealand,13502.715215933958
Jember,Indonesia,16887.47840681062
Gold Coast,Australia,12815.094533437115
Fort-de-France,Martinica,6151.224988809586
Neijiang,China,14636.630056203316
Fort Worth,United States,1837.0799655874741
Middlesbrough,United Kingdom,6776.201097510753
Berlin,Germany,7789.9018291613775
San Pedro Sula,Honduras,3380.635114471558
Shah Alam,Malasia,15358.878287634256
La Romana,Dominican Republic,5146.773543106409
Sao Paulo,Brazil,5095.892116683857
Tulancingo,Mexico,2589.3493051959986
Tarbes,France,6373.211575399468
Chinandega,Nicaragua,3844.4374206591033
Boulogne-Billancourt,France,6938.688270363503
Bath,United Kingdom,6641.491581430308
Guayaquil,Ecuador,2725.4238661987006
Strasbourg,France,7348.422528483612
Coffs Harbour,Australia,11706.6160083646
Hyderabad,Pakistan,12113.526106367393
Brisbane,Australia,15880.497762681562
Newcastle,South Africa,11541.134680774196
Chevilly-Larue,France,6950.947968316223
Lille,France,6314.818201146465
Tongchuan,China,11572.739469275592
Swindon,United Kingdom,5764.213932007306
Rome,Italy,7738.596738132344
Saginaw,United States,1552.4802138529872
Panama City,Panama,3541.426415948941
Jiutepec,Mexico,3457.7004314431747
Riyadh,Saudi Arabia,11506.17903156117
Culiacan,Mexico,4294.000491160071
Marseille,France,7287.131239317944
Erlangen,Germany,6936.239134289995
Bilaspur,India,14379.430230708362
Cairo,Egypt,9552.267267373694
San Juan de la Maguana,Dominican Republic,2479.6203828062826
Athens,United States,2426.603750433698
Guadalajara,Mexico,2072.485483333394
Fort-de-France,Martinica,695.2121949789179
Dallas,United States,1477.9232498644815
Tuxtla Gutierrez,Mexico,2867.546391104655
Viena,Austria,9477.299698086654
Jember,Indonesia,14072.936640350012
Maryborough,Australia,11685.021787925803
Riverside,United States,2687.225738703412
Mysore,India,15303.049548120367
Berlin,Germany,7711.390628269052
Plymouth,United Kingdom,6506.095508285033
San Luis Rio Colorado,Mexico,5076.487662627216
Ikot Ekpene,Nigeria,8157.264869686126
Dublin,Ireland,5262.236665912633
New York City,United States,3917.5348355833107
Toronto,Canada,877.5896917295473
Viena,Austria,7369.19917334836
Palaiseau,France,9111.824644594582
Mantes-la-Jolie,France,6173.982497878202
Nowra,Australia,15937.53781742101
Jaboatao,Brazil,6696.26474030734
Leon,Nicaragua,2340.948449217948
Huehuetenango,Guatemala,4353.573714521593
Managua,Nicaragua,2240.5987521961692
Sakai,Japan,10943.363740356595
Tlalpan,Mexico,2209.2375878502885
Misurata,Libya,8742.467486739963
Sao Miguel dos Campos,Brazil,9883.342005205557
Qitaihe,China,12705.435479651918
Manila,Filipinas,16281.20939621073
Palermo,Italy,8088.462215185527
Culiacan,Mexico,3562.1005521807037
Cardenas,Cuba,1488.1788293694985
Budapest,Hungary,7539.461118777715
Laredo,United States,2647.8143588191015
Garches,France,5816.620961002914
Berlin,Germany,7733.4437724164445
Managua,Nicaragua,2239.8995487224815
Perth,Australia,18476.60193688066
Santa Clara,Cuba,1493.4505305566
Armenia,Colombia,1832.461549964287
Passaic,United States,2634.698124423496
Managua,Nicaragua,3172.7575155136446
San Fernando,Trinidad and Tobago,3950.9900759877873
Bangkok,Thailand,13324.538458903746
Manila,Filipinas,16295.31574124148
Allahabad,India,12765.295134558852
Neuilly-Plaisance,France,9009.381831285555
Toulouse,France,7255.143872487947
Ferrara,Italy,7844.412710455387
Izmir,Turkey,8253.237680154043
Panama City,Panama,3279.0901442587483
Ponferrada,Spain,8916.191389446287
Kuito,Angola,11104.173723048516
Bridgetown,Barbados,3489.7806468732147
Medan,Indonesia,15851.691656787129
Viena,Austria,10122.850618687264
New York City,United States,2085.0021052656607
Ho Chi Minh City,Vietnam,14178.18917412343
Edinburgh,United Kingdom,5664.385761831282
Apeldoorn,Netherlands,7284.293420169657
Arraijan,Panama,2887.7993673786905
Magdeburg,Germany,7614.368308254259
Pescara,Italy,10247.110229292204
Mutare,Zimbabwe,12814.467351872487
Brasilia,Brazil,8820.319562520326
Esteli,Nicaragua,3913.4542882969217
Adelaide,Australia,16965.123321774678
Cucuta,Colombia,5567.4723025353105
Rochdale,United Kingdom,6680.061561258729
Houston,United States,3204.3654313543307
Torreon,Mexico,3899.5165712134058
Aracaju,Brazil,6868.585930396281
Sancti Spiritus,Cuba,1470.1311976273723
Levallois-Perret,France,5792.51899371245
Bikaner,India,13302.05802368008
Tegucigalpa,Honduras,1456.617364332483
Tegucigalpa,Honduras,3103.0671115586433
Kahramanmaras,Turkey,9893.504902601306
Kozhikode,India,15755.388237749772
Roswell,United States,1580.4766863213108
Monterrey,Mexico,1819.4067797217683
Philadelphia,United States,2546.1876062005754
Cairo,Egypt,9715.733574640453
San Salvador,El Salvador,3468.232964151425
Hailin,China,9829.64589090323
Cedar Rapids,United States,2549.9238913457934
Sheffield,United Kingdom,6261.399479229469
Astana,Kazakhstan,10535.716542720864
Guadalajara,Mexico,2923.937539491172
Paterson,United States,2043.0759614143387
Westminster,United States,982.5537653037424
Tlalpan,Mexico,2609.6304262112335
Port Macquarie,Australia,15823.386357874024
La Porte,United States,2136.268241176047
New York City,United States,2469.955560081492
Santo Domingo,Dominican Republic,2511.0128640285116
Villeneuve-d'Ascq,France,7914.045946955425
Ribeirao Preto,Brazil,4806.159078474807
Nancy,France,7745.711105927356
Tegucigalpa,Honduras,2273.326647590452
Avignon,France,7417.2386068848455
Santo Domingo,Dominican Republic,378.0106190738419
Zamora,Spain,9248.90838619865
Oxford,United Kingdom,7119.9602619623965
Shenzhen,China,12457.552644101157
Rouen,France,6366.908777033644
Guadalajara,Mexico,3917.693708708939
San Salvador,El Salvador,3769.510377419059
Panama City,Panama,3782.919098460358
Dumai,Indonesia,17434.489269840375
San Francisco,United States,3614.112141819982
Vassouras,Brazil,7659.10098677708
Mexico City,Mexico,2466.1737202599065
Hamburgo,Germany,9056.834214883018
Wellington,New Zealand,10833.080791990922
Brest,France,12153.870391237082
Bari,Italy,9423.508742835818
Hamburgo,Germany,6839.758699844207
Mixco,Guatemala,2751.1754094368916
Soyapango,El Salvador,3284.0855801982866
Rajkot,India,13012.778931958868
Lund,Sweden,7675.910470585121
Wagga Wagga,Australia,12504.55330856066
San Juan de la Maguana,Dominican Republic,1442.7119291362726
Pasto,Colombia,5807.681210741179
Hamburgo,Germany,7497.293222650395
Sivas,Turkey,9848.191195002502
Dublin,Ireland,8328.593717809454
Boa Esperanca,Brazil,6559.077159338982
Six-Fours-les-Plages,France,9382.733668343562
Boynton Beach,United States,1704.932400986105
Budapest,Hungary,8720.277632793386
Glasgow,United Kingdom,8075.447365955207
Philadelphia,United States,2553.2829340181197
Viena,Austria,6789.716685381966
Rabat,Morocco,5967.533254993257
Fukuyama,Japan,13823.976812183002
Monterrey,Mexico,3622.5094064551095
Palermo,Italy,7670.797535125142
Wakefield,United Kingdom,6744.784138193107
Kiel,Germany,6839.471440320611
Courbevoie,France,6313.607244549093
Zaporiyia,Ukraine,9353.145994389755
Sheffield,United Kingdom,6736.159414882711
Rangoon,Myanmar (Burma),15683.101373816364
Sorriso,Brazil,8804.44183220456
Rockville,United States,2536.43862106837
Santo Domingo,Dominican Republic,2818.2958001966485
Vassouras,Brazil,5389.160054659028
Surakarta,Indonesia,13896.242389386325
Coyoacan,Mexico,1954.8215308091515
Tegucigalpa,Honduras,3204.9346174061698
Seattle,United States,5996.9995667127905
Luanda,Angola,13336.792305020626
Bobigny,France,6171.0351188246905
Salem,United States,2841.6122885698896
Ipswich,United Kingdom,5853.314568381792
Taranto,Italy,10596.20275694208
Barra Mansa,Brazil,5109.976070776666
Wuxi,China,14288.987425641792
Augsburg,Germany,7584.090043060636
Shenyang,China,13282.434647476191
Lagos,Nigeria,9016.179030082349
Bundaberg,Australia,16003.245738577012
Thiais,France,6184.797544324093
Los Angeles,United States,2771.157142360136
Six-Fours-les-Plages,France,7539.4076126928785
Kayes,Mali,10754.787581125556
Bolton,United Kingdom,5356.720026608419
Bulawayo,Zimbabwe,16341.768233393057
Los Angeles,United States,3260.830555111439
Buenos Aires,Argentina,8574.021734644706
Liberec,Czech Republic,6358.54667419994
Kahramanmaras,Turkey,9884.158953738883
Ghent,Belgium,7065.492320633172
Toulouse,France,6938.8322856228915
Taiping,Malasia,17092.7413915765
Viena,Austria,7983.190207770829
Greenwood,United States,1641.6643779368733
La Rochelle,France,6670.452417921396
Draper,United States,4984.891258243726
Salem,United States,983.673042681724
San Luis Potosi,Mexico,3585.5011795434602
Chihuahua,Mexico,2087.167409808024
Sydney,Australia,15695.335871574453
Santo Domingo,Dominican Republic,4545.508780454549
Moa,Cuba,2144.583298863836
Burnley,United Kingdom,6699.052432204926
Sabzevar,Iran,10672.29742011736
Copenhagen,Denmark,7652.053037912695
San Salvador,El Salvador,2835.3760946777466
Newcastle,South Africa,16922.748504547224
Cleveland,United States,2959.180222569512
Bekasi,Indonesia,16266.668469974085
Korce,Albania,8919.853116543096
Lagos,Nigeria,8479.805267156356
Brest,France,6447.647820785214
Tlemcen,Argelia,9947.189245598613
Managua,Nicaragua,3918.681166890955
Tegucigalpa,Honduras,2273.136773040053
Carrefour,Haiti,5478.19628458542
Odense,Denmark,7523.727379924237
Medellin,Colombia,4410.417287621279
Manila,Filipinas,13774.408032143074
Ribeirao Preto,Brazil,7433.159098375634
Amiens,France,6957.795272815243
Mwanza,Tanzania,11619.759582494513
Greensboro,United States,2378.038701579713
Chinautla,Guatemala,3016.9134306040987
Warrnambool,Australia,12991.878749981044
Eggenstein-Leopoldshafen,Germany,7393.162707482529
Los Angeles,United States,5413.991801674935
Columbus,United States,2533.9651992099016
Whangarei,New Zealand,13702.426426587659
Portland,United States,1328.732625211535
Huelva,Spain,6123.917002850436
Lome,Togo,8365.85621929621
Belo Horizonte,Brazil,4883.785017609651
Cormeilles-en-Parisis,France,7831.322196761603
Mariupol,Ukraine,9523.277063907502
Seattle,United States,3684.8807336780583
Punta Arenas,Chile,7926.332750264321
Juiz de Fora,Brazil,5067.422851429456
Suzhou,China,11577.620888126561
Korba,India,13195.353502976806
La Ceiba,Honduras,4002.970656293367
Jaipur,India,13541.824657694262
Marseille,France,7549.026593841897
Dallas,United States,3436.669055474453
San Luis Potosi,Mexico,536.7023561982604
Sao Bernardo do Campo,Brazil,10145.925338171535
Colmar,France,6829.801084557367
Mixco,Guatemala,3327.566246128717
Pune,India,12543.8011644724
Maputo,Mozambique,11748.395436705236
Mitry-Mory,France,6968.552734506383
Villach,Austria,9694.8881162423
Ulaanbaatar,Mongolia,10042.7081146113
Porirua,New Zealand,13846.762462539966
Huainan,China,12175.535802884502
Umtata,South Africa,14870.170176448617
Bagdad,Iraq,9867.68098907417
Miami,United States,1862.4418284322414
Agen,France,8647.322265674271
Shenzhen,China,13026.569962794581
Los Angeles,United States,1939.2542303057558
Toulouse,France,6854.767936320304
Santa Cruz de la Sierra,Bolivia,8163.501969099782
Paris,France,6945.193203839674
Berlin,Germany,6891.827156146824
Daegu,South Korea,13807.082892191947
Padang,Indonesia,14660.426301600082
Zabrze,Poland,7378.881287203509
Reggio nell'Emilia,Italy,9749.165554257786
Tulancingo,Mexico,3366.284124822032
Ayacucho,Peru,5257.300807496607
Riyadh,Saudi Arabia,12460.696467261881
Edmonds,United States,1565.132371427954
Los Angeles,United States,5414.315170623319
Upper Hutt,New Zealand,10939.906224138582
Ufa,Russia,8522.36144855955
Tokio,Japan,9378.856780650938
Conflans-Sainte-Honorine,France,6936.239414230375
Buenos Aires,Argentina,5904.856655771178
Vanves,France,5649.146570733372
Louisville,United States,3151.2593991078893
Santo Domingo,Dominican Republic,3025.105331590495
Amsterdam,Netherlands,6020.790173658913
Hangzhou,China,14588.279186441086
Silao,Mexico,1513.9783284692164
Jurema,Brazil,3936.1135479666527
Amstelveen,Netherlands,6483.502074065652
Bagnolet,France,6575.263001140541
Mangalore,India,13278.97801194346
Zacatecas,Mexico,1762.1432257957476
Kerman,Iran,10294.554198717411
Taiping,Malasia,13657.94652723488
Ludwigshafen am Rhein,Germany,7399.34313274879
Bekasi,Indonesia,16179.130430902227
Bridgetown,Barbados,3391.347804878569
Gera,Germany,7652.4268863644775
Mogi das Cruzes,Brazil,8593.30729723189
San Luis Potosi,Mexico,1686.1050963602054
Fayum,Egypt,9687.353170448892
Temirtau,Kazakhstan,11440.237285424577
Acuna,Mexico,2591.708395481474
Caloundra,Australia,15873.743076123079
San Salvador,El Salvador,2492.9351474595005
Melbourne,Australia,15557.923746550026
Chimaltenango,Guatemala,3455.4867957337397
Karbala,Iraq,12433.839060934748
Encinitas,United States,4975.858910213842
Gaya,India,14338.382150157571
Orlando,United States,3491.4298395870373
Indaiatuba,Brazil,7488.069463499475
Los Angeles,United States,2768.1340799011145
Seattle,United States,3760.50562231194
Marina di Carrara,Italy,7102.571167705436
Viena,Austria,9589.652083868255
Brasilia,Brazil,7099.535027653284
Leuven,Belgium,7128.925965433559
Capua,Italy,7691.047421644271
Matanzas,Cuba,360.5623984599372
Mexicali,Mexico,338.1280341103943
Marseille,France,6708.005920542193
Seuol,South Korea,11785.683990988535
Toluca,Mexico,2732.9524222795094
Santiago de los Caballeros,Dominican Republic,5127.712592573258
Albany,Australia,14750.267898989106
Samobor,Croacia,8550.875349011229
Basra,Iraq,11145.962756440398
San Bernardo,Chile,8225.293057231793
Djibouti,Djibouti,11578.746721322002
Delhi,India,13511.964670159667
Mixco,Guatemala,2617.131838048137
Grigny,France,7530.544459752221
Puebla,Mexico,1273.9607444197625
Buenos Aires,Argentina,9402.029557566433
Mecca,Saudi Arabia,10868.635934208292
Jaboatao,Brazil,6854.765135155222
Lorient,France,6503.305034446325
Reims,France,6655.403466651957
Valparaiso,Chile,5648.299244060099
Chimaltenango,Guatemala,3128.8621937680614
Berlin,Germany,7727.433865260332
Monza,Italy,8165.403169226842
Vincennes,France,6953.672707572885
Castanhal,Brazil,6393.035935294562
Auburn,United States,1337.0641930380527
Weston-super-Mare,United Kingdom,5537.259901313218
La Ceiba,Honduras,3734.142096499459
Noisy-le-Sec,France,6577.399232528928
Moers,Germany,8196.545412413057
Amiens,France,9037.081019138903
Soma,Turkey,9086.641020472436
Sao Paulo,Brazil,8459.487123837398
Buenos Aires,Argentina,8338.999605909345
Potchefstroom,South Africa,14956.574709932307
Bhubaneswar,India,13440.053457893377
Kalisz,Poland,8071.8995772086555
Camaguey,Cuba,2715.0536709189923
San Salvador,El Salvador,1497.9042319916566
Salzburg,Austria,7743.978972615097
Bajos de Haina,Dominican Republic,3068.154248709004
Beijing,China,13527.799272240418
Paranagua,Brazil,5211.101409504354
Panihati,India,13985.039596763123
Baku,Azerbaijan,10289.883638112193
Kent,United States,1998.6692100956463
Mejicanos,El Salvador,3883.793449081932
Matadi,Democratic Republic of the Congo,9151.180786982037
Brampton,Canada,3084.239993579209
Chicago,United States,1249.4700568766232
Zabrze,Poland,8127.004032174776
Buenos Aires,Argentina,8926.963873648736
Bezerros,Brazil,9843.863793909924
Saint-Dizier,France,7144.090872129889
Anshun,China,12541.660821016198
Algiers,Argelia,9265.620306277446
Palma de Mallorca,Spain,7855.8347960307465
Hamburgo,Germany,8828.520151656232
Aligarh,India,13638.073669500562
Zabrze,Poland,9167.431483482518
Hamilton,New Zealand,10526.083316724953
Taiyuan,China,13786.908932487982
Villa Nueva,Guatemala,2648.692688609403
La Vega,Dominican Republic,7288.533414796292
Thiruvananthapuram,India,15362.027542016252
Magnitogorsk,Russia,10093.480131148268
Istanbul,Turkey,9133.166239174523
Yakarta,Indonesia,13921.366646897462
Valenciennes,France,7612.315455114967
Tegucigalpa,Honduras,2272.59604209567
Polatli,Turkey,7930.320742392723
Kartal,Turkey,9155.816928432874
San Pedro Sula,Honduras,2325.8452589805597
Merida,Mexico,2454.6703968916418
Frederiksberg,Denmark,7267.572285324476
Linden,Guyana,4932.305790219677
Herten,Germany,8371.706300300453
Langenfeld,Germany,6135.393305872018
Torquay,United Kingdom,5772.256350710385
Mixco,Guatemala,3242.740597318676
New York City,United States,198.8311318299929
Santo Domingo,Dominican Republic,378.03574012863083
Villa Nueva,Guatemala,2653.5208115348564
Houston,United States,1154.1619252211578
Boca Raton,United States,713.7274814047403
Indore,India,12728.112828822836
Bandung,Indonesia,14603.08744886118
Foggia,Italy,10237.961351258464
Nanterre,France,6939.812260500589
La Paz,Bolivia,6333.7712939100375
Brisbane,Australia,12084.004261814982
Cagnes-sur-Mer,France,9837.326468740095
Chatou,France,8880.326114815573
Brikama,Republic of Gambia,7407.256539695792
Drammen,Norway,7514.357350614307
Monterrey,Mexico,2652.806555992
Monrovia,Liberia,8463.333321378848
Lagos,Nigeria,8786.086889667233
Banjarmasin,Indonesia,18349.12365658587
Izmir,Turkey,11026.875504760545
London,United Kingdom,6834.02082361013
Bangkok,Thailand,14789.208684667616
Meizhou,China,15295.534548872298
Messina,Italy,8089.281232679769
Aubervilliers,France,6953.017909913553
Mumbai,India,14945.118359239194
Florence,Italy,9713.81953001391
San Pedro Sula,Honduras,2325.544593917823
Colima,Mexico,2162.74984398233
Iasi,Romania,10365.923646850917
Beni Suef,Egypt,12376.71123067908
Bayonne,France,8072.177850291729
Viena,Austria,9818.757782957106
Siegen,Germany,8942.202418774206
Coatzacoalcos,Mexico,3002.700728468571
Auckland,New Zealand,13754.56431684687
Los Angeles,United States,68.03946169565454
Grodno,Belarus,7357.515744589389
Courbevoie,France,6294.382760424931
Halle,Germany,9368.439660573444
Coyoacan,Mexico,3363.7348052867055
Panama City,Panama,3197.227725129242
Peterborough,United Kingdom,6806.654790732282
Montauban,France,6852.572449205627
Seattle,United States,5991.01869777394
Marietta,United States,918.4958733092478
Lagos,Nigeria,9721.522451500463
Grenoble,France,6945.586422679689
Rock Hill,United States,887.1666968213522
Koshigaya,Japan,13412.060799758128
La Teste-de-Buch,France,7327.678402369296
Plano,United States,2014.3950863191021
Viena,Austria,7984.2964059696515
Wollongong,Australia,15929.228067404885
Juarez,Mexico,1097.6473982136345
Penedo,Brazil,10085.344839427053
Cairo,Egypt,9728.872697969031
Canberra,Australia,16052.719897416315
Gothenburg,Sweden,6475.665299221058
Mixco,Guatemala,3892.841310032389
Daejeon,South Korea,13791.640257737177
Korba,India,12424.700432613763
Maiduguri,Nigeria,8519.3269028851
Quchan,Iran,12172.593103833124
Torbat-e Heydariyeh,Iran,11717.66844199991
Brisbane,Australia,11555.977524750411
Bayamo,Cuba,1105.9725040663911
Metepec,Mexico,3500.006947818132
Porto Alegre,Brazil,5586.460230022261
Kikwit,Democratic Republic of the Congo,9684.062427903495
Acuna,Mexico,612.0883553384787
Tipitapa,Nicaragua,4390.407089398894
Riyadh,Saudi Arabia,10891.163727876099
Bremen,Germany,8720.03384064294
La Vega,Dominican Republic,5557.887901687469
Moca,Dominican Republic,2412.1325575093433
Shenzhen,China,11124.052056469382
New York City,United States,738.6433550117504
Atlanta,United States,3100.057692382703
Meerut,India,13518.236814171023
Naples,Italy,7931.218014491502
Gaziantep,Turkey,9965.568419465204
Cotonou,Benin,8399.730346987775
Yancheng,China,11673.606282173849
Holguin,Cuba,4340.360087104689
Bogor,Indonesia,15586.52072697759
Managua,Nicaragua,3304.3302217495625
Likasi,Democratic Republic of the Congo,11699.780309424059
Iranshahr,Iran,12600.71593753918
Rangoon,Myanmar (Burma),15691.570950433827
Lens,France,6207.8722975307455
Leuven,Belgium,7111.316933086808
Zurich,Switzerland,6347.921566688554
Auxerre,France,7035.230353692969
Oyonnax,France,6202.023723858711
Presidencia Roque Saenz Pena,Argentina,9170.293756249397
Taunton,United Kingdom,5345.636099982729
Louisville,United States,527.6538356010341
Quetzaltenango,Guatemala,1270.4080615087864
New York City,United States,2597.137051289332
Liverpool,United Kingdom,6641.152663439627
Hamburgo,Germany,8587.497076967378
Sanandaj,Iran,12464.057530995973
Leeuwarden,Netherlands,6093.033885272479
Chicago,United States,2934.3181565832015
Regina,Canada,1927.1276815433419
Sao Pedro da Aldeia,Brazil,5256.59620880971
Gold Coast,Australia,15833.279429659842
Bacolod City,Filipinas,16648.48428242763
Chicago,United States,3025.833394225854
Yakarta,Indonesia,18487.32781372266
Chaville,France,6937.800045892146
Birmingham,United Kingdom,6693.890373819402
Feira,Portugal,6017.5098257178215
Pirapora,Brazil,7899.722463952497
Korba,India,14249.389161790268
Eastbourne,United Kingdom,6815.4669562602185
Duisburg,Germany,7279.192869290965
Toowoomba,Australia,13845.55045260425
Dallas,United States,3415.564007551629
Chitungwiza,Zimbabwe,11349.833287530731
Zapopan,Mexico,3887.093153350899
Acarigua,Venezuela,3584.2205293752954
Cachan,France,9112.927995597327
Duisburg,Germany,7971.018417387682
Arraijan,Panama,1767.7882540757132
Norderstedt,Germany,9062.87750713246
Napier,New Zealand,11874.29164913008
Mackay,Australia,16350.024914357911
Ikot Ekpene,Nigeria,9119.682783764749
Paris,France,6477.700226317003
Aligarh,India,12149.408368035514
Palermo,Italy,7900.683298699121
Trier,Germany,7264.50359494411
Naples,Italy,10065.843828808835
Bandung,Indonesia,16870.90291074693
Los Mochis,Mexico,4458.433807559916
Itabuna,Brazil,8005.097911104439
Houston,United States,2606.3916778724056
Panama City,Panama,1755.591886253686
Urbandale,United States,997.4732716628569
Santo Domingo,Dominican Republic,2489.4790869643007
Boscoreale,Italy,7285.645484948257
Le Chesnay,France,6727.41900071142
Stockton,United States,5760.274343480507
Taranto,Italy,7273.457674028978
Newark,United States,620.1916526724328
Haarlem,Netherlands,8972.704240750107
Watford,United Kingdom,5766.818498805394
Lakewood,United States,4410.422500384763
Ankara,Turkey,9373.219301927276
Coffs Harbour,Australia,16167.711369163027
Nanning,China,12076.57586427756
Liaocheng,China,11612.865323355863
Turin,Italy,7803.344449403356
Lusaka,Zambia,16019.76377212615
Limoeiro do Norte,Brazil,6640.224485613924
Santo Domingo,Dominican Republic,378.0590010240804
Kryvyy Rih,Ukraine,9223.456964933177
Celle,Germany,7505.173447061051
Hamburgo,Germany,6144.240514766001
Izmir,Turkey,8234.973148378816
Istanbul,Turkey,9496.86645612867
Kent,United States,1593.101635755513
Khulna,Bangladesh,14131.866606913924
Tawau,Malasia,14001.727270593885
Maputo,Mozambique,14077.736983467696
Harbin,China,9104.97409967073
Petapa,Guatemala,4009.946726025613
Soma,Turkey,9557.849801483932
Bamenda,Cameroon,8389.400605510964
Mosul,Iraq,10500.747012646532
Perth,Australia,18914.343129358236
Natal,Brazil,6111.968743270553
Kenosha,United States,1450.4101631415708
Gold Coast,Australia,13227.096336146025
Daca,Bangladesh,12954.893879445819
Gold Coast,Australia,15444.040709786632
Qiqihar,China,12614.053449076602
Tipitapa,Nicaragua,2206.1204342705178
Igarassu,Brazil,7131.8195688461055
Duisburg,Germany,6357.634950416396
Assen,Netherlands,7268.402288192671
Bamenda,Cameroon,8389.480868146391
Makurdi,Nigeria,10810.822270884666
Morelia,Mexico,2837.8395229293
Estocolmo,Sweden,8908.480785142321
Shagamu,Nigeria,11194.501907624539
San Jose de las Lajas,Cuba,4124.72412036513
Yueyang,China,11318.475733147328
Casablanca,Morocco,6363.411298892661
Mecca,Saudi Arabia,10869.293809272054
Sao Paulo,Brazil,5100.886150521978
Sunderland,United Kingdom,6767.706912784738
San Miguelito,Panama,3821.0922472856923
Burlington,United States,2979.5814509986376
Delft,Netherlands,7112.442468912823
Warsaw,Poland,8255.815110080148
Izmir,Turkey,9062.738876792624
Kinshasa,Democratic Republic of the Congo,10823.854558390152
Unna,Germany,7860.273459544003
Cannes,France,7305.5077607978255
Consolacion del Sur,Cuba,2156.9979960501664
Mexico City,Mexico,3240.8589943573834
Colorado Springs,United States,1305.8889033939172
Vlaardingen,Netherlands,8708.772545198939
Valles,Mexico,3274.1219717154404
Guiyang,China,11127.563962366645
Bechar,Argelia,7039.586653764752
New York City,United States,247.23301599962406
Mashhad,Iran,10490.7015859117
Shah Alam,Malasia,17308.612898073832
Tegucigalpa,Honduras,3143.6668482679306
Kano,Nigeria,9882.166210551732
Mexico City,Mexico,3451.3834284643235
Paris,France,5959.288336791615
Noisy-le-Sec,France,9068.474725869602
Lyon,France,6744.465379839231
Upper Hutt,New Zealand,13705.498255092532
Misurata,Libya,8134.614452994016
Qingdao,China,11922.69949736172
Makati,Filipinas,13695.671805705662
San Francisco,United States,1047.2857809176403
Cheltenham,United Kingdom,6654.901921365022
Dijon,France,9360.256004183238
Sakai,Japan,13715.792314752962
Neuilly-Plaisance,France,6960.223913104209
La Vega,Dominican Republic,466.86667107693404
Punta Arenas,Chile,7923.943534337988
Nice,France,8186.10155759977
Boa Esperanca,Brazil,4903.242102341994
Contramaestre,Cuba,1062.9751577566653
Girona,Spain,6598.293814555423
Gateshead,United Kingdom,7474.6656183490795
Registro,Brazil,10233.665336931088
Foggia,Italy,10468.24851946421
Aligudarz,Iran,10448.659312655247
Basra,Iraq,10039.067753726837
Kuching,Malasia,17786.69249225985
San Francisco,United States,877.6449806245569
Altamura,Italy,8120.1491589049165
Mantes-la-Jolie,France,6967.360369140556
Hamburgo,Germany,7495.355194689056
La Ceiba,Honduras,2189.95549863495
Panama City,Panama,1755.2565194986512
Bremen,Germany,6098.444003770931
Reading,United Kingdom,5669.114584187899
Caxias do Sul,Brazil,5494.150751638971
Barranquilla,Colombia,1213.1161048454
Evreux,France,5766.538778763267
Ghaziabad,India,13519.955015385316
Arauca,Colombia,5402.440475783306
Surabaya,Indonesia,14312.284957426345
Santo Domingo,Dominican Republic,378.0142026491642
Paris,France,5844.169001863446
Canberra,Australia,16060.011093219327
Cordoba,Mexico,2979.6143286521924
Remscheid,Germany,7108.66728624879
Kayseri,Turkey,10719.652177528647
Lancaster,United States,2611.740714023812
Verona,Italy,7608.4395900676645
Bournemouth,United Kingdom,6668.359582488581
Bethlehem,United States,3253.972214792013
Pirapora,Brazil,9348.744031146927
Cairo,Egypt,9650.468318028119
Troisdorf,Germany,9444.686863233526
Columbus,United States,3427.541921015019
Copenhagen,Denmark,9029.342154556018
Vitry-sur-Seine,France,5961.59214912987
Beira,Mozambique,13002.065128562921
Dalian,China,11357.118749071713
Brisbane,Australia,15879.968054275052
Trinidad,Bolivia,3663.608931140188
Manzanillo,Cuba,4244.668662472324
Villefontaine,France,8257.072305214162
Bage,Brazil,9350.3835374679
Bellary,India,13319.158481664706
Santiago de Cuba,Cuba,2418.6621564619672
Peoria,United States,2600.086802688036
Kananga,Democratic Republic of the Congo,13037.891828133072
Philadelphia,United States,2443.9287329421645
Jackson,United States,2846.581302390786
Bendigo,Australia,16387.909554326317
Cucuta,Colombia,3561.8064586998885
Hamburgo,Germany,8883.208213437405
Punta Arenas,Chile,11873.464265080447
Bani,Dominican Republic,454.12071078665366
Sancti Spiritus,Cuba,3858.6408003775377
Tournefeuille,France,9467.867106719306
Shimonoseki,Japan,10932.804425223518
Springfield,United States,1406.136015657109
Langenfeld,Germany,9163.615474009071
Berlin,Germany,6857.98596765877
Boulogne-Billancourt,France,8458.376496053064
Springfield,United States,3304.040370723274
San Luis Potosi,Mexico,3584.53970716946
Santiago de los Caballeros,Dominican Republic,3035.3645799989717
Evry,France,7638.654187651224
Carrefour,Haiti,2981.4117972784256
Mandurah,Australia,18687.663704409595
Brisbane,Australia,13371.06897230388
Six-Fours-les-Plages,France,9398.010903350607
Seremban,Malasia,17361.63447084272
Chennai,India,14981.698067965968
Paris,France,6948.714638576714
Manila,Filipinas,13970.059668158068
Puebla,Mexico,1682.0024709763045
Bedford,United Kingdom,8723.630454963975
Trinidad,Bolivia,7048.884100975741
Morley,United Kingdom,6733.81299093893
Leon,Nicaragua,2305.4550957555202
Levin,New Zealand,13688.550324842954
Nicolas Romero,Mexico,2990.2006013550845
Los Angeles,United States,2956.6580504252006
San Pablo de las Salinas,Mexico,3523.6214735782823
Ho Chi Minh City,Vietnam,13398.831953536372
Oriximina,Brazil,2495.031795078518
Bonneuil-sur-Marne,France,5960.462469278858
Laval,France,7427.418754540525
Brampton,Canada,3084.1107596105808
Vijayawada,India,13474.276059653046
Manukau City,New Zealand,13950.865704024414
Tourcoing,France,8991.491490340024
Perth,Australia,18573.521659653004
Carrefour,Haiti,639.2223468308285
Los Angeles,United States,3421.321142303453
Ploemeur,France,6512.407161871257
Gorakhpur,India,12198.368859961567
Zunyi,China,14868.12535990066
Poole,United Kingdom,8648.296628607757
Jeddah,Saudi Arabia,10768.130360312603
San Miguelito,Panama,4303.959721944523
Estepona,Spain,6279.097043784217
Leon,Nicaragua,2149.8966132109745
Mount Vernon,United States,548.0344844958687
Alexandria,Egypt,9553.927327069361
Hangzhou,China,10580.46505166795
Salzburg,Austria,8238.252500091106
Santo Domingo,Dominican Republic,1712.8471896030128
Aligarh,India,13638.70249113638
Nice,France,7326.278994270978
Gold Coast,Australia,15834.288399713962
London,United Kingdom,6802.213648709475
Mexico City,Mexico,3452.7716269912266
Algiers,Argelia,7527.842515088471
Chimbote,Peru,3302.861616310476
Benghazi,Libya,11442.072581340943
Hampton,United States,2191.0410687157064
Accra,Ghana,7286.7696503139905
Gold Coast,Australia,15833.865079078345
Palma de Mallorca,Spain,9748.756210104748
Ghent,Belgium,7002.3829233611195
Santo Domingo,Dominican Republic,3998.3151634263872
Villa Nueva,Guatemala,2618.0775536672545
Nashua,United States,582.8774350223089
Daca,Bangladesh,12764.613344284131
Adelaide,Australia,17106.40355393046
Villa Nueva,Guatemala,2656.7768561164394
Adelaide,Australia,17015.70629327493
Surubim,Brazil,7979.934381066172
Bari,Italy,10530.560685185648
Buenos Aires,Argentina,5900.616694061164
Greensboro,United States,2376.275706439851
Gujranwala,Pakistan,13029.658634854068
Port Elizabeth,South Africa,16649.797468673412
Meknes,Morocco,6129.325417302284
Saint Louis,United States,544.4660401125498
Tengzhou,China,14087.874640749833
Butare,Rwanda,11663.477584190054
Seattle,United States,4975.489021081946
Fremont,United States,1423.5428776522788
San Salvador,El Salvador,2492.259425803071
St. Helena,Brazil,5123.056556314638
Newcastle,South Africa,16909.923427613725
Basra,Iraq,9840.057018464911
Crotone,Italy,10676.858095667632
Bangalore,India,13591.32742239135
Marseille,France,7174.71230567181
Clovis,United States,2656.5220469945625
Mixco,Guatemala,3519.995936208397
Gagnoa,Marfil Coast,7407.256539695792
Monterrey,Mexico,2295.545727641659
Oyonnax,France,7164.019340384283
Villa Nueva,Guatemala,3375.811143105242
Trieste,Italy,7825.154891373046
Smyrna,United States,2500.347845169887
Guantanamo,Cuba,942.5218708216374
San Pedro Sula,Honduras,3666.2713010003445
Plock,Poland,9410.114475005583
Buyukcekmece,Turkey,9105.169714431155
Mbuji-mayi,Democratic Republic of the Congo,14968.889848875775
Newcastle,South Africa,15127.26443662115
Votuporanga,Brazil,4636.235772486532
Brisbane,Australia,15880.230089014798
Shiraz,Iran,12913.099376412752
Marseille,France,7187.223054882088
New York City,United States,3960.5709179062615
Mexicali,Mexico,469.5145681622293
Lowestoft,United Kingdom,6193.437069864426
Philadelphia,United States,898.2685147988112
Redditch,United Kingdom,8675.9911328242
Osasco,Brazil,5070.780224255234
Nottingham,United Kingdom,6754.803108896248
Philadelphia,United States,3804.016771510136
Stuttgart,Germany,6597.116570365806
La Ceiba,Honduras,2695.7106533376327
Freiburg,Germany,7354.685917171597
Mixco,Guatemala,3402.4962103232233
Lyon,France,7132.0468385222475
Revere,United States,4260.487881412011
Coslada,Spain,12176.857964517238
La Celle-Saint-Cloud,France,7090.717660042316
Bamako,Mali,8099.874039031678
Hanoi,Vietnam,15576.294789798785
Zamora,Spain,6026.2748566742475
Draper,United States,970.6859358276569
Roswell,United States,4194.229124027654
Berlin,Germany,6399.749646241943
Himeji,Japan,11017.845936872809
Kayes,Mali,7066.395412074533
Cork,Ireland,6274.768349137568
Juba,South Sudan,14786.7741313779
San Francisco de Macoris,Dominican Republic,1640.5106869674582
Sivas,Turkey,9847.187575801754
Salvador,Brazil,7917.019034023529
Iguala,Mexico,3477.0071740184403
Naples,Italy,7930.945869779761
Evry,France,6954.747219525793
Los Angeles,United States,5430.355246788225
Cagliari,Italy,7519.266106854683
Salvador,Brazil,10264.573234724377
Jhansi,India,13180.39163563619
Los Angeles,United States,2250.1455981227796
Carcassonne,France,9401.947013374946
Choluteca,Honduras,2590.175703180045
Aalst,Belgium,5912.591194960792
Santiago de los Caballeros,Dominican Republic,2315.986304315799
New York City,United States,2595.664030023094
La Romana,Dominican Republic,5567.6886775472885
Monterrey,Mexico,1945.800955903318
Gold Coast,Australia,12523.615478604539
San Miguelito,Panama,3549.6354183683834
Ho Chi Minh City,Vietnam,14571.931641766681
Oceanside,United States,515.3559354935844
Bognor Regis,United Kingdom,6749.3402679994815
Posadas,Argentina,5175.040585960576
Manila,Filipinas,11765.00006518979
Lakewood,United States,4410.084352298959
Sancti Spiritus,Cuba,1438.7048212482039
La Crau,France,6924.8983635422655
New York City,United States,276.1062441413318
Castres,France,5750.202381510733
Stockport,United Kingdom,5874.0492913691205
Chitungwiza,Zimbabwe,13787.886730838718
Lyon,France,6661.56684291064
Metepec,Mexico,3319.593120823913
Arad,Romania,8395.638752269973
Miami,United States,1648.4214268512262
Sangli,India,13798.174512887737
Tulsa,United States,1703.8042387983944
Xintai,China,11465.343916075992
Carrara,Italy,9196.672425434015
Ho Chi Minh City,Vietnam,12855.302735618101
Guadalajara,Mexico,3883.2110570297996
Auburn,United States,1960.7827210553132
Porirua,New Zealand,13721.719187372171
San Salvador,El Salvador,2492.8913230503094
Yonkers,United States,1255.204126313151
Brasilia,Brazil,9387.78889463546
Berlin,Germany,7731.566773888044
Taizz,Yemen,14008.02523387701
Chelyabinsk,Russia,8684.9495133455
Dublin,Ireland,6428.231810552855
New York City,United States,1159.070747050768
Arbil,Iraq,12025.89455050776
Lanester,France,6517.172505164481
Cagnes-sur-Mer,France,9777.740166096288
Wuhai,China,11840.429831571948
Lorient,France,5500.961671622957
Panama City,Panama,2009.0523450078642
Kigali,Rwanda,10769.524311416986
Saint-Michel-sur-Orge,France,10779.891044356113
Huddinge,Sweden,7946.651185816455
Bogota,Colombia,4005.2023028709136
Salamanca,Mexico,2401.2796457149875
Dordrecht,Netherlands,6648.661517203428
Sao Paulo,Brazil,8274.400885038202
Chemnitz,Germany,7877.694648704445
Quetzaltenango,Guatemala,2708.54333091079
San Miguelito,Panama,3588.341920903725
Bridgetown,Barbados,6654.400651450941
Livry-Gargan,France,6939.834472896947
Strasbourg,France,9400.318488116156
Brownsville,United States,919.8384744734483
Nuremberg,Germany,7590.378050839488
Kryvyy Rih,Ukraine,10196.48937990277
Buenos Aires,Argentina,5909.549638926344
Bognor Regis,United Kingdom,6750.197450977373
Bremen,Germany,7420.633338307614
Kuching,Malasia,13287.661371199187
Milan,Italy,7469.910727467258
Sucre,Bolivia,6496.542693975264
Ramnicu Valcea,Romania,9234.390717944654
Gaya,India,14342.401839179347
Gold Coast,Australia,15834.972195568549
Cape Town,South Africa,10659.916851915903
Xi'an,China,11188.01849918378
Blackpool,United Kingdom,6643.823833616225
Bangkok,Thailand,13802.338342913523
Bene Beraq,Israel,7407.256539695792
Baku,Azerbaijan,10768.12468982986
Yakarta,Indonesia,14053.954468674328
Tlalnepantla,Mexico,2188.833501016554
Manchester,United Kingdom,6686.109573629979
Matehuala,Mexico,2601.926719058069
Sofia,Bulgaria,8630.624709439648
Gyula,Hungary,8377.165517736736
Covington,United States,691.6004871378286
Pinheiro,Brazil,8513.259717076631
Aschaffenburg,Germany,6719.833039171419
Thika,Kenya,11826.925458209318
Meknes,Morocco,6236.248715331678
Nizhyn,Ukraine,10111.788768955195
Floridablanca,Colombia,4340.834935506636
New York City,United States,1018.1634396155481
Managua,Nicaragua,2613.910546623457
Abidjan,Marfil Coast,7407.256539695792
Manila,Filipinas,12333.899406640197
Los Angeles,United States,2613.5683838654536
Berlin,Germany,7728.0014227262645
Buyukcekmece,Turkey,9691.819450943773
Braga,Portugal,6715.076559595048
Hermosillo,Mexico,4678.113440555497
Calamba,Filipinas,11888.364268240122
Montesson,France,8964.751395282105
Cuscatancingo,El Salvador,3678.6585951004736
Santa Ana,El Salvador,1988.1004181323974
Salem,United States,6012.875142789237
Nicolas Romero,Mexico,3473.9918442784583
Algiers,Argelia,7502.1518814434685
Aba,Nigeria,8122.772633661157
Jeddah,Saudi Arabia,13355.753726015537
Faridabad,India,13541.218954669652
Lahore,Pakistan,12726.10127353592
Marseille,France,9452.107370829639
Kaspiysk,Russia,11736.340692157497
Buenos Aires,Argentina,5908.310829727343
Villa Nueva,Guatemala,3812.0201580577414
Aschaffenburg,Germany,6247.513390492969
Calgary,Canada,5542.370402248643
Neuilly-sur-Seine,France,6741.992867304734
Probolinggo,Indonesia,18845.176668449727
Manila,Filipinas,12328.993752758597
Riyadh,Saudi Arabia,13017.215882548542
Basel,Switzerland,7333.777249936093
Tuxtla Gutierrez,Mexico,4344.595252658073
Ravenna,Italy,7706.618170824245
Izmir,Turkey,9129.269217101297
Cidade Ocidental,Brazil,7850.784033018
Laguna Niguel,United States,5355.113871147288
Rouen,France,6866.7231920032555
Valenzuela,Filipinas,12776.758001624072
Utrecht,Netherlands,7170.582664037326
Pasco,United States,1984.8873441528226
Shenyang,China,13280.2432876084
Langenfeld,Germany,6262.933139880261
Hamburgo,Germany,7497.36043989221
Dublin,Ireland,6420.260538315118
Olathe,United States,988.5054916668378
Beni Suef,Egypt,9725.991417759373
Chinandega,Nicaragua,3658.8331143460246
Tegucigalpa,Honduras,1624.1067043952387
Montereau-Fault-Yonne,France,7689.062008330449
Lima,Peru,7271.427837133926
Pune,India,13678.218552141308
Santo Domingo,Dominican Republic,378.3371526998606
Brisbane,Australia,14319.540851290018
Izmir,Turkey,9067.459705424384
Khomeynishahr,Iran,10292.231756214105
Los Angeles,United States,2971.4354850645495
Charleroi,Belgium,8767.998739918676
Kozan,Turkey,8919.927232528506
Arnsberg,Germany,6277.169085316697
Brest,France,6263.1507381190295
Jaipur,India,13563.005921599708
Charlotte,United States,2361.627059890371
Adelaide,Australia,16935.697674914965
Melbourne,Australia,13240.149932871429
Hamburgo,Germany,7500.444233976108
Orlando,United States,689.9219629787867
Choluteca,Honduras,2521.4621514679116
Potsdam,Germany,7709.418479679399
Wollongong,Australia,15575.513960710927
Belleville,United States,238.87222415042336
Homestead,United States,1860.9316913920948
Memphis,United States,1993.5137286429836
Hamm,Germany,7248.5331023483095
Garforth,United Kingdom,8485.893919544265
Cerignola,Italy,10440.60339258136
Monterrey,Mexico,3591.74803857053
Cucuta,Colombia,1308.0514996942409
Allen,United States,2922.4636397850913
Elda,Spain,6197.495244593503
Los Angeles,United States,5413.169963113432
Los Angeles,United States,5412.487205103207
Tasikmalaya,Indonesia,18648.492410003706
Ajmer,India,12524.923381841325
Reynosa,Mexico,1710.9973210079888
Gold Coast,Australia,14209.401606973055
Boulogne-Billancourt,France,8295.835612114075
Manila,Filipinas,14921.193682477591
Cayenne,French Guiana,4820.263717427078
Artemisa,Cuba,1797.1321219821762
Tempe,United States,4821.913733828877
Rangoon,Myanmar (Burma),13558.91368500817
Sydney,Australia,15917.691296158544
San Jose del Monte,Filipinas,11338.694792974236
Brisbane,Australia,14626.564199353199
Leon,Nicaragua,3187.437104830311
Hanoi,Vietnam,15576.589418827003
Milan,Italy,9744.558916707572
Tegucigalpa,Honduras,2843.5303697624713
Los Angeles,United States,169.16471715455077
Stuttgart,Germany,7535.576672417753
Manila,Filipinas,8434.428175274972
Seremban,Malasia,17362.1505836317
Melbourne,Australia,14163.136599166815
Valladolid,Spain,6338.573642195768
New York City,United States,2591.6687906315915
Lviv,Ukraine,7217.4214786950515
Sterlitamak,Russia,10270.376234446625
Garches,France,6941.579982691875
Fort Lauderdale,United States,4063.2910540381313
Varna,Bulgaria,8676.106966702027
San Francisco,United States,3980.1710374441072
Aracatuba,Brazil,4701.384884904387
Casablanca,Morocco,8833.674709263734
Seville,Spain,6204.742999569389
Dongguan,China,12965.485202203783
Zapopan,Mexico,3365.3656982392577
North Las Vegas,United States,365.0508356994089
Duisburg,Germany,5933.15992811949
Arapiraca,Brazil,7649.331304379641
Heilbronn,Germany,8365.70138635904
Kermanshah,Iran,12245.549226211273
Wilson,United States,3442.8606404930815
Philadelphia,United States,3867.9321146054463
Akron,United States,2918.1580675354157
Athens,United States,2428.678190483603
Vantaa,Finland,8322.981181646848
Seattle,United States,3794.533899660975
Saint-Michel-sur-Orge,France,8964.089245537425
Frontera,Mexico,2774.085758477067
Izmir,Turkey,9063.529665595852
Ho Chi Minh City,Vietnam,13201.512910071366
Buenos Aires,Argentina,5911.402599196611
Antakya,Turkey,10268.656686341998
Utrecht,Netherlands,7170.3836830449845
Maracaibo,Venezuela,5821.214946470267
Perth,Australia,18134.033903171
Grigny,France,6221.230330394734
Armidale,Australia,15681.89730157843
San Diego,United States,5299.975792763724
Cox's Bazar,Bangladesh,15056.05433478083
Nice,France,7329.991672012766
Seattle,United States,5994.566244394135
Balneario Camboriu,Brazil,5360.524991511879
Firminy,France,7084.29778147086
Fort Lauderdale,United States,1398.4232736873007
Escuintla,Guatemala,3836.8606239448104
Bogota,Colombia,1740.588669481797
Tournefeuille,France,6462.641868101974
New York City,United States,3901.268045076006
Yancheng,China,10878.85812265982
Itapecuru Mirim,Brazil,3402.8078123664136
Alexandria,Egypt,9553.659150176829
Perpignan,France,6575.323599763501
Eskisehir,Turkey,9299.364291595377
Frontera,Mexico,3600.629040809454
New York City,United States,2597.8877227444764
Santiago de Cuba,Cuba,1013.5916103082208
Chelyabinsk,Russia,10491.088987417264
Jaboticabal,Brazil,7390.425962624146
Tegucigalpa,Honduras,3841.85406738164
Leon,Nicaragua,2305.539570323514
Lusaka,Zambia,13277.463103362888
Grodno,Belarus,8404.454728761879
Clichy-sous-Bois,France,6469.868111619122
Panama City,Panama,1752.561653355003
Puebla,Mexico,2854.522581709825
Khulna,Bangladesh,14738.50406023498
Naperville,United States,1546.5965624859323
Liverpool,United Kingdom,7805.240189220804
Manila,Filipinas,13083.229839633768
Araguaina,Brazil,3446.1493371254587
Melbourne,Australia,15676.420745257867
Guangzhou,China,15420.616777008008
Khulna,Bangladesh,13317.05092392516
Herat,Afghanistan,11997.176000363472
Busan,South Korea,11474.297188541763
Leeds,United Kingdom,6737.784815780991
Bangkok,Thailand,16182.881856079657
Khouribga,Morocco,6109.414087325371
Libreville,Gabon,8503.683350726784
Ghent,Belgium,8690.86659590963
Berlin,Germany,7732.914533373909
Cagua,Venezuela,895.7407513336025
Salem,United States,3231.6722152209613
Zielona Gora,Poland,6939.244329945367
Rosarito,Mexico,3456.414985204041
Tegucigalpa,Honduras,3806.73437072445
Datong,China,13542.659170116945
Hanoi,Vietnam,13204.02952903954
Krefeld,Germany,7668.446717018988
San Juan de la Maguana,Dominican Republic,519.8979047055234
Manila,Filipinas,13715.45693922449
Great Falls,United States,1539.5895519910227
Tehuacan,Mexico,2912.347952055128
Boghni,Argelia,7091.554777947454
Hayange,France,7799.343439964945
Bath,United Kingdom,7128.7438408091
Oxford,United Kingdom,7365.038945871366
Kryvyy Rih,Ukraine,10601.958012227116
Buenos Aires,Argentina,5906.680755905889
Tlalpan,Mexico,1551.8038352507135
Houston,United States,1841.4550125969452
Viena,Austria,6849.081836997084
Chelles,France,5903.881169496184
Casablanca,Morocco,6042.440998586599
Pulheim,Germany,7833.398744167677
Rochester,United States,2952.984420709014
Casablanca,Morocco,6014.785362487167
Kukatpalli,India,14079.932028769601
Sylhet,Bangladesh,12501.542586260799
New York City,United States,2599.0442159909403
Solapur,India,14227.303146864342
Ixtapaluca,Mexico,2221.8286095734225
Lafayette,United States,852.9105414657773
La Plata,Argentina,9364.504656239254
Angeles City,Filipinas,16101.203397394787
Punta Arenas,Chile,10649.846482721505
Seremban,Malasia,17364.445015311703
Tegucigalpa,Honduras,4264.433002261196
Gennevilliers,France,7478.516122510124
El Prat de Llobregat,Spain,9672.675588100106
Cork,Ireland,5959.19810974528
Leon,Nicaragua,2306.1506869218388
Bajos de Haina,Dominican Republic,5412.91161645395
Fatehpur,India,13992.520221466913
Amritsar,India,11827.043537278203
Avellino,Italy,8106.902793751763
Philadelphia,United States,2552.5019088624813
Mantes-la-Jolie,France,5267.400503983127
Santiago de Cuba,Cuba,2298.5060647129467
Kaduna,Nigeria,7958.396672884494
Rome,Italy,7443.2814964836525
Beaune,France,7130.586618586678
Tete,Mozambique,11486.78927183205
Turin,Italy,6734.635181462097
Bayamo,Cuba,2194.8195473268756
New York City,United States,2599.321108027256
San Miguelito,Panama,1745.3734727624244
Lunel,France,9590.674188284798
San Diego,United States,5296.71208629385
Le Blanc-Mesnil,France,6962.4676675139635
Viena,Austria,9585.673433502177
Niagara Falls,United States,3373.7040148143847
Trento,Italy,8538.311908363812
Taranto,Italy,8169.797371258991
Gaziantep,Turkey,9515.609182750823
Rome,Italy,7767.592655951482
Lawrence,United States,3637.953725368821
Miramas,France,7701.554019784678
East Orange,United States,3713.3694177397483
Marina di Carrara,Italy,7038.550092196155
New York City,United States,2595.3552597133807
Hanover,Germany,8492.978745575829
Bangkok,Thailand,13868.069364565561
Valles,Mexico,2676.314879298793
Forster,Australia,15851.985846354011
Malambo,Colombia,3591.6550869669827
Prato,Italy,7539.679965540852
Pamplona,Spain,7096.67927195091
Dakar,Senegal,9521.430099671443
La Paz,Bolivia,5768.4080325241885
Iasi,Romania,8606.519805011747
Greenwood,United States,746.0993496194351
Pasadena,United States,3692.221019882217
La Spezia,Italy,6628.483646433328
Perth,Australia,18715.609147506908
Delgado,El Salvador,2525.039024460303
Bangalore,India,13348.87457260185
Molfetta,Italy,8118.353978362041
Melbourne,Australia,16659.220831513194
Astrakhan,Russia,10307.467037370949
Cape Town,South Africa,14711.33810075352
Colima,Mexico,2508.6682713460045
Lahore,Pakistan,11610.693288060305
Dumai,Indonesia,17435.971329777785
Nelson,New Zealand,14458.12186997605
Portland,United States,873.35885196599
Hagen,Germany,8228.80263466673
San Pedro Sula,Honduras,2517.087146419622
Gold Coast,Australia,11592.72099093899
Durango,Mexico,4044.0969131644065
Antwerp,Belgium,7110.749331505061
Vlore,Albania,8971.765033230622
Mesa,United States,1332.8053110586006
Abidjan,Marfil Coast,7407.256539695792
Murcia,Spain,6670.985399405272
Tegucigalpa,Honduras,2469.951037545695
Bangkok,Thailand,16183.280993420629
Bhilai,India,13541.081228529243
Nicolas Romero,Mexico,2467.1150395832096
Alexandria,Egypt,9127.466326902728
Los Angeles,United States,5409.861559315631
Kisangani,Democratic Republic of the Congo,14558.529999602939
Sivas,Turkey,9325.408330668013
Wagga Wagga,Australia,13701.884208632035
Vassouras,Brazil,5132.3163881072305
Apucarana,Brazil,8003.731777350748
Santiago de Cuba,Cuba,2429.183643836182
Plano,United States,630.5315955701043
Barcelona,Spain,9610.85235040547
Sao Luis,Brazil,5696.406642587175
Viena,Austria,6772.717239612578
Caucaia,Brazil,6245.465243006389
Douai,France,9100.52339846281
Kisumu,Kenya,11196.21046285188
Irapuato,Mexico,2495.3064152701013
Chenzhou,China,12609.921062242976
Troy,United States,2798.621789754302
Santo Domingo,Dominican Republic,5693.8934982944065
Agra,India,13686.170353993155
Santiago de Chile,Chile,8024.882892089534
Belfort,France,8764.58776604009
Yucaipa,United States,118.36694388750003
Canberra,Australia,16054.948630062285
Dijon,France,6871.386168640943
Cairns,Australia,16623.282705270616
Metepec,Mexico,2492.759435984481
Kaiyuan,China,12283.958443362202
Newcastle upon Tyne,United Kingdom,5630.586380066708
Fort Lauderdale,United States,1811.9680018168237
London,United Kingdom,6797.2804837929425
Mixco,Guatemala,3132.913411407649
Mexico City,Mexico,1252.7322574683037
Duisburg,Germany,10908.514368600774
Kaunas,Lithuania,6935.9666556318425
Columbus,United States,274.5818877118605
Barcelona,Spain,7341.815997597651
Hanover,Germany,6179.504608311615
Philadelphia,United States,464.60377342328434
Sancti Spiritus,Cuba,1887.1324450277564
Santo Domingo,Dominican Republic,5314.115280819486
Medan,Indonesia,14432.637742124623
Salt Lake City,United States,4991.687235341961
Adelaide,Australia,16425.137392557426
Bilaspur,India,14383.774513695504
Amritsar,India,13113.31176180055
Bangkok,Thailand,13823.902191140125
Dublin,Ireland,5120.589040296093
Cairo,Egypt,9698.280170593438
Mantes-la-Jolie,France,8470.546549297092
Los Angeles,United States,2528.3746121700965
Guarapuava,Brazil,7778.997652369696
Portoviejo,Ecuador,2631.857377272274
Echuca,Australia,16382.41778447835
Menemen,Turkey,9056.212786431139
Sao Paulo,Brazil,8096.8800797608465
Waynesboro,United States,1918.8478567463749
Krefeld,Germany,6159.098752880357
Tegucigalpa,Honduras,2852.238391529524
Acu,Brazil,2470.9524740104716
Bremen,Germany,7417.786711242256
Frontera,Mexico,2774.1083900176677
El Paso,United States,4287.452668251082
Galway,Ireland,6242.61970938108
Valencia,Venezuela,3142.5021953118107
Agra,India,12215.533316930007
Mexico City,Mexico,2816.2566676693696
Izmir,Turkey,9063.43753232527
Morelia,Mexico,2854.5245965253894
Accra,Ghana,8985.97091659528
Nuevo Laredo,Mexico,2222.6698496289778
Paris,France,9131.84167802302
San Pedro Sula,Honduras,2325.5488454152705
Carcassonne,France,8620.537930762355
San Francisco,United States,5823.348527341916
San Miguelito,Panama,1741.9764573761024
Dos Hermanas,Spain,9419.759890101288
Kuantan,Malasia,14075.1135063015
Bremen,Germany,6717.455971191536
Panama City,Panama,4210.561230960838
San Pedro de Macoris,Dominican Republic,2488.6824532383575
Puebla,Mexico,3334.9980615051672
Houston,United States,3200.3464909483864
Gaziantep,Turkey,10869.521023978537
Nizhyn,Ukraine,10191.80822845201
Macapa,Brazil,2620.207764249347
San Francisco de Macoris,Dominican Republic,2494.1304973994816
Santo Domingo,Dominican Republic,378.18996588349586
Royal Oak,United States,271.3954246184388
Santo Domingo,Dominican Republic,378.5353090284763
Khouribga,Morocco,6113.124785516459
Helsinki,Finland,9047.14020149225
Castres,France,8123.2911179192515
Barquisimeto,Venezuela,3958.8188879673344
Acu,Brazil,5609.1327255013675
Winterthur,Switzerland,7420.7618889508
Brest,France,6445.7637011041425
New York City,United States,2590.79668070401
Austin,United States,2186.330939035765
Daca,Bangladesh,12827.260352815014
Venice,Italy,7717.37694343835
Seattle,United States,1663.2271478813357
Mumbai,India,12859.046094690888
San Luis Potosi,Mexico,2501.393006348616
Tehran,Iran,10090.062664889898
Shenzhen,China,15493.64437329541
Jerez de la Frontera,Spain,6182.885587106441
Paris,France,6945.159123532847
Liaocheng,China,13947.415332519942
Augsburg,Germany,8647.000355913284
Mixco,Guatemala,2156.828383381508
Yaroslavl,Russia,9621.239389255235
San Juan de la Maguana,Dominican Republic,519.0382063009404
Stoke-on-Trent,United Kingdom,6734.70932714396
Guantanamo,Cuba,3933.7111246409863
Genk,Belgium,7727.820925919999
Fayum,Egypt,9227.554896606007
Limoeiro do Norte,Brazil,4043.224566717427
Managua,Nicaragua,2240.9713962928263
Sao Paulo,Brazil,5097.006932118703
San Francisco,United States,704.78749029357
Ciego de Avila,Cuba,4048.9956127808437
Ahvaz,Iran,10999.238196335407
Cairo,Egypt,12216.3583227376
Tlaquepaque,Mexico,3913.0580353919786
Xiangtan,China,14919.94033624941
Brisbane,Australia,15911.856623813823
Garoua,Cameroon,10238.585098859632
Zapopan,Mexico,3368.0036319582446
Bogota,Colombia,5139.368599892947
Denver,United States,4403.086908030964
Esteli,Nicaragua,2215.4626890689083
Madrid,Spain,9525.2219456324
Mesa,United States,1060.7839673930239
Ingolstadt,Germany,7619.286204378395
Uvinza,Tanzania,10906.38554955574
Valle de La Pascua,Venezuela,2837.305492182173
Tegucigalpa,Honduras,3820.9923570076803
Las Tunas,Cuba,4236.698927379534
Bene Beraq,Israel,7407.256539695792
Chartres,France,6884.351126347092
Cordoba,Mexico,1901.158749705412
Xintai,China,13990.640029433574
Santo Domingo,Dominican Republic,5033.567497855305
Bendigo,Australia,12766.821441515463
Philadelphia,United States,2550.535143153494
Cedar Rapids,United States,3561.9992943499387
Freeport,United States,640.0784400874139
Merida,Mexico,1936.9815412435855
Busto Arsizio,Italy,8617.830150484697
Viena,Austria,7984.073657233848
Costa Mesa,United States,3120.390962221527
Apodaca,Mexico,3612.615903072558
Puebla,Mexico,2787.315631805454
Mixco,Guatemala,2793.702520106811
Surabaya,Indonesia,18782.179039071314
Dreux,France,6209.671269844403
Outreau,France,7757.232690264719
Zhumadian,China,14328.496316306979
Ulaanbaatar,Mongolia,10073.359753546867
Maracaibo,Venezuela,3637.4893663032494
Resita,Romania,10358.707283100453
Canberra,Australia,16052.580861983657
Yakarta,Indonesia,18489.151885589843
Sancti Spiritus,Cuba,3967.269733550437
Tegucigalpa,Honduras,4281.249431254023
Viena,Austria,7853.273824146781
Sao Paulo,Brazil,5098.034913629363
Tlalnepantla,Mexico,3381.5298042094983
Kuito,Angola,9717.975886728154
Recife,Brazil,4518.60233836674
Bogota,Colombia,4000.485474238752
Catania,Italy,8592.2769746985
Petapa,Guatemala,3049.854976036923
Neu-Ulm,Germany,9296.265242763911
Santa Ana,El Salvador,3112.5448825348185
Tuzla,Bosnia and Herzegovina,9978.946667342752
San Salvador,El Salvador,2527.362932926082
Taipei,Taiwan,15136.775771494156
Nom Pen,Camboya,16574.91190179058
Sao Paulo,Brazil,9892.729776488024
El Limon,Venezuela,887.6530192688057
Brighton,United Kingdom,8806.993657586469
Nelson,New Zealand,13851.633201060946
Portsmouth,United Kingdom,6722.310627521387
Amasya,Turkey,9685.892364530313
Naples,Italy,7531.336819950816
Tegucigalpa,Honduras,3844.76519730707
Tyler,United States,3319.1053192818117
San Francisco,United States,5824.118255191125
Katoomba,Australia,14937.096563668405
Bialystok,Poland,8381.974301653885
Horlivka,Ukraine,8812.746590674034
Rybinsk,Russia,9582.671278344533
Manzini,Swaziland,13119.113762778643
Barra do Pirai,Brazil,10025.699600506794
Reggio nell'Emilia,Italy,7584.633026533049
Rosarito,Mexico,5315.561257344712
Poltava,Ukraine,9180.27091972293
Kiel,Germany,6134.071272721625
Luanda,Angola,10624.934626182634
Trier,Germany,7262.279971290168
Ibadan,Nigeria,8763.5873401439
Lome,Togo,11399.139470090342
Ilopango,El Salvador,2478.040106615541
Mainz,Germany,6608.169996712485
Champigny-sur-Marne,France,5882.544601441381
Pereira,Colombia,1807.2007075133893
Tipitapa,Nicaragua,2206.2571199844374
Zihuatanejo,Mexico,3721.7278770818257
Yakarta,Indonesia,18484.78184347407
Toulon,France,7196.615751273604
Villa Canales,Guatemala,2745.562561755076
Nicolas Romero,Mexico,3014.805655048974
Kinshasa,Democratic Republic of the Congo,11478.224459503772
Brive-la-Gaillarde,France,8834.519128074671
Bar-le-Duc,France,9261.52538992989
Caracas,Venezuela,5753.987726744203
Vassouras,Brazil,8438.171494711318
Carcassonne,France,7752.934694154341
Nigde,Turkey,9707.15671326855
Perth,Australia,18479.160707706837
Bochum,Germany,7307.191860951152
Dortmund,Germany,6429.695551585228
San Salvador,El Salvador,3126.76479394275
Korba,India,14385.229266220153
Anshan,China,13393.704770121967
Jalalabad,Afghanistan,10901.62707765286
Puebla,Mexico,1498.5516369711017
Yaounde,Cameroon,8604.00561004213
Portici,Italy,7910.695684981555
Villa Nueva,Guatemala,1466.9906876350333
Bacoor,Filipinas,16048.877562656233
Lagos,Nigeria,7658.717435850891
San Salvador,El Salvador,3028.589929762955
Chongqing,China,12644.320743028928
Las Tunas,Cuba,1139.2584264251739
Dearborn Heights,United States,3111.1259238296952
Carrara,Italy,9033.85761148576
Portoviejo,Ecuador,2631.006928528778
Mutare,Zimbabwe,15493.634258893173
Pembroke Pines,United States,1559.858822672483
Monroe,United States,2663.0754876434785
Akron,United States,2915.2602150838225
Houston,United States,2205.3302930140776
Yakarta,Indonesia,17822.406696671682
London,United Kingdom,6380.744389842391
Walsall,United Kingdom,6905.7215235465865
Houilles,France,6158.595436391302
Augsburg,Germany,7579.5642978424685
Duque de Caxias,Brazil,5190.232962699639
San Pedro Sula,Honduras,2326.210603683663
Wagga Wagga,Australia,16216.057315641827
Zapopan,Mexico,3235.171086132433
Abidjan,Marfil Coast,7407.256539695792
Petapa,Guatemala,2615.290382565388
Surakarta,Indonesia,15908.70457363678
Guzman,Mexico,3728.311588243203
Seattle,United States,3558.9525498877583
Toulouse,France,6859.27874356886
Bakersfield,United States,5495.414634791421
Vigo,Spain,6276.088779235719
Portici,Italy,10092.949671945224
Gdansk,Poland,7570.193798830469
Sandy Springs,United States,954.3058423886757
Lianyuan,China,12886.53936471183
Chicago,United States,784.1494645243575
Edmonton,Canada,5620.620276861346
Viena,Austria,7963.516838690723
Rugby,United Kingdom,8530.59065081786
Alphen aan den Rijn,Netherlands,7137.569291566369
Dijon,France,7144.201397451523
Manizales,Colombia,1774.237774751376
Santa Catarina,Mexico,2740.193303716814
Burlington,United States,2975.455965275408
Yaounde,Cameroon,8603.996686124467
Bangkok,Thailand,13986.195405344542
Northwich,United Kingdom,6670.2391094483
Sibiu,Romania,8619.973425655455
Mashhad,Iran,11703.799627732555
Garforth,United Kingdom,6753.681804434296
Crato,Brazil,9509.10238233896
Auckland,New Zealand,13788.108232177836
Shagamu,Nigeria,10704.555639013584
New York City,United States,2139.087253317116
Riyadh,Saudi Arabia,13268.73244645429
Adelaide,Australia,16099.71419193047
Canberra,Australia,16053.425962430545
Uvinza,Tanzania,10905.950582402329
Oyonnax,France,7193.641568209594
Mackay,Australia,16297.95966013833
San Justo,Argentina,8507.16234593027
Bury,United Kingdom,8984.217492212143
Riyadh,Saudi Arabia,11295.227964150781
Highland Park,United States,3338.99230631772
Rome,Italy,7768.9655082199615
Angeles City,Filipinas,12754.422714958404
Pirapora,Brazil,9045.037360291724
Wellington,New Zealand,13731.323379958589
New York City,United States,3916.336127096515
Paris,France,6946.978509962611
Reims,France,9127.311869724437
Grosseto,Italy,9811.654285197274
Managua,Nicaragua,2588.520767179468
Taizz,Yemen,12153.522717551574
Berlin,Germany,6590.386507572845
Cotonou,Benin,7556.447091547775
Marseille,France,7287.15676656918
Alphen aan den Rijn,Netherlands,7137.862582228927
Estocolmo,Sweden,6240.462248554867
Livry-Gargan,France,9093.434646679
New York City,United States,2595.233628045708
Panama City,Panama,1752.0284701106514
Alexandria,Egypt,9747.27685494795
Juarez,Mexico,1654.693317973428
Carrefour,Haiti,4795.244610161966
Haikou,China,12158.91007912825
Yantai,China,11259.824192533173
Denver,United States,2003.1456470649136
Jeddah,Saudi Arabia,10535.595558893547
Quixada,Brazil,6970.728353139927
Los Angeles,United States,608.8484996288237
Changsha,China,11941.425190446582
Istanbul,Turkey,10629.166482301192
Vancouver,United States,5975.827069280772
Los Angeles,United States,5439.683253900426
Canberra,Australia,12492.789286851215
Lubango,Angola,12844.09051174587
Lisbon,Portugal,5433.167563594475
Santo Domingo,Dominican Republic,2273.3797179226685
Los Angeles,United States,5413.623597671289
San Miguelito,Panama,1744.384239768037
Guyancourt,France,6055.328163252565
Antwerp,Belgium,6346.8729595108325
Adelaide,Australia,14796.671984945118
Datong,China,10042.269457516075
Sucre,Bolivia,4124.991462840278
Elx,Spain,9610.636066966259
Adelaide,Australia,16694.631366940168
Arraijan,Panama,1768.3848487962662
Liaoyang,China,13338.826094973045
Rheine,Germany,7328.568977653517
New Delhi,India,12903.95669386447
Johnson City,United States,2560.0890226256347
Pila,Poland,7831.04956811757
Helsinki,Finland,7690.810172291128
Columbus,United States,2893.5469824039474
Santo Domingo,Dominican Republic,5059.009296784966
Roswell,United States,4148.166431924386
Bucaramanga,Colombia,5497.929202477324
Feira de Santana,Brazil,4520.769369466687
Aracaju,Brazil,7346.724403716391
Choluteca,Honduras,4089.0485403535185
Registro,Brazil,5137.760948159397
Viena,Austria,7986.942321867669
Wattrelos,France,7022.549966364005
Manukau City,New Zealand,13541.471538055386
Hubli,India,14401.505369129685
Lille,France,7704.6030965326845
Madrid,Spain,6415.713190962716
Pompano Beach,United States,3661.568500399135
Chicago,United States,2800.354850203213
Bendigo,Australia,12785.013520310182
Dublin,Ireland,6045.750622092489
Reynosa,Mexico,1118.5146097119984
Bilbao,Spain,5886.19669615838
Cagliari,Italy,7516.48947741255
Jackson,United States,3020.4273554445886
Da Nang,Vietnam,13905.943932632345
Palmares,Brazil,7405.945974759507
Seattle,United States,2937.3150863582746
Saltillo,Mexico,3655.9702126121074
Kenosha,United States,3392.324626987569
Springfield,United States,796.021830173893
Parker,United States,3540.144926736624
Beijing,China,13528.472611565794
Pulheim,Germany,9091.889909163718
Ilheus,Brazil,9415.282690072538
Istanbul,Turkey,9109.151746737962
Louisville,United States,2914.573230719165
Queretaro,Mexico,2339.0976158483995
Cuscatancingo,El Salvador,3033.9159602364825
Mexico City,Mexico,3452.653989399587
Ludwigsburg,Germany,9430.382655203002
Santo Domingo,Dominican Republic,2509.0243376607195
Knoxville,United States,3127.2167294051965
Tegucigalpa,Honduras,2273.11277248742
Geraldton,Australia,18834.616956094713
Viena,Austria,7949.633587658277
Puerto Padre,Cuba,1122.4389113817717
Gold Coast,Australia,15833.127039203813
Manila,Filipinas,12250.768893770713
Soledad Diez Gutierrez,Mexico,3631.2465909854623
Bogota,Colombia,5044.9948673750405
Santo Domingo,Dominican Republic,378.032818972206
Moulins,France,7014.969093869379
Granada,Spain,6418.713213153001
New York City,United States,1785.7399240517477
Paris,France,7748.122440035936
Cedar Rapids,United States,772.0531365249234
Istanbul,Turkey,8698.366079514153
Chinautla,Guatemala,2601.0846873884416
Noisy-le-Sec,France,5964.541759598722
Kaspiysk,Russia,9362.099671225209
Springfield,United States,3275.2943715406277
Milan,Italy,6782.238443653447
Bangkok,Thailand,13312.573004424303
Toluca,Mexico,1745.4161173574735
Irapuato,Mexico,2092.3492196872035
Tiflis,Georgia,9586.464179125012
Narbonne,France,6625.586139896211
Santa Ana,El Salvador,3076.0537486610638
Kinshasa,Democratic Republic of the Congo,9290.971827840667
Bursa,Turkey,9164.474094989593
Ivanovo,Russia,9732.304267443238
Sydney,Australia,12074.698498679436
Mosquera,Colombia,1745.119391714414
Los Angeles,United States,2099.83009665075
Regensburg,Germany,7287.906772514643
Annecy,France,7229.413091583256
Marseille,France,7176.819437200363
Kigali,Rwanda,14603.440323090777
Modica,Italy,8046.49921009429
Garbsen,Germany,6336.126392897957
Guarapari,Brazil,10206.325897425037
Springfield,United States,3269.54636233861
Cairo,Egypt,9717.559791371103
Atsugacho,Japan,12364.621304189019
Milan,Italy,9175.254355550027
Artemisa,Cuba,1950.809662350821
Fontaine,France,6754.229475114662
Behbahan,Iran,11482.33876882236
New York City,United States,2247.715571507983
Manila,Filipinas,16282.652619280236
San Salvador,El Salvador,3557.9135091335756
La Teste-de-Buch,France,6654.619763776486
Umuarama,Brazil,8823.80739106734
Choluteca,Honduras,2279.9153178660354
Los Angeles,United States,5414.096517783175
Matanzas,Cuba,2203.9125017005545
Bristol,United States,916.4213510429788
Lunel,France,6789.461377099633
Argenteuil,France,6941.234082658501
San Francisco,United States,2989.0089310753774
Cagnes-sur-Mer,France,7303.739139982385
Viena,Austria,7984.905434407832
Guadalajara,Mexico,2660.51299322958
Treviso,Italy,7702.868714825919
Frankfurt,Germany,8597.030823821457
Sumare,Brazil,10012.756677061587
Vassouras,Brazil,7885.528340166142
Seville,Spain,6174.763412963116
Almelo,Netherlands,6485.958062095378
Milan,Italy,7465.8465459976715
Chester,United States,3419.8367605735407
Warwick,United States,4015.9619486030383
Wollongong,Australia,16039.627386323868
Hermosillo,Mexico,960.6607797765516
Leipzig,Germany,8845.043808823097
Hoover,United States,1913.1436685403073
Genk,Belgium,7335.587350686557
New York City,United States,1455.2297212909532
Quetzaltenango,Guatemala,3756.0429408710343
Darbhanga,India,13034.70106995287
Cormeilles-en-Parisis,France,5845.177865183212
Trento,Italy,7612.510991900381
Cairo,Egypt,12254.989214318168
Viena,Austria,9960.73439453062
Aberdeen,United Kingdom,6769.744546093989
Rybnik,Poland,8116.209790254018
Los Angeles,United States,2249.318820392891
Port Macquarie,Australia,15714.476229058797
Lafayette,United States,2479.8230551388515
Agra,India,13684.553820547424
Lorient,France,5392.28598135273
Managua,Nicaragua,2269.0296223775244
Helsinki,Finland,8896.441412724082
Ankara,Turkey,9447.154899341976
Umuarama,Brazil,4857.4098083546605
Jacksonville,United States,2041.4313494437188
Xuanhua,China,10957.606530795178
Buenos Aires,Argentina,5912.757197401844
Managua,Nicaragua,1983.7824987633594
Berlin,Germany,9309.414748779609
Depok,Indonesia,16626.84926288934
Quelimane,Mozambique,13032.597935535687
Saint-Pierre-des-Corps,France,6821.074638595656
Jacksonville,United States,3356.723894542324
Texarkana,United States,3229.791892783926
Santo Domingo,Dominican Republic,1636.6342103460518
Los Angeles,United States,2795.1794401179022
Chesterfield,United Kingdom,5999.433933905
Managua,Nicaragua,3384.316936310436
Charleroi,Belgium,9066.28780299695
San Pedro Sula,Honduras,2365.7629439257257
Cordoba,Mexico,3222.8070360812444
Surakarta,Indonesia,14288.282402900939
Bani,Dominican Republic,418.95117832798036
Surubim,Brazil,6342.879219949356
Santa Ana,El Salvador,3304.534234449366
Kerpen,Germany,7271.855625887378
Paris,France,6770.757925760184
Santo Domingo,Dominican Republic,5049.6983643614185
Adelaide,Australia,17107.439937119085
Sydney,Australia,15242.02574880265
Thane,India,13550.162454264579
Lublin,Poland,8377.717819320173
Daca,Bangladesh,12761.823408632945
Atlanta,United States,1899.386971796716
Avondale,United States,670.7078464947987
Kalyan,India,13957.75373799393
Castelnau-le-Lez,France,9618.285384586094
Mexico City,Mexico,2134.5449675849636
Manila,Filipinas,13230.935210145633
Avellaneda,Argentina,8286.105876227924
Gulfport,United States,1762.6499489811476
Lome,Togo,10577.583209462997
Freiburg,Germany,7372.624709545602
El Tigre,Venezuela,3823.9372350719127
Presidencia Roque Saenz Pena,Argentina,8052.370076331434
Sao Paulo,Brazil,5110.999154006354
Yakarta,Indonesia,16137.323408261755
Escuintla,Guatemala,2672.328568424831
Zabrze,Poland,8126.4060127528655
Reggio nell'Emilia,Italy,6541.491968901109
Gothenburg,Sweden,6818.3419988302985
Porto Alegre,Brazil,8093.280942189831
Ghent,Belgium,8975.154134463317
Sydney,Australia,14668.42616998837
Khorramabad,Iran,11036.21782803817
Madrid,Spain,6415.761675115358
Huambo,Angola,9641.664874627144
Jerusalem,Israel,11844.15266984644
Benidorm,Spain,6361.376723852364
St. Gallen,Switzerland,7737.11835477389
Peshawar,Pakistan,12425.061671026948
Lagos,Nigeria,12413.08954199501
Soyapango,El Salvador,2488.064100162363
Resistencia,Argentina,7742.223408851592
Rabat,Morocco,9338.694516121126
Sheffield,United Kingdom,7025.808464214587
Auckland,New Zealand,10468.598634877448
Nicoya,Costa Rica,3935.934684918538
Kawasaki,Japan,9404.447035668438
Levallois-Perret,France,6950.30963390398
Apopa,El Salvador,2506.406712190296
Friedberg,Germany,6669.592785386823
Sao Paulo,Brazil,9955.436655435338
Jiangyou,China,14367.455956009402
Tegucigalpa,Honduras,2273.691699289161
Barreirinhas,Brazil,3475.914766385279
Chimaltenango,Guatemala,3329.210580997935
Guayaquil,Ecuador,3857.549238904508
Newark,United States,2602.817585905124
Kiel,Germany,7496.284691625958
Newcastle,South Africa,15640.2866037911
Newark,United States,1032.8563018841749
Verdun,France,6759.061742188973
Bangkok,Thailand,14444.78894165782
Wiesbaden,Germany,7355.698667839653
Santo Domingo,Dominican Republic,2988.27780229892
Darlington,United Kingdom,8517.97354630016
Makhachkala,Russia,10804.51178890923
Irapuato,Mexico,3674.9120821926367
Brampton,Canada,2538.0211073505106
Bendigo,Australia,16387.685635481925
Jeddah,Saudi Arabia,11985.674800137436
Amatitlan,Guatemala,3323.0018810022843
Houston,United States,999.5736381635771
Le Havre,France,6770.734576590499
Bielefeld,Germany,6086.555902626962
Suzhou,China,12058.733393545634
Berne,Switzerland,7330.663715881994
Panama City,Panama,1783.0985421999171
Mumbai,India,12418.339086660282
New York City,United States,16.569458257685096
Bijapur,India,13820.092056640318
Hargeysa,Somalia,11753.023519288034
Etawah,India,14227.35546553321
Toulouse,France,9703.72267619254
Clinton,United States,2774.455298789154
Los Angeles,United States,2773.998716927735
Gorakhpur,India,13369.220714499183
San Diego,United States,3926.9953868625203
Paris,France,6292.231609315885
Lowestoft,United Kingdom,6139.295412033904
Brasov,Romania,9979.569499725343
Lima,Peru,7217.209004696799
Lagos,Nigeria,7658.725070517291
Bangui,Central African Republic,10975.124427612938
Freiburg,Germany,8347.199188176446
New York City,United States,2154.5372512619597
Mexico City,Mexico,3452.7450868748074
Nuneaton,United Kingdom,6700.067536511163
Nigde,Turkey,11552.98295887959
Panama City,Panama,3653.045089859696
Highland Park,United States,2011.9833411620575
Chapeco,Brazil,5228.880512086367
Amman,Jordan,12171.960829802789
Matanzas,Cuba,1704.9863042884745
